kex,auth,kex_cpu_dur,kex_crypto_cpu_dur,kex_dur,auth_crypto_dur,auth_dur,hs_dur
secp256r1,sha256ecdsa-sha256ecdsa-sha256ecdsa,383860,381726,391867,128969,406199,816572
secp256r1,sha256ecdsa-sha256ecdsa-sha256ecdsa,383860,381732,390269,127398,404829,808835
secp256r1,sha256ecdsa-sha256ecdsa-sha256ecdsa,383558,381401,388012,127382,404618,822499
secp256r1,sha256ecdsa-sha256ecdsa-sha256ecdsa,383657,381552,387865,129267,406393,807956
secp256r1,sha256ecdsa-sha256ecdsa-sha256ecdsa,384219,381504,388899,130194,407499,811249
secp256r1,sha256ecdsa-sha256ecdsa-sha256ecdsa,383676,381540,389599,129352,406467,809886
secp256r1,sha256ecdsa-sha256ecdsa-sha256ecdsa,383605,381484,389452,130376,407532,812051
secp256r1,sha256ecdsa-sha256ecdsa-sha256ecdsa,383434,381329,400386,130218,407676,833653
secp256r1,sha256ecdsa-sha256ecdsa-sha256ecdsa,383740,381617,392103,128536,405688,814914
secp256r1,sha256ecdsa-sha256ecdsa-sha256ecdsa,383610,381487,394237,131813,409090,818271
secp256r1,sha256ecdsa-sha256ecdsa-sha256ecdsa,383412,381294,387140,129846,406897,807857
secp256r1,sha256ecdsa-sha256ecdsa-sha256ecdsa,383768,381605,393869,126815,403380,851631
secp256r1,sha256ecdsa-sha256ecdsa-sha256ecdsa,383528,381435,387632,129038,406372,808021
secp256r1,sha256ecdsa-sha256ecdsa-sha256ecdsa,383619,381495,389518,128913,406077,809367
secp256r1,sha256ecdsa-sha256ecdsa-sha256ecdsa,383687,381565,387661,127170,404369,806486
secp256r1,sha256ecdsa-sha256ecdsa-sha256ecdsa,383891,381762,395067,129680,406841,815953
secp256r1,sha256ecdsa-sha256ecdsa-sha256ecdsa,383570,381452,388510,128560,405923,808273
secp256r1,sha256ecdsa-sha256ecdsa-sha256ecdsa,383478,381360,387524,129425,406481,808344
secp256r1,sha256ecdsa-sha256ecdsa-sha256ecdsa,383652,381520,388282,129747,407117,810256
secp256r1,sha256ecdsa-sha256ecdsa-sha256ecdsa,383677,381476,387832,127501,404554,806575
secp256r1,sha256ecdsa-sha256ecdsa-sha256ecdsa,383601,381416,390318,128740,406016,811161
secp256r1,sha256ecdsa-sha256ecdsa-sha256ecdsa,383540,381329,389114,128067,405364,811893
secp256r1,sha256ecdsa-sha256ecdsa-sha256ecdsa,383599,381407,388694,128071,405259,807821
secp256r1,sha256ecdsa-sha256ecdsa-sha256ecdsa,383754,381562,387456,128916,406152,809072
secp256r1,sha256ecdsa-sha256ecdsa-sha256ecdsa,383661,381490,413579,129239,406302,834134
secp256r1,sha256ecdsa-sha256ecdsa-sha256ecdsa,383809,381596,392790,128407,405915,812591
secp256r1,sha256ecdsa-sha256ecdsa-sha256ecdsa,383785,381611,387869,128220,405584,807225
secp256r1,sha256ecdsa-sha256ecdsa-sha256ecdsa,383624,381459,393682,128362,405502,812599
secp256r1,sha256ecdsa-sha256ecdsa-sha256ecdsa,383557,381363,408913,128610,405897,828584
secp256r1,sha256ecdsa-sha256ecdsa-sha256ecdsa,383859,381669,387979,131310,408544,810263
secp256r1,sha256ecdsa-sha256ecdsa-sha256ecdsa,383755,381598,388679,127193,404505,820771
secp256r1,sha256ecdsa-sha256ecdsa-sha256ecdsa,383749,381548,388305,129120,406234,808987
secp256r1,sha256ecdsa-sha256ecdsa-sha256ecdsa,383676,381477,387433,130292,407499,808822
secp256r1,sha256ecdsa-sha256ecdsa-sha256ecdsa,383736,381558,388252,129559,406797,809018
secp256r1,sha256ecdsa-sha256ecdsa-sha256ecdsa,383777,381615,387549,129524,406916,808910
secp256r1,sha256ecdsa-sha256ecdsa-sha256ecdsa,383431,381224,392536,127963,405245,811520
secp256r1,sha256ecdsa-sha256ecdsa-sha256ecdsa,383680,381491,387415,127984,405295,807359
secp256r1,sha256ecdsa-sha256ecdsa-sha256ecdsa,383680,381569,387418,127953,405114,808805
secp256r1,sha256ecdsa-sha256ecdsa-sha256ecdsa,383802,381672,425519,129770,406052,986743
secp256r1,sha256ecdsa-sha256ecdsa-sha256ecdsa,383690,381522,400319,129493,406692,829643
secp256r1,sha256ecdsa-sha256ecdsa-sha256ecdsa,383618,381436,388115,129399,406368,823312
secp256r1,sha256ecdsa-sha256ecdsa-sha256ecdsa,383734,381555,456231,126959,403222,887392
secp256r1,sha256ecdsa-sha256ecdsa-sha256ecdsa,383636,381464,387614,127315,404484,806431
secp256r1,sha256ecdsa-sha256ecdsa-sha256ecdsa,383595,381426,390083,129356,406491,811819
secp256r1,sha256ecdsa-sha256ecdsa-sha256ecdsa,383719,381510,387772,128156,405348,806845
secp256r1,sha256ecdsa-sha256ecdsa-sha256ecdsa,383574,381404,388392,128518,405457,809545
secp256r1,sha256ecdsa-sha256ecdsa-sha256ecdsa,383655,381452,387487,127560,404598,806457
secp256r1,sha256ecdsa-sha256ecdsa-sha256ecdsa,383963,381782,391548,126400,403613,809641
secp256r1,sha256ecdsa-sha256ecdsa-sha256ecdsa,383814,381628,396930,128203,405425,816283
secp256r1,sha256ecdsa-sha256ecdsa-sha256ecdsa,384055,381854,388109,128421,405515,807717
secp256r1,sha256ecdsa-sha256ecdsa-sha256ecdsa,383723,381534,388405,129322,406377,817216
secp256r1,sha256ecdsa-sha256ecdsa-sha256ecdsa,383877,381707,388374,129209,406459,808973
secp256r1,sha256ecdsa-sha256ecdsa-sha256ecdsa,383629,381466,387699,126169,403155,810335
secp256r1,sha256ecdsa-sha256ecdsa-sha256ecdsa,383953,381712,387711,129427,406714,808506
secp256r1,sha256ecdsa-sha256ecdsa-sha256ecdsa,383546,381452,387633,127390,404556,805876
secp256r1,sha256ecdsa-sha256ecdsa-sha256ecdsa,383585,381471,387356,130401,407451,808274
secp256r1,sha256ecdsa-sha256ecdsa-sha256ecdsa,383645,381524,388828,128572,405985,811523
secp256r1,sha256ecdsa-sha256ecdsa-sha256ecdsa,383851,381728,391603,126939,404027,812189
secp256r1,sha256ecdsa-sha256ecdsa-sha256ecdsa,383424,381309,387292,128980,405512,834153
secp256r1,sha256ecdsa-sha256ecdsa-sha256ecdsa,383759,381645,387498,129304,405726,884480
secp256r1,sha256ecdsa-sha256ecdsa-sha256ecdsa,383759,381644,390771,128277,405404,821702
secp256r1,sha256ecdsa-sha256ecdsa-sha256ecdsa,383639,381484,389299,130788,407797,813369
secp256r1,sha256ecdsa-sha256ecdsa-sha256ecdsa,384339,381625,390633,129120,406370,814931
secp256r1,sha256ecdsa-sha256ecdsa-sha256ecdsa,383698,381558,392817,127818,405069,814232
secp256r1,sha256ecdsa-sha256ecdsa-sha256ecdsa,383801,381699,391575,129871,407246,815379
secp256r1,sha256ecdsa-sha256ecdsa-sha256ecdsa,383627,381487,388469,128796,406072,809958
secp256r1,sha256ecdsa-sha256ecdsa-sha256ecdsa,383695,381563,388519,125422,402915,806767
secp256r1,sha256ecdsa-sha256ecdsa-sha256ecdsa,383606,381510,393045,128123,405384,814102
secp256r1,sha256ecdsa-sha256ecdsa-sha256ecdsa,383519,381409,394162,128005,405219,814721
secp256r1,sha256ecdsa-sha256ecdsa-sha256ecdsa,383513,381365,387361,127202,404365,806195
secp256r1,sha256ecdsa-sha256ecdsa-sha256ecdsa,383611,381485,387352,130094,407435,808525
secp256r1,sha256ecdsa-sha256ecdsa-sha256ecdsa,383455,381325,387509,128098,405024,806567
secp256r1,sha256ecdsa-sha256ecdsa-sha256ecdsa,383670,381557,393684,128084,404821,812334
secp256r1,sha256ecdsa-sha256ecdsa-sha256ecdsa,383532,381404,387421,130004,407368,809363
secp256r1,sha256ecdsa-sha256ecdsa-sha256ecdsa,383962,381833,396550,125838,402793,814957
secp256r1,sha256ecdsa-sha256ecdsa-sha256ecdsa,383701,381552,387817,128722,405974,807160
secp256r1,sha256ecdsa-sha256ecdsa-sha256ecdsa,383728,381597,389329,127051,404467,807931
secp256r1,sha256ecdsa-sha256ecdsa-sha256ecdsa,383731,381607,390453,129626,407109,817403
secp256r1,sha256ecdsa-sha256ecdsa-sha256ecdsa,383933,381801,388825,127363,404360,807333
secp256r1,sha256ecdsa-sha256ecdsa-sha256ecdsa,383586,381433,387875,129715,406999,811977
secp256r1,sha256ecdsa-sha256ecdsa-sha256ecdsa,383825,381716,406865,128204,405462,826450
secp256r1,sha256ecdsa-sha256ecdsa-sha256ecdsa,383575,381452,387249,127792,405101,807007
secp256r1,sha256ecdsa-sha256ecdsa-sha256ecdsa,383890,381709,400233,129004,406187,820141
secp256r1,sha256ecdsa-sha256ecdsa-sha256ecdsa,383654,381476,387386,127919,405296,806395
secp256r1,sha256ecdsa-sha256ecdsa-sha256ecdsa,383744,381563,388639,128411,405621,810924
secp256r1,sha256ecdsa-sha256ecdsa-sha256ecdsa,383767,381592,388461,127552,404761,807726
secp256r1,sha256ecdsa-sha256ecdsa-sha256ecdsa,383691,381493,388615,128547,405748,807783
secp256r1,sha256ecdsa-sha256ecdsa-sha256ecdsa,383544,381364,390697,130059,407420,813616
secp256r1,sha256ecdsa-sha256ecdsa-sha256ecdsa,383644,381447,387763,130645,407607,809852
secp256r1,sha256ecdsa-sha256ecdsa-sha256ecdsa,383788,381595,387451,126898,404233,805785
secp256r1,sha256ecdsa-sha256ecdsa-sha256ecdsa,383707,381514,387431,129498,406737,807900
secp256r1,sha256ecdsa-sha256ecdsa-sha256ecdsa,383639,381465,389972,131312,408568,813029
secp256r1,sha256ecdsa-sha256ecdsa-sha256ecdsa,383676,381484,388366,127005,404356,807426
secp256r1,sha256ecdsa-sha256ecdsa-sha256ecdsa,383757,381540,387490,127832,404972,806559
secp256r1,sha256ecdsa-sha256ecdsa-sha256ecdsa,383453,381352,387026,128648,405987,806814
secp256r1,sha256ecdsa-sha256ecdsa-sha256ecdsa,383574,381462,396816,129532,406758,817728
secp256r1,sha256ecdsa-sha256ecdsa-sha256ecdsa,383524,381409,390538,129277,406583,822642
secp256r1,sha256ecdsa-sha256ecdsa-sha256ecdsa,383613,381499,387768,126872,403994,805686
secp256r1,sha256ecdsa-sha256ecdsa-sha256ecdsa,383536,381421,388552,130384,407454,814355
secp256r1,sha256ecdsa-sha256ecdsa-sha256ecdsa,383827,381728,388592,130252,407568,814330
mlkem512,mldsa44-mldsa44-mldsa44,19532,15834,22370,23261,116975,163365
mlkem512,mldsa44-mldsa44-mldsa44,19556,15862,26147,23218,116995,163904
mlkem512,mldsa44-mldsa44-mldsa44,19551,15854,22517,23230,117575,163919
mlkem512,mldsa44-mldsa44-mldsa44,19517,15826,39762,23250,117015,177419
mlkem512,mldsa44-mldsa44-mldsa44,19615,15901,22176,23230,117048,163308
mlkem512,mldsa44-mldsa44-mldsa44,19566,15858,22040,23227,117627,163489
mlkem512,mldsa44-mldsa44-mldsa44,19600,15900,22088,23275,117082,163226
mlkem512,mldsa44-mldsa44-mldsa44,19612,15893,39944,23236,116955,181042
mlkem512,mldsa44-mldsa44-mldsa44,19578,15868,22721,23260,117250,163910
mlkem512,mldsa44-mldsa44-mldsa44,19592,15874,27197,23213,117028,164134
mlkem512,mldsa44-mldsa44-mldsa44,19955,16224,24623,23257,117055,166119
mlkem512,mldsa44-mldsa44-mldsa44,19572,15873,26179,23258,117167,167961
mlkem512,mldsa44-mldsa44-mldsa44,19539,15841,23722,23204,117121,164861
mlkem512,mldsa44-mldsa44-mldsa44,19563,15859,22349,23221,116930,163355
mlkem512,mldsa44-mldsa44-mldsa44,19574,15855,22512,23226,116961,163422
mlkem512,mldsa44-mldsa44-mldsa44,19528,15838,27049,23227,116982,163936
mlkem512,mldsa44-mldsa44-mldsa44,19551,15843,21855,23264,117010,162924
mlkem512,mldsa44-mldsa44-mldsa44,19585,15886,21884,23247,116972,162852
mlkem512,mldsa44-mldsa44-mldsa44,19551,15850,32687,23228,117054,169654
mlkem512,mldsa44-mldsa44-mldsa44,19596,15876,24150,23240,117069,165442
mlkem512,mldsa44-mldsa44-mldsa44,19577,15889,22249,23240,117048,163334
mlkem512,mldsa44-mldsa44-mldsa44,19585,15889,23379,23268,117721,164959
mlkem512,mldsa44-mldsa44-mldsa44,19557,15861,26201,23281,117132,163165
mlkem512,mldsa44-mldsa44-mldsa44,20273,15863,22124,23258,116995,163124
mlkem512,mldsa44-mldsa44-mldsa44,19561,15868,21898,23249,117029,162984
mlkem512,mldsa44-mldsa44-mldsa44,19579,15878,22452,23259,117104,163591
mlkem512,mldsa44-mldsa44-mldsa44,19609,15899,21924,23235,116955,162901
mlkem512,mldsa44-mldsa44-mldsa44,19573,15861,24101,23245,116913,164966
mlkem512,mldsa44-mldsa44-mldsa44,19558,15871,23013,23259,117058,164085
mlkem512,mldsa44-mldsa44-mldsa44,19563,15872,28380,23226,116968,166011
mlkem512,mldsa44-mldsa44-mldsa44,19547,15872,24327,23244,117075,165470
mlkem512,mldsa44-mldsa44-mldsa44,19610,15893,22026,23257,117028,163228
mlkem512,mldsa44-mldsa44-mldsa44,19611,15916,22296,23219,116997,163319
mlkem512,mldsa44-mldsa44-mldsa44,19531,15841,21874,23256,117045,162918
mlkem512,mldsa44-mldsa44-mldsa44,19611,15877,27549,23297,117032,164542
mlkem512,mldsa44-mldsa44-mldsa44,19581,15863,34420,23235,117041,171388
mlkem512,mldsa44-mldsa44-mldsa44,19531,15840,21618,23248,117106,162653
mlkem512,mldsa44-mldsa44-mldsa44,19567,15871,22014,23266,117200,163396
mlkem512,mldsa44-mldsa44-mldsa44,19580,15891,25025,23234,116895,166023
mlkem512,mldsa44-mldsa44-mldsa44,19573,15877,26060,23239,117109,167241
mlkem512,mldsa44-mldsa44-mldsa44,19527,15825,23654,23264,116943,165178
mlkem512,mldsa44-mldsa44-mldsa44,19546,15854,25944,23248,116947,167287
mlkem512,mldsa44-mldsa44-mldsa44,19605,15894,27204,23240,117062,164891
mlkem512,mldsa44-mldsa44-mldsa44,19521,15823,25768,23226,117037,162717
mlkem512,mldsa44-mldsa44-mldsa44,19524,15813,26503,23241,117001,163414
mlkem512,mldsa44-mldsa44-mldsa44,19566,15865,27878,23244,117148,169508
mlkem512,mldsa44-mldsa44-mldsa44,19561,15859,21977,23253,117032,163139
mlkem512,mldsa44-mldsa44-mldsa44,19579,15870,23458,23265,117033,164475
mlkem512,mldsa44-mldsa44-mldsa44,19518,15834,27005,23251,116862,164442
mlkem512,mldsa44-mldsa44-mldsa44,19558,15837,22297,23237,116951,163277
mlkem512,mldsa44-mldsa44-mldsa44,19577,15866,64524,23253,117060,202221
mlkem512,mldsa44-mldsa44-mldsa44,19590,15869,26558,23259,117017,164160
mlkem512,mldsa44-mldsa44-mldsa44,19651,15857,28201,23255,116951,165104
mlkem512,mldsa44-mldsa44-mldsa44,19575,15900,24431,23270,117032,164562
mlkem512,mldsa44-mldsa44-mldsa44,19552,15856,25878,23232,116951,163470
mlkem512,mldsa44-mldsa44-mldsa44,19618,15887,22362,23248,116901,163345
mlkem512,mldsa44-mldsa44-mldsa44,19591,15880,40440,23269,117020,178014
mlkem512,mldsa44-mldsa44-mldsa44,19580,15900,21867,23235,116966,162923
mlkem512,mldsa44-mldsa44-mldsa44,19609,15883,21866,23182,116971,162832
mlkem512,mldsa44-mldsa44-mldsa44,19561,15861,25284,23257,117101,166379
mlkem512,mldsa44-mldsa44-mldsa44,19551,15863,27222,23266,117004,168256
mlkem512,mldsa44-mldsa44-mldsa44,19558,15860,26092,23268,117114,163154
mlkem512,mldsa44-mldsa44-mldsa44,19607,15905,24327,23260,117713,165828
mlkem512,mldsa44-mldsa44-mldsa44,19549,15866,58104,23239,117156,199222
mlkem512,mldsa44-mldsa44-mldsa44,19609,15892,21548,23233,116921,162495
mlkem512,mldsa44-mldsa44-mldsa44,19585,15881,23467,23273,117685,164939
mlkem512,mldsa44-mldsa44-mldsa44,19575,15883,22448,23257,117124,163734
mlkem512,mldsa44-mldsa44-mldsa44,19584,15888,23603,23286,117024,164708
mlkem512,mldsa44-mldsa44-mldsa44,19548,15840,22758,23262,117049,163860
mlkem512,mldsa44-mldsa44-mldsa44,19557,15852,29980,23237,116946,166846
mlkem512,mldsa44-mldsa44-mldsa44,19550,15854,21671,23258,117000,162671
mlkem512,mldsa44-mldsa44-mldsa44,19585,15866,21910,23244,116951,162968
mlkem512,mldsa44-mldsa44-mldsa44,19545,15851,21929,23252,117100,163079
mlkem512,mldsa44-mldsa44-mldsa44,19526,15841,29030,23246,116910,166226
mlkem512,mldsa44-mldsa44-mldsa44,19591,15878,24618,23277,117703,166182
mlkem512,mldsa44-mldsa44-mldsa44,19885,16201,33735,23257,117040,174752
mlkem512,mldsa44-mldsa44-mldsa44,19590,15877,23584,23229,117043,164655
mlkem512,mldsa44-mldsa44-mldsa44,19544,15844,29259,23196,116873,165989
mlkem512,mldsa44-mldsa44-mldsa44,19899,16192,25002,23241,118461,175514
mlkem512,mldsa44-mldsa44-mldsa44,19585,15882,38428,23271,118437,190815
mlkem512,mldsa44-mldsa44-mldsa44,19581,15877,28188,23281,118659,205012
mlkem512,mldsa44-mldsa44-mldsa44,19609,15885,22627,23306,117053,163881
mlkem512,mldsa44-mldsa44-mldsa44,19608,15893,21967,23267,117537,163251
mlkem512,mldsa44-mldsa44-mldsa44,19539,15856,23176,23244,117185,164444
mlkem512,mldsa44-mldsa44-mldsa44,19593,15902,21867,23270,117134,163050
mlkem512,mldsa44-mldsa44-mldsa44,19567,15855,23418,23238,117053,164534
mlkem512,mldsa44-mldsa44-mldsa44,19547,15842,22341,23238,117060,163500
mlkem512,mldsa44-mldsa44-mldsa44,19575,15876,22098,23233,116923,163474
mlkem512,mldsa44-mldsa44-mldsa44,19612,15874,22164,23246,117031,163146
mlkem512,mldsa44-mldsa44-mldsa44,19602,15883,21526,23236,117650,163026
mlkem512,mldsa44-mldsa44-mldsa44,19564,15871,22182,23212,116926,163170
mlkem512,mldsa44-mldsa44-mldsa44,19565,15865,51092,23198,116927,187951
mlkem512,mldsa44-mldsa44-mldsa44,19666,15875,26369,23260,117066,164013
mlkem512,mldsa44-mldsa44-mldsa44,19558,15849,22563,23218,116983,164143
mlkem512,mldsa44-mldsa44-mldsa44,19553,15863,22363,23220,116963,163399
mlkem512,mldsa44-mldsa44-mldsa44,19602,15886,22622,23271,117575,164026
mlkem512,mldsa44-mldsa44-mldsa44,19548,15853,26634,23247,117187,163737
mlkem512,mldsa44-mldsa44-mldsa44,19539,15830,27924,23284,116907,168739
mlkem512,mldsa44-mldsa44-mldsa44,19549,15855,22053,23264,117620,163369
mlkem512,mldsa44-mldsa44-mldsa44,19573,15867,27503,23250,117108,164504
mlkem512,mldsa44-mldsa44-mldsa44,19605,15892,26388,23229,117157,163513
mlkem512,mldsa44-mldsa44-mldsa44,19533,15823,22450,23228,116981,163544
mlkem512,mldsa44-mldsa44-mldsa44,19563,15858,24741,23273,117075,165827
mlkem512,mldsa44-mldsa44-mldsa44,19584,15881,23413,23208,117580,164724
mlkem512,mldsa44-mldsa44-mlkem512,19565,15867,22494,13332,143416,188893
mlkem512,mldsa44-mldsa44-mlkem512,19554,15849,33336,13337,137961,190704
mlkem512,mldsa44-mldsa44-mlkem512,19537,15849,27482,13325,142575,192635
mlkem512,mldsa44-mldsa44-mlkem512,19577,15880,27403,13307,140627,188138
mlkem512,mldsa44-mldsa44-mlkem512,19536,15841,25906,13325,138576,203687
mlkem512,mldsa44-mldsa44-mlkem512,19579,15879,27917,13274,140196,187530
mlkem512,mldsa44-mldsa44-mlkem512,19642,15919,24744,13254,164728,208960
mlkem512,mldsa44-mldsa44-mlkem512,19633,15885,23859,13338,139775,186236
mlkem512,mldsa44-mldsa44-mlkem512,19611,15889,24388,13313,139002,185092
mlkem512,mldsa44-mldsa44-mlkem512,19534,15845,25631,13301,138612,184318
mlkem512,mldsa44-mldsa44-mlkem512,19556,15879,27277,13325,141513,188208
mlkem512,mldsa44-mldsa44-mlkem512,19564,15867,35118,13340,140903,198669
mlkem512,mldsa44-mldsa44-mlkem512,19543,15839,21940,13262,139751,184215
mlkem512,mldsa44-mldsa44-mlkem512,19567,15855,23717,13331,138207,184848
mlkem512,mldsa44-mldsa44-mlkem512,19551,15842,41372,13325,138312,199134
mlkem512,mldsa44-mldsa44-mlkem512,19545,15840,22106,13355,140914,186201
mlkem512,mldsa44-mldsa44-mlkem512,19584,15868,25525,13326,144988,208557
mlkem512,mldsa44-mldsa44-mlkem512,19560,15853,33018,13334,138220,190743
mlkem512,mldsa44-mldsa44-mlkem512,19581,15873,37589,13298,152150,209810
mlkem512,mldsa44-mldsa44-mlkem512,19540,15855,22727,13282,139634,184963
mlkem512,mldsa44-mldsa44-mlkem512,19543,15842,22348,13335,145412,190733
mlkem512,mldsa44-mldsa44-mlkem512,19554,15866,25556,13289,140267,204166
mlkem512,mldsa44-mldsa44-mlkem512,19566,15870,22229,13287,141143,186419
mlkem512,mldsa44-mldsa44-mlkem512,19544,15859,34662,13347,146780,201520
mlkem512,mldsa44-mldsa44-mlkem512,19625,15923,31898,13295,137002,194692
mlkem512,mldsa44-mldsa44-mlkem512,19568,15837,28082,13356,237425,285572
mlkem512,mldsa44-mldsa44-mlkem512,19520,15839,27446,13341,136969,183918
mlkem512,mldsa44-mldsa44-mlkem512,19521,15838,21567,13368,138241,182418
mlkem512,mldsa44-mldsa44-mlkem512,19564,15854,24864,13263,143411,187688
mlkem512,mldsa44-mldsa44-mlkem512,19596,15865,24787,13326,141655,186551
mlkem512,mldsa44-mldsa44-mlkem512,19561,15843,21874,13372,137140,181606
mlkem512,mldsa44-mldsa44-mlkem512,19573,15869,22333,13355,138699,183729
mlkem512,mldsa44-mldsa44-mlkem512,19571,15848,21990,13355,136986,183435
mlkem512,mldsa44-mldsa44-mlkem512,19543,15844,27241,13330,138312,188492
mlkem512,mldsa44-mldsa44-mlkem512,19541,15847,21893,13372,144331,188877
mlkem512,mldsa44-mldsa44-mlkem512,19538,15845,21888,13321,166689,213102
mlkem512,mldsa44-mldsa44-mlkem512,19577,15872,24791,13267,141895,193305
mlkem512,mldsa44-mldsa44-mlkem512,19568,15891,22393,13319,143346,188341
mlkem512,mldsa44-mldsa44-mlkem512,19593,15876,26013,13325,141009,187098
mlkem512,mldsa44-mldsa44-mlkem512,19548,15853,21824,13317,144584,189410
mlkem512,mldsa44-mldsa44-mlkem512,19578,15870,22406,13307,138371,183391
mlkem512,mldsa44-mldsa44-mlkem512,19520,15831,22661,13302,140621,186261
mlkem512,mldsa44-mldsa44-mlkem512,19531,15855,23323,13305,147261,193131
mlkem512,mldsa44-mldsa44-mlkem512,19900,16199,22532,13306,139292,185447
mlkem512,mldsa44-mldsa44-mlkem512,19892,16198,23280,13375,139329,185299
mlkem512,mldsa44-mldsa44-mlkem512,19579,15866,23722,13303,156213,201974
mlkem512,mldsa44-mldsa44-mlkem512,19909,16184,26912,13315,139276,185662
mlkem512,mldsa44-mldsa44-mlkem512,19564,15854,22272,13369,139357,184572
mlkem512,mldsa44-mldsa44-mlkem512,19553,15861,39814,13352,137730,197323
mlkem512,mldsa44-mldsa44-mlkem512,19576,15873,21962,13340,191421,236338
mlkem512,mldsa44-mldsa44-mlkem512,19584,15875,22177,13363,138617,183897
mlkem512,mldsa44-mldsa44-mlkem512,19621,15907,27115,13301,179575,226787
mlkem512,mldsa44-mldsa44-mlkem512,19613,15876,26340,13337,144453,190866
mlkem512,mldsa44-mldsa44-mlkem512,19562,15863,25141,13349,138403,183628
mlkem512,mldsa44-mldsa44-mlkem512,19556,15860,34841,13362,139067,208788
mlkem512,mldsa44-mldsa44-mlkem512,19528,15848,22062,13357,139223,184268
mlkem512,mldsa44-mldsa44-mlkem512,19553,15858,24001,13313,149512,196755
mlkem512,mldsa44-mldsa44-mlkem512,19603,15891,23418,13333,168817,224233
mlkem512,mldsa44-mldsa44-mlkem512,19588,15885,32329,13343,143661,196741
mlkem512,mldsa44-mldsa44-mlkem512,19536,15845,25365,13336,140847,188800
mlkem512,mldsa44-mldsa44-mlkem512,19942,16196,27061,13358,137792,185221
mlkem512,mldsa44-mldsa44-mlkem512,19540,15835,21655,13303,163424,208100
mlkem512,mldsa44-mldsa44-mlkem512,19522,15830,29505,13373,139363,188335
mlkem512,mldsa44-mldsa44-mlkem512,19588,15883,22961,13316,138615,184517
mlkem512,mldsa44-mldsa44-mlkem512,19573,15864,24547,13379,138438,183123
mlkem512,mldsa44-mldsa44-mlkem512,19571,15855,26501,13353,140821,187435
mlkem512,mldsa44-mldsa44-mlkem512,19548,15866,22598,13309,147259,192374
mlkem512,mldsa44-mldsa44-mlkem512,19604,15863,23599,13364,142284,198403
mlkem512,mldsa44-mldsa44-mlkem512,19547,15841,25044,13352,154334,198800
mlkem512,mldsa44-mldsa44-mlkem512,19552,15851,22270,13361,140850,185861
mlkem512,mldsa44-mldsa44-mlkem512,19577,15843,32797,13280,191280,244231
mlkem512,mldsa44-mldsa44-mlkem512,19548,15849,22643,13331,148857,199565
mlkem512,mldsa44-mldsa44-mlkem512,19523,15833,23524,13327,139095,187313
mlkem512,mldsa44-mldsa44-mlkem512,19564,15869,28191,13331,186589,234237
mlkem512,mldsa44-mldsa44-mlkem512,19579,15852,23163,13357,140035,185858
mlkem512,mldsa44-mldsa44-mlkem512,19557,15875,23330,13290,146300,192674
mlkem512,mldsa44-mldsa44-mlkem512,19580,15841,27167,13337,153016,199611
mlkem512,mldsa44-mldsa44-mlkem512,19560,15838,22746,13364,142379,187892
mlkem512,mldsa44-mldsa44-mlkem512,19561,15845,25429,13332,260459,305928
mlkem512,mldsa44-mldsa44-mlkem512,19582,15855,21902,13333,141084,185634
mlkem512,mldsa44-mldsa44-mlkem512,19573,15889,56786,13299,141311,220804
mlkem512,mldsa44-mldsa44-mlkem512,19607,15906,21904,13348,138579,183706
mlkem512,mldsa44-mldsa44-mlkem512,19590,15878,51014,13304,144487,214876
mlkem512,mldsa44-mldsa44-mlkem512,19651,15886,28625,13345,138143,186852
mlkem512,mldsa44-mldsa44-mlkem512,19514,15808,25617,13315,141600,186650
mlkem512,mldsa44-mldsa44-mlkem512,19567,15868,27272,13346,138401,185864
mlkem512,mldsa44-mldsa44-mlkem512,19568,15872,28326,13310,139496,190865
mlkem512,mldsa44-mldsa44-mlkem512,19582,15892,21881,13262,139942,184443
mlkem512,mldsa44-mldsa44-mlkem512,19589,15868,24927,13318,139462,183818
mlkem512,mldsa44-mldsa44-mlkem512,19596,15879,24916,13372,170021,214972
mlkem512,mldsa44-mldsa44-mlkem512,19588,15867,27297,13329,138560,185950
mlkem512,mldsa44-mldsa44-mlkem512,19545,15858,22348,13293,150779,195747
mlkem512,mldsa44-mldsa44-mlkem512,19558,15859,26708,13297,140206,191715
mlkem512,mldsa44-mldsa44-mlkem512,19572,15859,28927,13302,185190,234256
mlkem512,mldsa44-mldsa44-mlkem512,19602,15890,35795,13291,150537,211343
mlkem512,mldsa44-mldsa44-mlkem512,19603,15875,61894,13301,182056,273405
mlkem512,mldsa44-mldsa44-mlkem512,19557,15846,24595,13344,154049,206284
mlkem512,mldsa44-mldsa44-mlkem512,19576,15889,43818,13374,145088,209053
mlkem512,mldsa44-mldsa44-mlkem512,19551,15854,27637,13346,144755,194970
mlkem512,mldsa44-mldsa44-mlkem512,19568,15853,32116,13280,139075,198082
mlkem512,mldsa44-mldsa44-mlkem512,19591,15889,34422,13276,148110,210212
mlkem512,mldsa44-mldsa44-mlkem512,19534,15832,23599,13327,142452,188688
hqc128,sphincs128s-sphincs128s-sphincs128s,1322904,1314938,1349505,353749,1144907,2547497
hqc128,sphincs128s-sphincs128s-sphincs128s,1322877,1314933,1344325,346468,1137965,2537436
hqc128,sphincs128s-sphincs128s-sphincs128s,1322905,1314950,1340808,322089,1113438,2553554
hqc128,sphincs128s-sphincs128s-sphincs128s,1322865,1314967,1341244,334298,1125351,2515448
hqc128,sphincs128s-sphincs128s-sphincs128s,1322917,1314940,1339199,348898,1140627,2533612
hqc128,sphincs128s-sphincs128s-sphincs128s,1322872,1314949,1365407,356189,1147661,2563694
hqc128,sphincs128s-sphincs128s-sphincs128s,1322871,1314935,1338960,336726,1127847,2528035
hqc128,sphincs128s-sphincs128s-sphincs128s,1322892,1314939,1349075,363509,1155226,2554154
hqc128,sphincs128s-sphincs128s-sphincs128s,1322906,1314947,1353449,339148,1130529,2532500
hqc128,sphincs128s-sphincs128s-sphincs128s,1322831,1314923,1354385,361069,1152390,2555828
hqc128,sphincs128s-sphincs128s-sphincs128s,1322849,1314929,1342477,365941,1157369,2564233
hqc128,sphincs128s-sphincs128s-sphincs128s,1322923,1314922,1339144,314811,1105935,2500997
hqc128,sphincs128s-sphincs128s-sphincs128s,1322857,1314932,1346673,348898,1138517,2536824
hqc128,sphincs128s-sphincs128s-sphincs128s,1323229,1314973,1353721,363505,1154965,2647974
hqc128,sphincs128s-sphincs128s-sphincs128s,1322841,1314920,1342278,341596,1523032,2960391
hqc128,sphincs128s-sphincs128s-sphincs128s,1322836,1314941,1395480,341584,1132615,2580713
hqc128,sphincs128s-sphincs128s-sphincs128s,1322853,1314967,1344459,382968,1174313,2571610
hqc128,sphincs128s-sphincs128s-sphincs128s,1322838,1314919,1342019,336713,1128426,2574285
hqc128,sphincs128s-sphincs128s-sphincs128s,1322847,1314935,1346917,353741,1145361,2549558
hqc128,sphincs128s-sphincs128s-sphincs128s,1322830,1314924,1340071,329397,1121018,2510784
hqc128,sphincs128s-sphincs128s-sphincs128s,1322846,1314956,1357703,336749,1128395,2536245
hqc128,sphincs128s-sphincs128s-sphincs128s,1322869,1314934,1342731,344038,1132865,2536872
hqc128,sphincs128s-sphincs128s-sphincs128s,1322825,1314940,1340673,334254,1126402,2519745
hqc128,sphincs128s-sphincs128s-sphincs128s,1322828,1314911,1364709,358631,1148205,2569340
hqc128,sphincs128s-sphincs128s-sphincs128s,1322839,1314958,1345231,334293,1125936,2520616
hqc128,sphincs128s-sphincs128s-sphincs128s,1322874,1314941,1342302,346415,1137404,2531357
hqc128,sphincs128s-sphincs128s-sphincs128s,1322807,1314936,1341248,341562,1133002,2523323
hqc128,sphincs128s-sphincs128s-sphincs128s,1322838,1314950,1357616,344024,1135379,2550648
hqc128,sphincs128s-sphincs128s-sphincs128s,1322883,1314952,1360678,351335,1142649,2551931
hqc128,sphincs128s-sphincs128s-sphincs128s,1322851,1314945,1367974,346453,1138011,2556415
hqc128,sphincs128s-sphincs128s-sphincs128s,1322837,1314935,1354711,373235,1164550,2575771
hqc128,sphincs128s-sphincs128s-sphincs128s,1322823,1314919,1341021,336685,1128447,2536518
hqc128,sphincs128s-sphincs128s-sphincs128s,1322902,1314956,1341863,358639,1150022,2541912
hqc128,sphincs128s-sphincs128s-sphincs128s,1322858,1314951,1370750,324521,1116277,2547692
hqc128,sphincs128s-sphincs128s-sphincs128s,1322911,1314936,1377177,334267,1125643,2603328
hqc128,sphincs128s-sphincs128s-sphincs128s,1323194,1314967,1342156,346470,1135460,2554721
hqc128,sphincs128s-sphincs128s-sphincs128s,1322886,1314951,1360084,356189,1147838,2560551
hqc128,sphincs128s-sphincs128s-sphincs128s,1322883,1314955,1419112,361042,1149913,2620089
hqc128,sphincs128s-sphincs128s-sphincs128s,1322885,1314931,1342017,326994,1115896,2508715
hqc128,sphincs128s-sphincs128s-sphincs128s,1322889,1314960,1355082,344020,1135241,2556879
hqc128,sphincs128s-sphincs128s-sphincs128s,1322865,1314938,1345520,336718,1128299,2532079
hqc128,sphincs128s-sphincs128s-sphincs128s,1322839,1314923,1474217,339123,1130650,2751758
hqc128,sphincs128s-sphincs128s-sphincs128s,1322893,1314947,1365454,368387,1159957,2574100
hqc128,sphincs128s-sphincs128s-sphincs128s,1322911,1314949,1340809,344008,1135693,2531883
hqc128,sphincs128s-sphincs128s-sphincs128s,1322869,1314935,1415256,363475,1154937,2622501
hqc128,sphincs128s-sphincs128s-sphincs128s,1322856,1314923,1340605,339150,1130919,2523494
hqc128,sphincs128s-sphincs128s-sphincs128s,1322869,1314934,1338890,368356,1160032,2557068
hqc128,sphincs128s-sphincs128s-sphincs128s,1322936,1314921,1341874,336743,1128396,2519522
hqc128,sphincs128s-sphincs128s-sphincs128s,1322873,1314913,1339556,370781,1161836,2552077
hqc128,sphincs128s-sphincs128s-sphincs128s,1322812,1314927,1344752,348914,1140582,2534749
hqc128,sphincs128s-sphincs128s-sphincs128s,1322912,1314948,1343402,339127,1130313,2529645
hqc128,sphincs128s-sphincs128s-sphincs128s,1322887,1314940,1341648,351327,1142719,2581610
hqc128,sphincs128s-sphincs128s-sphincs128s,1322810,1314914,1350148,324544,1115964,2570357
hqc128,sphincs128s-sphincs128s-sphincs128s,1322915,1314960,1438059,365901,1154904,2641502
hqc128,sphincs128s-sphincs128s-sphincs128s,1322887,1314958,1408391,348868,1140699,2657529
hqc128,sphincs128s-sphincs128s-sphincs128s,1322837,1314923,1401740,346487,1137859,2604956
hqc128,sphincs128s-sphincs128s-sphincs128s,1322886,1314909,1368087,373216,1164558,2599364
hqc128,sphincs128s-sphincs128s-sphincs128s,1322855,1314945,1346847,356204,1147528,2571131
hqc128,sphincs128s-sphincs128s-sphincs128s,1322860,1314961,1354009,339172,1128996,2638827
hqc128,sphincs128s-sphincs128s-sphincs128s,1322847,1314941,1403654,348911,1137948,2597226
hqc128,sphincs128s-sphincs128s-sphincs128s,1322878,1314939,1404372,344025,1135411,2603899
hqc128,sphincs128s-sphincs128s-sphincs128s,1322871,1314967,1352031,343996,1135381,2625113
hqc128,sphincs128s-sphincs128s-sphincs128s,1322918,1314973,1356179,341585,1133261,2640865
hqc128,sphincs128s-sphincs128s-sphincs128s,1322925,1314939,1420599,348903,1137804,2607829
hqc128,sphincs128s-sphincs128s-sphincs128s,1322877,1314956,1391882,334288,1125701,2575640
hqc128,sphincs128s-sphincs128s-sphincs128s,1322856,1314953,1342862,370774,1162466,2557721
hqc128,sphincs128s-sphincs128s-sphincs128s,1322823,1314921,1358689,351337,1143007,2553557
hqc128,sphincs128s-sphincs128s-sphincs128s,1322875,1314947,1362422,361067,1152590,2568181
hqc128,sphincs128s-sphincs128s-sphincs128s,1322907,1314946,1347503,353779,1145532,2545975
hqc128,sphincs128s-sphincs128s-sphincs128s,1322861,1314959,1344950,361095,1151031,2564340
hqc128,sphincs128s-sphincs128s-sphincs128s,1322873,1314954,1350578,353764,1144886,2547367
hqc128,sphincs128s-sphincs128s-sphincs128s,1322864,1314938,1339178,358625,1150039,2539048
hqc128,sphincs128s-sphincs128s-sphincs128s,1322857,1314970,1339883,358604,1150162,2539818
hqc128,sphincs128s-sphincs128s-sphincs128s,1322867,1314955,1342058,336711,1125659,2526378
hqc128,sphincs128s-sphincs128s-sphincs128s,1322831,1314920,1339715,361050,1152523,2544340
hqc128,sphincs128s-sphincs128s-sphincs128s,1322935,1314955,1384059,356197,1147870,2602867
hqc128,sphincs128s-sphincs128s-sphincs128s,1322868,1314947,1380319,348907,1140463,2570584
hqc128,sphincs128s-sphincs128s-sphincs128s,1322857,1314952,1347832,346459,1137833,2536233
hqc128,sphincs128s-sphincs128s-sphincs128s,1322883,1314976,1349437,353741,1145365,2548027
hqc128,sphincs128s-sphincs128s-sphincs128s,1322900,1314934,1359441,361087,1152788,2574467
hqc128,sphincs128s-sphincs128s-sphincs128s,1322853,1314924,1348974,348888,1140603,2546554
hqc128,sphincs128s-sphincs128s-sphincs128s,1322823,1314921,1361319,326977,1116738,2536849
hqc128,sphincs128s-sphincs128s-sphincs128s,1322856,1314943,1387893,339151,1130605,2609573
hqc128,sphincs128s-sphincs128s-sphincs128s,1322838,1314939,1402410,331862,1123276,2616123
hqc128,sphincs128s-sphincs128s-sphincs128s,1322837,1314931,1385986,314789,1106142,2561342
hqc128,sphincs128s-sphincs128s-sphincs128s,1322899,1314951,1391993,353762,1145104,2613930
hqc128,sphincs128s-sphincs128s-sphincs128s,1322871,1314941,1345657,358647,1150148,2548174
hqc128,sphincs128s-sphincs128s-sphincs128s,1322838,1314956,1351844,341580,1132941,2555933
hqc128,sphincs128s-sphincs128s-sphincs128s,1322869,1314937,1368447,351315,1142614,2579247
hqc128,sphincs128s-sphincs128s-sphincs128s,1322878,1314944,1362272,370787,1162071,2578535
hqc128,sphincs128s-sphincs128s-sphincs128s,1322841,1314961,1354365,363508,1154925,2579882
hqc128,sphincs128s-sphincs128s-sphincs128s,1322826,1314935,1350318,353770,1145223,2550103
hqc128,sphincs128s-sphincs128s-sphincs128s,1322837,1314938,1379084,319655,1111456,2540142
hqc128,sphincs128s-sphincs128s-sphincs128s,1322862,1314936,1372942,314828,1106521,2604427
hqc128,sphincs128s-sphincs128s-sphincs128s,1322837,1314939,1353302,346449,1136290,2544157
hqc128,sphincs128s-sphincs128s-sphincs128s,1322819,1314949,1347671,344009,1135439,2562744
hqc128,sphincs128s-sphincs128s-sphincs128s,1322833,1314911,1413478,353743,1142829,2608465
hqc128,sphincs128s-sphincs128s-sphincs128s,1322904,1314959,1338219,346452,1137926,2528833
hqc128,sphincs128s-sphincs128s-sphincs128s,1322832,1314938,1346831,353771,1142709,2565068
hqc128,sphincs128s-sphincs128s-sphincs128s,1322873,1314945,1342278,363468,1155149,2566016
hqc128,sphincs128s-sphincs128s-sphincs128s,1322910,1314984,1379632,339150,1130422,2560845
hqc128,sphincs128s-sphincs128s-sphincs128s,1322876,1314935,1342271,344009,1135678,2535281
hqc128,sphincs128s-sphincs128s-sphincs128s,1322911,1314928,1342072,348922,1140515,2560875
hqc128,sphincs128s-sphincs128s-sphincs128s,1322864,1314932,1342471,373241,1162967,2554519
hqc128,sphincs128s-sphincs128s-sphincs128s,1322865,1314946,1342971,344045,1135872,2530520
hqc128,sphincs128s-sphincs128s-sphincs128s,1322866,1314913,2403816,353785,1143722,3609595
hqc128,sphincs128s-sphincs128s-sphincs128s,1322874,1314927,1344780,387843,1179299,2595172
hqc128,sphincs128s-sphincs128s-sphincs128s,1322848,1314921,1343712,353780,1144918,2551025
hqc128,sphincs128s-sphincs128s-sphincs128s,1322912,1314956,1372203,339138,1130904,2554029
hqc128,sphincs128s-sphincs128s-sphincs128s,1322872,1314919,1344333,348895,1140366,2547919
hqc128,sphincs128s-sphincs128s-sphincs128s,1322935,1314949,1341282,339154,1130839,2521288
hqc128,sphincs128s-sphincs128s-sphincs128s,1322863,1314934,1340544,346471,1138201,2531638
hqc128,sphincs128s-sphincs128s-sphincs128s,1322873,1314948,1341955,348916,1140778,2534778
hqc128,sphincs128s-sphincs128s-sphincs128s,1322904,1314938,1342515,351313,1142810,2546064
hqc128,sphincs128s-sphincs128s-sphincs128s,1322878,1314956,1360166,351314,1142454,2552610
hqc128,sphincs128s-sphincs128s-sphincs128s,1322848,1314920,1343257,346473,1137473,2530229
hqc128,sphincs128s-sphincs128s-sphincs128s,1322875,1314927,1342154,348906,1140555,2531807
hqc128,sphincs128s-sphincs128s-sphincs128s,1322932,1314969,1380969,365923,1154838,2598414
hqc128,sphincs128s-sphincs128s-sphincs128s,1322875,1314928,1353813,361098,1149947,2566336
hqc128,sphincs128s-sphincs128s-sphincs128s,1322885,1314951,1343472,353749,1145294,2541786
hqc128,sphincs128s-sphincs128s-sphincs128s,1322875,1314924,1340537,353766,1145599,2536281
hqc128,sphincs128s-sphincs128s-sphincs128s,1322945,1314982,1351389,356204,1147280,2570733
hqc128,sphincs128s-sphincs128s-sphincs128s,1322845,1314948,1358467,348879,1140410,2549876
hqc128,sphincs128s-sphincs128s-sphincs128s,1322832,1314926,1349441,344034,1135407,2537666
hqc128,sphincs128s-sphincs128s-sphincs128s,1322882,1314952,1340056,368387,1160154,2550129
hqc128,sphincs128s-sphincs128s-sphincs128s,1322952,1314944,1341280,351320,1142848,2547500
hqc128,sphincs128s-sphincs128s-sphincs128s,1322853,1314939,1344183,375641,1167090,2572874
hqc128,sphincs128s-sphincs128s-sphincs128s,1322877,1314942,1340295,363516,1154545,2547460
hqc128,sphincs128s-sphincs128s-sphincs128s,1322842,1314945,1352864,329401,1121153,2533232
hqc128,sphincs128s-sphincs128s-sphincs128s,1322914,1314949,1337720,343996,1135071,2525438
hqc128,sphincs128s-sphincs128s-sphincs128s,1322869,1314945,1354820,351350,1143481,2548165
hqc128,sphincs128s-sphincs128s-sphincs128s,1322875,1314931,1342171,353740,1145208,2538267
hqc128,sphincs128s-sphincs128s-sphincs128s,1322893,1314964,1340929,346454,1138215,2527360
hqc128,sphincs128s-sphincs128s-sphincs128s,1322867,1314955,1346828,351308,1142407,2540607
hqc128,sphincs128s-sphincs128s-sphincs128s,1322867,1314932,1345273,331850,1123201,2527213
hqc128,sphincs128s-sphincs128s-sphincs128s,1322852,1314938,1362861,346448,1137849,2577179
hqc128,sphincs128s-sphincs128s-sphincs128s,1322935,1314950,1341491,331847,1122959,2514371
hqc128,sphincs128s-sphincs128s-sphincs128s,1322884,1314950,1343443,348899,1138424,2543868
hqc128,sphincs128s-sphincs128s-sphincs128s,1322905,1314950,1341418,363505,1155155,2554997
hqc128,sphincs128s-sphincs128s-sphincs128s,1322910,1314947,1341118,363523,1154877,2544830
hqc128,sphincs128s-sphincs128s-sphincs128s,1322837,1314928,1344337,356234,1147244,2539566
hqc128,sphincs128s-sphincs128s-sphincs128s,1322818,1314946,1353949,322098,1113455,2518165
hqc128,sphincs128s-sphincs128s-sphincs128s,1322829,1314946,1371242,331861,1122823,2542446
hqc128,sphincs128s-sphincs128s-sphincs128s,1322840,1314932,1341888,356193,1147716,2553332
hqc128,sphincs128s-sphincs128s-sphincs128s,1322891,1314949,1340694,365945,1157662,2547809
hqc128,sphincs128s-sphincs128s-sphincs128s,1322864,1314955,1339343,331871,1123036,2513008
hqc128,sphincs128s-sphincs128s-sphincs128s,1322807,1314918,1345838,312367,1103840,2500421
hqc128,sphincs128s-sphincs128s-sphincs128s,1322854,1314940,1336821,375662,1164687,2561151
hqc128,sphincs128s-sphincs128s-sphincs128s,1322859,1314933,1343653,370827,1162418,2554502
hqc128,sphincs128s-sphincs128s-sphincs128s,1322853,1314940,1340093,329391,1121089,2512596
hqc128,sphincs128s-sphincs128s-sphincs128s,1322862,1314932,1338477,341573,1132877,2523829
hqc128,sphincs128s-sphincs128s-sphincs128s,1322873,1314948,1339920,351339,1143078,2535415
hqc128,sphincs128s-sphincs128s-sphincs128s,1322813,1314922,1359548,365945,1157725,2568278
hqc128,sphincs128s-sphincs128s-sphincs128s,1322869,1314958,1340846,341588,1133173,2522868
hqc128,sphincs128s-sphincs128s-sphincs128s,1322866,1314940,1350894,365948,1155540,2577413
hqc128,sphincs128s-sphincs128s-sphincs128s,1322834,1314933,1343318,356184,1147480,2539749
hqc128,sphincs128s-sphincs128s-sphincs128s,1322815,1314920,1339994,344032,1135235,2534060
hqc128,sphincs128s-sphincs128s-sphincs128s,1322842,1314961,1347743,339163,1128608,2526370
hqc128,sphincs128s-sphincs128s-sphincs128s,1322863,1314935,1342540,334304,1125979,2560868
hqc128,sphincs128s-sphincs128s-sphincs128s,1322826,1314924,1353006,322111,1113364,2515587
hqc128,sphincs128s-sphincs128s-sphincs128s,1322797,1314913,1341513,331852,1123572,2514222
hqc128,sphincs128s-sphincs128s-sphincs128s,1322894,1314927,1340007,356219,1147272,2538870
hqc128,sphincs128s-sphincs128s-sphincs128s,1322866,1314939,1340258,344022,1135402,2532366
hqc128,sphincs128s-sphincs128s-sphincs128s,1322823,1314933,1343687,348894,1140618,2554023
hqc128,sphincs128s-sphincs128s-sphincs128s,1322853,1314950,1344114,351321,1140220,2537350
hqc128,sphincs128s-sphincs128s-sphincs128s,1322844,1314932,1355832,370784,1162354,2607891
hqc128,sphincs128s-sphincs128s-sphincs128s,1322860,1314937,1344694,346488,1138296,2534857
hqc128,sphincs128s-sphincs128s-sphincs128s,1322868,1314945,1342840,344004,1132926,2525926
hqc128,sphincs128s-sphincs128s-sphincs128s,1322832,1314954,1338482,334283,1125884,2521098
hqc128,sphincs128s-sphincs128s-sphincs128s,1322852,1314949,1351057,326987,1118572,2521442
hqc128,sphincs128s-sphincs128s-sphincs128s,1322869,1314939,1340633,331866,1123546,2517886
hqc128,sphincs128s-sphincs128s-sphincs128s,1322783,1314943,1338565,344008,1135729,2524805
hqc128,sphincs128s-sphincs128s-sphincs128s,1322862,1314952,1338169,341585,1130385,2518614
hqc128,sphincs128s-sphincs128s-sphincs128s,1322845,1314944,1341787,363507,1154525,2548220
hqc128,sphincs128s-sphincs128s-sphincs128s,1322819,1314945,1339806,373259,1164734,2556774
hqc128,sphincs128s-sphincs128s-sphincs128s,1322855,1314949,1341415,326989,1118358,2510420
hqc128,sphincs128s-sphincs128s-sphincs128s,1322868,1314946,1341384,365955,1157464,2549258
hqc128,sphincs128s-sphincs128s-sphincs128s,1322880,1314960,1334913,373249,1164889,2558775
hqc128,sphincs128s-sphincs128s-sphincs128s,1322843,1314924,1344835,346462,1137723,2541465
hqc128,sphincs128s-sphincs128s-sphincs128s,1322852,1314951,1344298,351310,1142711,2536603
hqc128,sphincs128s-sphincs128s-sphincs128s,1322913,1314958,1348699,356216,1145140,2544368
hqc128,sphincs128s-sphincs128s-sphincs128s,1322846,1314942,1341665,334298,1125970,2521531
hqc128,sphincs128s-sphincs128s-sphincs128s,1322891,1314938,1341890,353736,1145112,2574820
hqc128,sphincs128s-sphincs128s-sphincs128s,1322828,1314961,1339450,353745,1144889,2534376
hqc128,sphincs128s-sphincs128s-sphincs128s,1322839,1314942,1364458,353752,1145595,2558455
hqc128,sphincs128s-sphincs128s-sphincs128s,1322828,1314928,1360318,358633,1148437,2560628
hqc128,sphincs128s-sphincs128s-sphincs128s,1322783,1314897,1344471,356197,1145735,2554084
hqc128,sphincs128s-sphincs128s-sphincs128s,1322862,1314951,1338707,334262,1125832,2513465
hqc128,sphincs128s-sphincs128s-sphincs128s,1322890,1314945,1348580,334289,1123020,2525025
hqc128,sphincs128s-sphincs128s-sphincs128s,1322793,1314915,1338999,356200,1147407,2536984
hqc128,sphincs128s-sphincs128s-sphincs128s,1322808,1314926,1364191,361085,1152574,2596575
hqc128,sphincs128s-sphincs128s-sphincs128s,1322865,1314953,1339944,353746,1145180,2542010
hqc128,sphincs128s-sphincs128s-sphincs128s,1322924,1314938,1359652,346471,1138134,2548116
hqc128,sphincs128s-sphincs128s-sphincs128s,1322869,1314922,1355360,344038,1135471,2540862
hqc128,sphincs128s-sphincs128s-sphincs128s,1322850,1314935,1341420,358628,1150325,2546427
hqc128,sphincs128s-sphincs128s-sphincs128s,1322925,1314960,1338971,341572,1133256,2527791
hqc128,sphincs128s-sphincs128s-sphincs128s,1322910,1314952,1347380,324538,1116061,2515416
hqc128,sphincs128s-sphincs128s-sphincs128s,1322865,1314934,1359103,361030,1152404,2581573
hqc128,sphincs128s-sphincs128s-sphincs128s,1322865,1314941,1354231,341582,1131517,2587583
hqc128,sphincs128s-sphincs128s-sphincs128s,1322907,1314933,1362936,344016,1135811,2554426
hqc128,sphincs128s-sphincs128s-sphincs128s,1322892,1314918,1370680,365920,1157708,2575932
hqc128,sphincs128s-sphincs128s-sphincs128s,1322867,1314919,1392327,348882,1140446,2583681
hqc128,sphincs128s-sphincs128s-sphincs128s,1322856,1314946,1337979,346452,1137852,2609171
hqc128,sphincs128s-sphincs128s-sphincs128s,1322829,1314940,1344397,363522,1155165,2555853
hqc128,sphincs128s-sphincs128s-sphincs128s,1322874,1314951,1343859,341578,1133330,2526864
hqc128,sphincs128s-sphincs128s-sphincs128s,1322870,1314934,1346689,348898,1140571,2536616
hqc128,sphincs128s-sphincs128s-sphincs128s,1322845,1314933,1339747,353790,1145433,2535195
hqc128,sphincs128s-sphincs128s-sphincs128s,1322931,1314960,1339900,351307,1142937,2538489
hqc128,sphincs128s-sphincs128s-sphincs128s,1322838,1314942,1343971,358627,1150391,2544596
hqc128,sphincs128s-sphincs128s-sphincs128s,1322779,1314904,1342518,351331,1142784,2545896
hqc128,sphincs128s-sphincs128s-sphincs128s,1323223,1314983,1343263,356210,1147266,2539735
hqc128,sphincs128s-sphincs128s-sphincs128s,1322849,1314941,1340496,336703,1127717,2517691
hqc128,sphincs128s-sphincs128s-sphincs128s,1322869,1314954,1343610,331860,1123565,2517398
hqc128,sphincs128s-sphincs128s-sphincs128s,1322848,1314955,1339232,356166,1147999,2536316
hqc128,sphincs128s-sphincs128s-sphincs128s,1322808,1314937,1339728,385381,1176699,2567781
hqc128,sphincs128s-sphincs128s-sphincs128s,1322847,1314918,1337564,336748,1128214,2518512
hqc128,sphincs128s-sphincs128s-sphincs128s,1322828,1314908,1341058,370807,1160383,2555751
hqc128,sphincs128s-sphincs128s-sphincs128s,1322826,1314952,1340158,358617,1147452,2537354
hqc128,sphincs128s-sphincs128s-sphincs128s,1322828,1314941,1339711,363493,1155500,2544606
hqc128,sphincs128s-sphincs128s-sphincs128s,1322889,1314945,1340136,358616,1150049,2543472
hqc128,sphincs128s-sphincs128s-sphincs128s,1322866,1314914,1343105,344025,1133822,2563162
hqc128,sphincs128s-sphincs128s-sphincs128s,1322863,1314935,1367476,344012,1135734,2553161
hqc128,sphincs128s-sphincs128s-sphincs128s,1322890,1314945,1340057,370779,1162048,2556353
hqc128,sphincs128s-sphincs128s-sphincs128s,1322862,1314945,1339544,363496,1155252,2547407
hqc128,sphincs128s-sphincs128s-sphincs128s,1322899,1314963,1344750,341587,1133180,2543906
hqc128,sphincs128s-sphincs128s-sphincs128s,1322926,1314951,1370633,336729,1127888,2558566
hqc128,sphincs128s-sphincs128s-sphincs128s,1322895,1314946,1350088,322112,1114040,2512253
hqc128,sphincs128s-sphincs128s-sphincs128s,1322852,1314932,1338561,336725,1128177,2515422
hqc128,sphincs128s-sphincs128s-sphincs128s,1322918,1314945,1342171,341585,1132963,2524935
hqc128,sphincs128s-sphincs128s-sphincs128s,1322916,1314927,1352256,334284,1124240,2528627
hqc128,sphincs128s-sphincs128s-sphincs128s,1322909,1314933,1340368,336716,1128312,2549186
hqc128,sphincs128s-sphincs128s-sphincs128s,1322884,1314942,1346991,351328,1142916,2539645
hqc128,sphincs128s-sphincs128s-sphincs128s,1322897,1314925,1339741,380534,1172257,2580518
hqc128,sphincs128s-sphincs128s-sphincs128s,1322841,1314920,1341814,351337,1143111,2534567
hqc128,sphincs128s-sphincs128s-sphincs128s,1322886,1314956,1339490,348904,1140601,2527596
hqc128,sphincs128s-sphincs128s-sphincs128s,1322854,1314928,1340605,368375,1160150,2583621
hqc128,sphincs128s-sphincs128s-sphincs128s,1322919,1314952,1340452,339138,1130725,2523582
hqc128,sphincs128s-sphincs128s-sphincs128s,1322873,1314928,1346672,373237,1164697,2562590
hqc128,sphincs128s-sphincs128s-sphincs128s,1322857,1314932,1356664,334297,1124256,2529152
hqc128,sphincs128s-sphincs128s-sphincs128s,1322867,1314938,1343392,361065,1152761,2547592
hqc128,sphincs128s-sphincs128s-sphincs128s,1322913,1314955,1343216,348889,1138380,2533607
hqc128,sphincs128s-sphincs128s-sphincs128s,1322866,1314935,1339125,390279,1181867,2570289
hqc128,sphincs128s-sphincs128s-sphincs128s,1322856,1314919,1355374,351330,1143029,2551710
hqc128,sphincs128s-sphincs128s-sphincs128s,1322882,1314918,1345600,341592,1133419,2528162
hqc128,sphincs128s-sphincs128s-sphincs128s,1322916,1314932,1345134,370770,1162190,2556902
hqc128,sphincs128s-sphincs128s-sphincs128s,1322876,1314947,1358757,339151,1128893,2539977
hqc128,sphincs128s-sphincs128s-sphincs128s,1322874,1314951,1356858,361057,1152290,2562065
hqc128,sphincs128s-sphincs128s-sphincs128s,1322909,1314945,1338351,326959,1116838,2512880
hqc128,sphincs128s-sphincs128s-sphincs128s,1322919,1314936,1344511,341592,1133107,2527538
hqc128,sphincs128s-sphincs128s-sphincs128s,1322868,1314942,1350093,334260,1126038,2524065
hqc128,sphincs128s-sphincs128s-sphincs128s,1322879,1314953,1365511,344004,1135014,2564377
hqc128,sphincs128s-sphincs128s-sphincs128s,1322940,1314967,1339996,361066,1152486,2544634
hqc128,sphincs128s-sphincs128s-sphincs128s,1322868,1314953,1349239,339159,1130893,2528871
hqc128,sphincs128s-sphincs128s-sphincs128s,1322888,1314924,1340754,344030,1135437,2524570
hqc128,sphincs128s-sphincs128s-sphincs128s,1322906,1314965,1343127,348887,1138850,2530597
hqc128,sphincs128s-sphincs128s-sphincs128s,1322882,1314935,1342195,378094,1169683,2565422
hqc128,sphincs128s-sphincs128s-sphincs128s,1322866,1314938,1344322,351344,1142517,2539768
hqc128,sphincs128s-sphincs128s-sphincs128s,1322898,1314933,1339124,361055,1149878,2540878
hqc128,sphincs128s-sphincs128s-sphincs128s,1322950,1314956,1339160,358639,1148325,2536554
hqc128,sphincs128s-sphincs128s-sphincs128s,1322938,1314947,1338765,346457,1137409,2524700
hqc128,sphincs128s-sphincs128s-sphincs128s,1322905,1314965,1340155,344030,1134005,2525450
hqc128,sphincs128s-sphincs128s-sphincs128s,1322886,1314950,1338603,336723,1126257,2522457
hqc128,sphincs128s-sphincs128s-sphincs128s,1322919,1314944,1340622,346451,1138147,2538836
hqc128,sphincs128s-sphincs128s-sphincs128s,1322902,1314945,1340976,336753,1125692,2526464
hqc128,sphincs128s-sphincs128s-sphincs128s,1322898,1314952,1342373,329416,1121080,2512092
hqc128,sphincs128s-sphincs128s-sphincs128s,1322915,1314953,1339398,346428,1138250,2533074
hqc128,sphincs128s-sphincs128s-sphincs128s,1322862,1314945,1342504,339144,1128566,2520386
hqc128,sphincs128s-sphincs128s-sphincs128s,1322873,1314945,1363104,341580,1133082,2545734
hqc128,sphincs128s-sphincs128s-sphincs128s,1322870,1314938,1340929,343999,1135476,2529280
hqc128,sphincs128s-sphincs128s-sphincs128s,1322889,1314917,1339623,375683,1166926,2556205
hqc128,sphincs128s-sphincs128s-sphincs128s,1322827,1314929,1340126,336711,1126557,2520942
hqc128,sphincs128s-sphincs128s-sphincs128s,1322917,1314965,1339592,353747,1145434,2562036
hqc128,sphincs128s-sphincs128s-sphincs128s,1322888,1314957,1375534,363509,1155349,2583532
hqc128,sphincs128s-sphincs128s-sphincs128s,1322904,1314935,1353285,341593,1133027,2541609
hqc128,sphincs128s-sphincs128s-sphincs128s,1322837,1314913,1337808,341571,1132848,2522293
hqc128,sphincs128s-sphincs128s-sphincs128s,1322858,1314939,1344434,358628,1150041,2543686
hqc128,sphincs128s-sphincs128s-sphincs128s,1322916,1314960,1346894,351299,1143176,2544694
hqc128,sphincs128s-sphincs128s-sphincs128s,1322886,1314928,1340041,370783,1162421,2551484
hqc128,sphincs128s-sphincs128s-sphincs128s,1322901,1314932,1342235,363515,1154987,2547356
hqc128,sphincs128s-sphincs128s-sphincs128s,1322855,1314920,1343302,341571,1132931,2536714
hqc128,sphincs128s-sphincs128s-sphincs128s,1322876,1314957,1340072,351343,1142679,2536108
hqc128,sphincs128s-sphincs128s-sphincs128s,1322892,1314948,1361325,331831,1123457,2575021
hqc128,sphincs128s-sphincs128s-sphincs128s,1322859,1314960,1339473,365964,1157417,2553545
hqc128,sphincs128s-sphincs128s-sphincs128s,1322834,1314945,1341176,339180,1130297,2523298
hqc128,sphincs128s-sphincs128s-sphincs128s,1322905,1314953,1340312,339189,1130443,2520752
hqc128,sphincs128s-sphincs128s-sphincs128s,1322791,1314935,1340220,356200,1147920,2539843
hqc128,sphincs128s-sphincs128s-sphincs128s,1322846,1314954,1342035,356182,1147948,2541817
hqc128,sphincs128s-sphincs128s-sphincs128s,1322820,1314921,1356940,329437,1120521,2528233
hqc128,sphincs128s-sphincs128s-sphincs128s,1322889,1314966,1342679,358631,1150455,2541415
hqc128,sphincs128s-sphincs128s-sphincs128s,1322784,1314919,1346148,358614,1150498,2554223
hqc128,sphincs128s-sphincs128s-sphincs128s,1322823,1314945,1338811,339142,1130232,2521421
hqc128,sphincs128s-sphincs128s-sphincs128s,1322892,1314947,1343770,346448,1138207,2535483
hqc128,sphincs128s-sphincs128s-sphincs128s,1322780,1314913,1342669,351302,1142907,2541920
hqc128,sphincs128s-sphincs128s-sphincs128s,1322807,1314934,1338981,346440,1138177,2529739
hqc128,sphincs128s-sphincs128s-sphincs128s,1322846,1314948,1344477,346457,1137662,2532382
hqc128,sphincs128s-sphincs128s-sphincs128s,1322886,1314952,1337256,344045,1135253,2522353
hqc128,sphincs128s-sphincs128s-sphincs128s,1322820,1314936,1343535,348880,1139997,2533063
hqc128,sphincs128s-sphincs128s-sphincs128s,1322804,1314940,1340235,334255,1125428,2514000
hqc128,sphincs128s-sphincs128s-sphincs128s,1322828,1314931,1337763,358640,1150338,2542044
hqc128,sphincs128s-sphincs128s-sphincs128s,1322783,1314929,1340797,353798,1145129,2539881
hqc128,sphincs128s-sphincs128s-sphincs128s,1322826,1314927,1338990,339131,1130700,2525609
hqc128,sphincs128s-sphincs128s-sphincs128s,1322831,1314937,1343232,336702,1128162,2522240
hqc128,sphincs128s-sphincs128s-sphincs128s,1322880,1314950,1367224,336719,1127958,2544857
hqc128,sphincs128s-sphincs128s-sphincs128s,1322881,1314948,1346102,346459,1138234,2533690
hqc128,sphincs128s-sphincs128s-sphincs128s,1322823,1314948,1353479,353745,1145424,2547159
hqc128,sphincs128s-sphincs128s-sphincs128s,1322846,1314945,1340255,363508,1154512,2546841
hqc128,sphincs128s-sphincs128s-sphincs128s,1322842,1314936,1342602,353775,1144002,2548133
hqc128,sphincs128s-sphincs128s-sphincs128s,1322837,1314938,1340054,339157,1128773,2518620
hqc128,sphincs128s-sphincs128s-sphincs128s,1322878,1314973,1337291,346458,1136378,2533530
hqc128,sphincs128s-sphincs128s-sphincs128s,1322860,1314941,1342929,356185,1147444,2540179
hqc128,sphincs128s-sphincs128s-sphincs128s,1322791,1314910,1342556,339187,1130973,2522057
hqc128,sphincs128s-sphincs128s-sphincs128s,1322831,1314938,1339980,341567,1133235,2524074
hqc128,sphincs128s-sphincs128s-sphincs128s,1322847,1314938,1347148,363510,1154668,2551892
hqc128,sphincs128s-sphincs128s-sphincs128s,1322818,1314953,1337756,365940,1157005,2547722
hqc128,sphincs128s-sphincs128s-sphincs128s,1322830,1314926,1344091,353770,1145358,2538767
hqc128,sphincs128s-sphincs128s-sphincs128s,1322830,1314940,1341831,351318,1142710,2534342
hqc128,sphincs128s-sphincs128s-sphincs128s,1322845,1314912,1339010,356178,1147654,2538951
hqc128,sphincs128s-sphincs128s-sphincs128s,1322848,1314942,1341268,334266,1123865,2517025
hqc128,sphincs128s-sphincs128s-sphincs128s,1322860,1314943,1340019,351331,1140263,2534827
hqc128,sphincs128s-sphincs128s-sphincs128s,1322856,1314941,1339774,351320,1142648,2536497
hqc128,sphincs128s-sphincs128s-sphincs128s,1322845,1314924,1350714,356185,1147879,2547387
hqc128,sphincs128s-sphincs128s-sphincs128s,1322857,1314934,1340811,363519,1154842,2546863
hqc128,sphincs128s-sphincs128s-sphincs128s,1322851,1314950,1340466,356212,1147840,2538301
hqc128,sphincs128s-sphincs128s-sphincs128s,1322841,1314939,1353497,346459,1138177,2591770
hqc128,sphincs128s-sphincs128s-sphincs128s,1322881,1314943,1340888,368384,1159589,2569755
hqc128,sphincs128s-sphincs128s-sphincs128s,1322811,1314921,1339754,351314,1142484,2535732
hqc128,sphincs128s-sphincs128s-sphincs128s,1322837,1314935,1341787,351336,1143099,2546889
hqc128,sphincs128s-sphincs128s-sphincs128s,1322825,1314940,1343855,331859,1122891,2515660
hqc128,sphincs128s-sphincs128s-sphincs128s,1322812,1314920,1339752,351316,1143313,2534275
hqc128,sphincs128s-sphincs128s-sphincs128s,1322850,1314938,1338267,346453,1137789,2529646
hqc128,sphincs128s-sphincs128s-sphincs128s,1322839,1314933,1340092,353755,1145385,2535778
hqc128,sphincs128s-sphincs128s-sphincs128s,1322837,1314950,1342111,348886,1140483,2533992
hqc128,sphincs128s-sphincs128s-sphincs128s,1322869,1314940,1337577,344000,1135034,2524295
hqc128,sphincs128s-sphincs128s-sphincs128s,1322828,1314939,1378176,351323,1142619,2578667
hqc128,sphincs128s-sphincs128s-sphincs128s,1322887,1314974,1369350,329411,1121095,2571981
hqc128,sphincs128s-sphincs128s-sphincs128s,1322833,1314939,1341390,356179,1147849,2548595
hqc128,sphincs128s-sphincs128s-sphincs128s,1322844,1314948,1340585,356174,1147572,2551885
hqc128,sphincs128s-sphincs128s-sphincs128s,1322868,1314948,1363572,348870,1139853,2560605
hqc128,sphincs128s-sphincs128s-sphincs128s,1322884,1314938,1350273,339143,1130807,2530449
hqc128,sphincs128s-sphincs128s-sphincs128s,1322797,1314924,1340032,344014,1133937,2530230
hqc128,sphincs128s-sphincs128s-sphincs128s,1322855,1314964,1350289,351336,1143034,2548382
hqc128,sphincs128s-sphincs128s-sphincs128s,1322839,1314947,1356927,353765,1145228,2578479
hqc128,sphincs128s-sphincs128s-sphincs128s,1322846,1314915,1344654,344040,1135826,2541846
hqc128,sphincs128s-sphincs128s-sphincs128s,1322833,1314924,1339949,339153,1128621,2516601
hqc128,sphincs128s-sphincs128s-sphincs128s,1322843,1314933,1341089,351310,1143091,2533991
hqc128,sphincs128s-sphincs128s-sphincs128s,1322801,1314935,1342203,312388,1101823,2506980
hqc128,sphincs128s-sphincs128s-sphincs128s,1322864,1314936,1361570,361048,1152372,2562019
hqc128,sphincs128s-sphincs128s-sphincs128s,1322835,1314937,1343897,361050,1152459,2545617
hqc128,sphincs128s-sphincs128s-sphincs128s,1322803,1314933,1337187,356183,1147630,2536824
hqc128,sphincs128s-sphincs128s-sphincs128s,1322840,1314952,1341847,346482,1137519,2532349
hqc128,sphincs128s-sphincs128s-sphincs128s,1322855,1314932,1339268,346454,1138362,2526352
hqc128,sphincs128s-sphincs128s-sphincs128s,1322850,1314941,1342375,361082,1152656,2546771
hqc128,sphincs128s-sphincs128s-sphincs128s,1322818,1314934,1364410,358628,1149954,2578495
hqc128,sphincs128s-sphincs128s-sphincs128s,1322838,1314934,1338935,356191,1145663,2538257
hqc128,sphincs128s-sphincs128s-sphincs128s,1322876,1314952,1344140,353746,1145458,2537422
hqc128,sphincs128s-sphincs128s-sphincs128s,1322863,1314969,1347291,348876,1140524,2538068
hqc128,sphincs128s-sphincs128s-sphincs128s,1322857,1314957,1340394,353767,1142665,2549659
hqc128,sphincs128s-sphincs128s-sphincs128s,1322873,1314928,1348416,370816,1162488,2558901
hqc128,sphincs128s-sphincs128s-sphincs128s,1322821,1314946,1351738,334295,1125575,2529090
hqc128,sphincs128s-sphincs128s-sphincs128s,1322865,1314945,1342533,368380,1159740,2554785
hqc128,sphincs128s-sphincs128s-sphincs128s,1322809,1314933,1355793,324510,1115766,2526818
hqc128,sphincs128s-sphincs128s-sphincs128s,1322840,1314935,1352457,356180,1147749,2551499
hqc128,sphincs128s-sphincs128s-sphincs128s,1322893,1314965,1340670,336693,1128135,2516761
hqc128,sphincs128s-sphincs128s-sphincs128s,1322840,1314942,1339789,353776,1145445,2536940
hqc128,sphincs128s-sphincs128s-sphincs128s,1322878,1314966,1345278,343997,1135664,2538711
hqc128,sphincs128s-sphincs128s-sphincs128s,1322830,1314931,1349220,363492,1153369,2552258
hqc128,sphincs128s-sphincs128s-sphincs128s,1322837,1314963,1348395,346462,1137880,2534806
hqc128,sphincs128s-sphincs128s-sphincs128s,1322835,1314957,1340284,370786,1162175,2552204
hqc128,sphincs128s-sphincs128s-sphincs128s,1322826,1314902,1341114,358634,1150360,2561445
hqc128,sphincs128s-sphincs128s-sphincs128s,1322827,1314937,1349158,358612,1150184,2549322
hqc128,sphincs128s-sphincs128s-sphincs128s,1322874,1314939,1339284,353767,1145437,2538946
hqc128,sphincs128s-sphincs128s-sphincs128s,1322830,1314922,1351569,334290,1125412,2526531
hqc128,sphincs128s-sphincs128s-sphincs128s,1322870,1314929,1337171,331843,1122195,2515085
hqc128,sphincs128s-sphincs128s-sphincs128s,1322838,1314939,1346145,373243,1164844,2560417
hqc128,sphincs128s-sphincs128s-sphincs128s,1322817,1314933,1346465,363516,1155204,2557925
hqc128,sphincs128s-sphincs128s-sphincs128s,1322896,1314959,1347819,351293,1142435,2540926
hqc128,sphincs128s-sphincs128s-sphincs128s,1322833,1314952,1339743,339136,1128581,2517702
hqc128,sphincs128s-sphincs128s-sphincs128s,1322884,1314952,1344068,351321,1142693,2538073
hqc128,sphincs128s-sphincs128s-sphincs128s,1322867,1314953,1339174,382973,1174641,2573405
hqc128,sphincs128s-sphincs128s-sphincs128s,1322904,1314950,1339294,373247,1164938,2565652
hqc128,sphincs128s-sphincs128s-sphincs128s,1322854,1314938,1401285,334300,1125772,2576647
hqc128,sphincs128s-sphincs128s-sphincs128s,1322793,1314932,1360287,344015,1135382,2565702
hqc128,sphincs128s-sphincs128s-sphincs128s,1322834,1314953,1348747,346474,1137852,2537039
hqc128,sphincs128s-sphincs128s-sphincs128s,1322899,1314933,1375911,348894,1140528,2564881
hqc128,sphincs128s-sphincs128s-sphincs128s,1322928,1314940,1354099,343998,1135324,2540313
hqc128,sphincs128s-sphincs128s-sphincs128s,1322858,1314934,1355720,334264,1125669,2568726
hqc128,sphincs128s-sphincs128s-sphincs128s,1322901,1314930,1398052,365944,1155945,2643432
hqc128,sphincs128s-sphincs128s-sphincs128s,1322875,1314958,1353982,336712,1126619,2549643
hqc128,sphincs128s-sphincs128s-sphincs128s,1322860,1314943,1345192,348884,1138147,2532963
hqc128,sphincs128s-sphincs128s-sphincs128s,1322819,1314922,1350753,336724,1126626,2621143
hqc128,sphincs128s-sphincs128s-sphincs128s,1322832,1314930,1413739,382988,1174539,2643036
hqc128,sphincs128s-sphincs128s-sphincs128s,1322876,1314935,1338575,309960,1101635,2491530
hqc128,sphincs128s-sphincs128s-sphincs128s,1322888,1314938,1341269,327029,1118258,2509758
hqc128,sphincs128s-sphincs128s-sphincs128s,1322827,1314934,1340287,344030,1133928,2551428
hqc128,sphincs128s-sphincs128s-sphincs128s,1322861,1314937,1340966,356175,1147467,2541168
hqc128,sphincs128s-sphincs128s-sphincs128s,1322898,1314953,1351023,358612,1150084,2551958
hqc128,sphincs128s-sphincs128s-sphincs128s,1322839,1314932,1342156,339155,1130902,2527354
hqc128,sphincs128s-sphincs128s-sphincs128s,1322843,1314941,1343659,339136,1130206,2525221
hqc128,sphincs128s-sphincs128s-sphincs128s,1322845,1314932,1341199,346479,1135882,2526584
hqc128,sphincs128s-sphincs128s-sphincs128s,1323160,1314967,1340974,353764,1143376,2537425
hqc128,sphincs128s-sphincs128s-sphincs128s,1322810,1314934,1345846,356193,1146099,2539867
hqc128,sphincs128s-sphincs128s-sphincs128s,1322854,1314946,1353351,348902,1140024,2541362
hqc128,sphincs128s-sphincs128s-sphincs128s,1322869,1314928,1341004,341606,1133091,2524014
hqc128,sphincs128s-sphincs128s-sphincs128s,1322854,1314951,1339808,365955,1157661,2546760
hqc128,sphincs128s-sphincs128s-sphincs128s,1322856,1314947,1342922,370775,1161987,2554073
hqc128,sphincs128s-sphincs128s-sphincs128s,1322876,1314951,1336715,351297,1140722,2529985
hqc128,sphincs128s-sphincs128s-sphincs128s,1322816,1314920,1339256,329407,1121089,2509391
hqc128,sphincs128s-sphincs128s-sphincs128s,1322814,1314938,1350703,341586,1133242,2534054
hqc128,sphincs128s-sphincs128s-sphincs128s,1322845,1314962,1340772,353743,1144811,2547538
hqc128,sphincs128s-sphincs128s-sphincs128s,1322812,1314941,1342331,351319,1142741,2535303
hqc128,sphincs128s-sphincs128s-sphincs128s,1322818,1314938,1338613,336699,1127965,2518502
hqc128,sphincs128s-sphincs128s-sphincs128s,1322886,1314980,1343692,322099,1113076,2506005
hqc128,sphincs128s-sphincs128s-sphincs128s,1322854,1314946,1337660,344033,1135750,2526527
hqc128,sphincs128s-sphincs128s-sphincs128s,1322832,1314945,1337104,348875,1140543,2530263
hqc128,sphincs128s-sphincs128s-sphincs128s,1322855,1314946,1345519,341598,1130588,2525833
hqc128,sphincs128s-sphincs128s-sphincs128s,1322866,1314934,1342365,353763,1145690,2542818
hqc128,sphincs128s-sphincs128s-sphincs128s,1322817,1314919,1336956,348897,1140298,2531787
hqc128,sphincs128s-sphincs128s-sphincs128s,1322842,1314937,1344772,353749,1144839,2539253
hqc128,sphincs128s-sphincs128s-sphincs128s,1322815,1314950,1343911,334290,1125440,2518278
hqc128,sphincs128s-sphincs128s-sphincs128s,1322850,1314927,1340849,339164,1130631,2520707
hqc128,sphincs128s-sphincs128s-sphincs128s,1322809,1314940,1341479,344031,1135494,2530942
hqc128,sphincs128s-sphincs128s-sphincs128s,1322852,1314949,1340185,336724,1128388,2528301
hqc128,sphincs128s-sphincs128s-sphincs128s,1322853,1314928,1338972,351341,1142535,2535608
hqc128,sphincs128s-sphincs128s-sphincs128s,1322904,1314954,1340794,363489,1155193,2544904
hqc128,sphincs128s-sphincs128s-sphincs128s,1322855,1314951,1340201,361061,1152676,2541174
hqc128,sphincs128s-sphincs128s-sphincs128s,1322842,1314947,1340429,353781,1145523,2536311
hqc128,sphincs128s-sphincs128s-sphincs128s,1322843,1314935,1339997,336727,1126044,2516873
hqc128,sphincs128s-sphincs128s-sphincs128s,1322820,1314934,1338690,356195,1146105,2533974
hqc128,sphincs128s-sphincs128s-sphincs128s,1322835,1314940,1341790,363504,1154605,2546760
hqc128,sphincs128s-sphincs128s-sphincs128s,1322856,1314947,1340401,363494,1155124,2543689
hqc128,sphincs128s-sphincs128s-sphincs128s,1322872,1314950,1351278,363489,1155179,2556233
hqc128,sphincs128s-sphincs128s-sphincs128s,1322845,1314947,1345678,353734,1145224,2543689
hqc128,sphincs128s-sphincs128s-sphincs128s,1322827,1314946,1343684,348898,1140208,2534277
hqc128,sphincs128s-sphincs128s-sphincs128s,1322796,1314916,1341415,373236,1165093,2555750
hqc128,sphincs128s-sphincs128s-sphincs128s,1322821,1314935,1340611,348881,1137772,2528019
hqc128,sphincs128s-sphincs128s-sphincs128s,1322886,1314959,1338964,368341,1160107,2547964
hqc128,sphincs128s-sphincs128s-sphincs128s,1322867,1314951,1339074,363513,1155188,2546252
hqc128,sphincs128s-sphincs128s-sphincs128s,1322886,1314944,1339928,346484,1137948,2530929
hqc128,sphincs128s-sphincs128s-sphincs128s,1322843,1314953,1341162,327015,1118717,2517389
hqc128,sphincs128s-sphincs128s-sphincs128s,1322838,1314939,1344274,353782,1145120,2537853
hqc128,sphincs128s-sphincs128s-sphincs128s,1322837,1314928,1340821,331847,1121360,2510404
hqc128,sphincs128s-sphincs128s-sphincs128s,1322879,1314937,1341307,351355,1140826,2531064
hqc128,sphincs128s-sphincs128s-sphincs128s,1322833,1314939,1339080,363525,1153121,2560168
hqc128,sphincs128s-sphincs128s-sphincs128s,1322820,1314940,1351469,351322,1142725,2544083
hqc128,sphincs128s-sphincs128s-sphincs128s,1322903,1314940,1339010,361079,1152762,2547140
hqc128,sphincs128s-sphincs128s-sphincs128s,1322878,1314936,1344366,358646,1149818,2551000
hqc128,sphincs128s-sphincs128s-sphincs128s,1322838,1314963,1354241,365922,1155779,2558896
hqc128,sphincs128s-sphincs128s-sphincs128s,1322877,1314944,1341864,348932,1140596,2539836
hqc128,sphincs128s-sphincs128s-sphincs128s,1322851,1314926,1340112,363490,1155240,2544602
hqc128,sphincs128s-sphincs128s-sphincs128s,1322814,1314951,1337983,346453,1135314,2540548
hqc128,sphincs128s-sphincs128s-sphincs128s,1322823,1314943,1358750,346465,1135806,2543537
hqc128,sphincs128s-sphincs128s-sphincs128s,1322827,1314941,1347443,358644,1148235,2544689
hqc128,sphincs128s-sphincs128s-sphincs128s,1322833,1314936,1367740,353754,1145448,2561432
hqc128,sphincs128s-sphincs128s-sphincs128s,1322830,1314953,1339069,341543,1132781,2533892
hqc128,sphincs128s-sphincs128s-sphincs128s,1322807,1314941,1341759,375654,1167457,2557986
hqc128,sphincs128s-sphincs128s-sphincs128s,1322874,1314951,1362550,344021,1135355,2547033
hqc128,sphincs128s-sphincs128s-sphincs128s,1322854,1314937,1339318,331865,1123245,2512709
hqc128,sphincs128s-sphincs128s-sphincs128s,1322797,1314909,1348275,358614,1150293,2555200
hqc128,sphincs128s-sphincs128s-sphincs128s,1322840,1314930,1339385,370807,1162620,2562450
hqc128,sphincs128s-sphincs128s-sphincs128s,1322860,1314970,1338702,353751,1145622,2533543
hqc128,sphincs128s-sphincs128s-sphincs128s,1322769,1314919,1340331,356179,1147977,2537794
hqc128,sphincs128s-sphincs128s-sphincs128s,1322880,1314934,1337790,380556,1171640,2558265
hqc128,sphincs128s-sphincs128s-sphincs128s,1322802,1314921,1339159,339137,1130329,2518889
hqc128,sphincs128s-sphincs128s-sphincs128s,1322925,1314947,1344572,339161,1130580,2526465
hqc128,sphincs128s-sphincs128s-sphincs128s,1322822,1314935,1339736,361075,1152434,2541371
hqc128,sphincs128s-sphincs128s-sphincs128s,1322836,1314953,1339399,353748,1145472,2535688
hqc128,sphincs128s-sphincs128s-sphincs128s,1322807,1314931,1342533,373223,1164866,2557700
hqc128,sphincs128s-sphincs128s-sphincs128s,1322834,1314976,1338953,348873,1138384,2529847
hqc128,sphincs128s-sphincs128s-sphincs128s,1322806,1314940,1341647,365950,1157613,2552879
hqc128,sphincs128s-sphincs128s-sphincs128s,1322870,1314932,1359346,348906,1140369,2550233
hqc128,sphincs128s-sphincs128s-sphincs128s,1322857,1314950,1338549,341565,1130940,2521246
hqc128,sphincs128s-sphincs128s-sphincs128s,1322842,1314961,1339537,351336,1143069,2530496
hqc128,sphincs128s-sphincs128s-sphincs128s,1322842,1314939,1339076,339141,1130836,2519418
hqc128,sphincs128s-sphincs128s-sphincs128s,1322915,1314957,1340625,370803,1162087,2552246
hqc128,sphincs128s-sphincs128s-sphincs128s,1322877,1314930,1339197,361056,1152880,2541295
hqc128,sphincs128s-sphincs128s-sphincs128s,1322804,1314934,1339481,353752,1145531,2537049
hqc128,sphincs128s-sphincs128s-sphincs128s,1322844,1314947,1341517,346468,1137815,2529796
hqc128,sphincs128s-sphincs128s-sphincs128s,1322909,1314977,1339630,353747,1145278,2534446
hqc128,sphincs128s-sphincs128s-sphincs128s,1322813,1314943,1341169,351343,1143009,2534397
hqc128,sphincs128s-sphincs128s-sphincs128s,1322847,1314940,1339121,348900,1138744,2526909
hqc128,sphincs128s-sphincs128s-sphincs128s,1322861,1314939,1354890,356195,1145677,2549704
hqc128,sphincs128s-sphincs128s-sphincs128s,1322849,1314923,1340577,363517,1155588,2545924
hqc128,sphincs128s-sphincs128s-sphincs128s,1322852,1314949,1341323,363477,1155155,2545461
hqc128,sphincs128s-sphincs128s-sphincs128s,1322852,1314955,1339122,348881,1140505,2531637
hqc128,sphincs128s-sphincs128s-sphincs128s,1322869,1314926,1340847,353792,1145214,2548508
hqc128,sphincs128s-sphincs128s-sphincs128s,1323150,1314961,1338732,348885,1138729,2534001
hqc128,sphincs128s-sphincs128s-sphincs128s,1322825,1314949,1340321,348844,1138683,2528817
hqc128,sphincs128s-sphincs128s-sphincs128s,1322815,1314909,1345319,341586,1133350,2526862
hqc128,sphincs128s-sphincs128s-sphincs128s,1322872,1314964,1339402,334289,1125673,2514617
hqc128,sphincs128s-sphincs128s-sphincs128s,1322843,1314925,1339647,339195,1129043,2519931
hqc128,sphincs128s-sphincs128s-sphincs128s,1322851,1314936,1342920,348923,1140561,2538481
hqc128,sphincs128s-sphincs128s-sphincs128s,1322897,1314971,1341996,348880,1140062,2531250
hqc128,sphincs128s-sphincs128s-sphincs128s,1322825,1314946,1350470,365922,1157331,2556671
hqc128,sphincs128s-sphincs128s-sphincs128s,1322849,1314964,1351876,375665,1166895,2588163
hqc128,sphincs128s-sphincs128s-sphincs128s,1322833,1314936,1340613,339139,1128624,2539313
hqc128,sphincs128s-sphincs128s-sphincs128s,1322818,1314906,1339391,363497,1154578,2543129
hqc128,sphincs128s-sphincs128s-sphincs128s,1322851,1314947,1341590,361057,1152714,2543188
hqc128,sphincs128s-sphincs128s-sphincs128s,1322826,1314931,1343350,351323,1142514,2535051
hqc128,sphincs128s-sphincs128s-sphincs128s,1322821,1314945,1341288,351325,1142459,2533026
hqc128,sphincs128s-sphincs128s-sphincs128s,1322863,1314934,1340742,361076,1152846,2542692
hqc128,sphincs128s-sphincs128s-sphincs128s,1322822,1314914,1336152,353795,1143339,2529531
hqc128,sphincs128s-sphincs128s-sphincs128s,1322869,1314940,1342295,326986,1118221,2508540
hqc128,sphincs128s-sphincs128s-sphincs128s,1322879,1314948,1342772,356194,1147984,2543408
hqc128,sphincs128s-sphincs128s-sphincs128s,1322811,1314941,1339206,334263,1123755,2512130
hqc128,sphincs128s-sphincs128s-sphincs128s,1322862,1314946,1349596,358633,1149674,2549871
hqc128,sphincs128s-sphincs128s-sphincs128s,1322835,1314943,1340913,324545,1115763,2506291
hqc128,sphincs128s-sphincs128s-sphincs128s,1322851,1314932,1342981,351328,1143187,2536587
hqc128,sphincs128s-sphincs128s-sphincs128s,1322847,1314963,1343092,358614,1148540,2547853
hqc128,sphincs128s-sphincs128s-sphincs128s,1322793,1314915,1339399,336693,1127754,2516487
hqc128,sphincs128s-sphincs128s-sphincs128s,1322848,1314935,1339164,351325,1143031,2533464
hqc128,sphincs128s-sphincs128s-sphincs128s,1322794,1314923,1339013,336720,1128348,2516882
hqc128,sphincs128s-sphincs128s-sphincs128s,1322865,1314951,1343436,361059,1152453,2561976
hqc128,sphincs128s-sphincs128s-sphincs128s,1322897,1314949,1337740,351325,1143129,2535770
hqc128,sphincs128s-sphincs128s-sphincs128s,1322863,1314957,1340703,351319,1142819,2534085
hqc128,sphincs128s-sphincs128s-sphincs128s,1322843,1314935,1339459,356187,1147976,2536797
hqc128,sphincs128s-sphincs128s-sphincs128s,1322887,1314949,1377040,351329,1142469,2568830
hqc128,sphincs128s-sphincs128s-sphincs128s,1322850,1314941,1343513,346451,1138178,2533958
hqc128,sphincs128s-sphincs128s-sphincs128s,1322854,1314948,1342104,343987,1134002,2525901
hqc128,sphincs128s-sphincs128s-sphincs128s,1322783,1314935,1341215,344013,1135622,2525751
hqc128,sphincs128s-sphincs128s-sphincs128s,1322813,1314919,1345918,326959,1118110,2514203
hqc128,sphincs128s-sphincs128s-sphincs128s,1322862,1314955,1339799,368370,1160198,2549712
hqc128,sphincs128s-sphincs128s-sphincs128s,1322832,1314953,1341694,346465,1138243,2529541
hqc128,sphincs128s-sphincs128s-sphincs128s,1322831,1314941,1339723,324544,1115899,2505921
hqc128,sphincs128s-sphincs128s-sphincs128s,1322852,1314951,1349646,329424,1121082,2520020
hqc128,sphincs128s-sphincs128s-sphincs128s,1322895,1314955,1339875,346479,1138161,2525394
hqc128,sphincs128s-sphincs128s-sphincs128s,1322840,1314933,1344088,361072,1151310,2545009
hqc128,sphincs128s-sphincs128s-sphincs128s,1322896,1314953,1342194,334258,1125966,2518283
hqc128,sphincs128s-sphincs128s-sphincs128s,1322803,1314931,1339109,339156,1130309,2519969
hqc128,sphincs128s-sphincs128s-sphincs128s,1322781,1314916,1374522,344021,1135115,2560773
hqc128,sphincs128s-sphincs128s-sphincs128s,1322886,1314952,1339030,348891,1138320,2526525
hqc128,sphincs128s-sphincs128s-sphincs128s,1322829,1314950,1339858,375666,1167065,2558422
hqc128,sphincs128s-sphincs128s-sphincs128s,1322822,1314930,1344544,351333,1141199,2536401
hqc128,sphincs128s-sphincs128s-sphincs128s,1322836,1314946,1348416,358613,1149990,2547682
hqc128,sphincs128s-sphincs128s-sphincs128s,1322847,1314939,1340939,336722,1127874,2518729
hqc128,sphincs128s-sphincs128s-sphincs128s,1322842,1314935,1336933,365942,1157424,2552148
hqc128,sphincs128s-sphincs128s-sphincs128s,1322815,1314928,1341750,365951,1157411,2549962
hqc128,sphincs128s-sphincs128s-sphincs128s,1322848,1314929,1342930,358601,1149879,2544096
hqc128,sphincs128s-sphincs128s-sphincs128s,1322822,1314938,1341337,344028,1135540,2527325
hqc128,sphincs128s-sphincs128s-sphincs128s,1322829,1314941,1340117,361067,1152749,2542771
hqc128,sphincs128s-sphincs128s-sphincs128s,1322826,1314942,1343145,329426,1119395,2514669
hqc128,sphincs128s-sphincs128s-sphincs128s,1322849,1314944,1356259,341608,1133222,2546870
hqc128,sphincs128s-sphincs128s-sphincs128s,1322838,1314929,1336620,339162,1131091,2516914
hqc128,sphincs128s-sphincs128s-sphincs128s,1322821,1314925,1338948,351295,1143077,2532015
hqc128,sphincs128s-sphincs128s-sphincs128s,1322803,1314933,1340887,339163,1130623,2521265
hqc128,sphincs128s-sphincs128s-sphincs128s,1322813,1314928,1338931,348896,1140539,2530552
hqc128,sphincs128s-sphincs128s-sphincs128s,1322877,1314947,1339443,353763,1145360,2535231
hqc128,sphincs128s-sphincs128s-sphincs128s,1322809,1314940,1358884,351324,1142885,2551184
hqc128,sphincs128s-sphincs128s-sphincs128s,1322824,1314936,1340987,339134,1130480,2521719
hqc128,sphincs128s-sphincs128s-sphincs128s,1322849,1314947,1338667,348908,1137765,2526723
hqc128,sphincs128s-sphincs128s-sphincs128s,1322854,1314945,1343475,358646,1150319,2544657
hqc128,sphincs128s-sphincs128s-sphincs128s,1322873,1314948,1339473,341609,1133068,2521863
hqc128,sphincs128s-sphincs128s-sphincs128s,1322871,1314956,1338593,382950,1174389,2562766
hqc128,sphincs128s-sphincs128s-sphincs128s,1322856,1314932,1339365,329398,1118905,2508133
hqc128,sphincs128s-sphincs128s-sphincs128s,1322827,1314951,1338955,331870,1123479,2511518
hqc128,sphincs128s-sphincs128s-sphincs128s,1322864,1314960,1339186,356170,1147282,2544624
hqc128,sphincs128s-sphincs128s-sphincs128s,1322779,1314921,1343787,365940,1157803,2552792
hqc128,sphincs128s-sphincs128s-sphincs128s,1322865,1314933,1343758,370788,1162077,2558291
hqc128,sphincs128s-sphincs128s-sphincs128s,1322850,1314959,1355688,336707,1125764,2532067
hqc128,sphincs128s-sphincs128s-sphincs128s,1322827,1314928,1343943,336724,1126701,2519664
hqc128,sphincs128s-sphincs128s-sphincs128s,1322871,1314936,1346114,344029,1135615,2533409
hqc128,sphincs128s-sphincs128s-sphincs128s,1322845,1314918,1338927,336712,1128178,2516092
hqc128,sphincs128s-sphincs128s-sphincs128s,1322855,1314919,1345048,344015,1135185,2533210
hqc128,sphincs128s-sphincs128s-sphincs128s,1322849,1314965,1344032,356218,1147842,2541950
hqc128,sphincs128s-sphincs128s-sphincs128s,1322831,1314921,1340926,336720,1128231,2518639
hqc128,sphincs128s-sphincs128s-sphincs128s,1322836,1314930,1340381,331879,1122924,2512615
hqc128,sphincs128s-sphincs128s-sphincs128s,1322865,1314942,1344503,348908,1138543,2532302
hqc128,sphincs128s-sphincs128s-sphincs128s,1322826,1314930,1344610,334294,1125242,2521383
hqc128,sphincs128s-sphincs128s-sphincs128s,1323218,1314968,1343509,361041,1152379,2549126
hqc128,sphincs128s-sphincs128s-sphincs128s,1322825,1314938,1340452,375704,1167094,2557697
hqc128,sphincs128s-sphincs128s-sphincs128s,1322821,1314951,1341534,356176,1147866,2538594
hqc128,sphincs128s-sphincs128s-sphincs128s,1322862,1314936,1376241,351330,1142721,2572642
hqc128,sphincs128s-sphincs128s-sphincs128s,1322891,1314968,1347708,385432,1176904,2574950
hqc128,sphincs128s-sphincs128s-sphincs128s,1322824,1314929,1340157,344009,1135406,2573326
hqc128,sphincs128s-sphincs128s-sphincs128s,1322842,1314923,1342514,361072,1152660,2544066
hqc128,sphincs128s-sphincs128s-sphincs128s,1322860,1314938,1339596,344020,1135448,2524975
hqc128,sphincs128s-sphincs128s-sphincs128s,1322820,1314932,1341581,375637,1167424,2564082
hqc128,sphincs128s-sphincs128s-sphincs128s,1322831,1314932,1344030,361065,1149837,2546092
hqc128,sphincs128s-sphincs128s-sphincs128s,1322833,1314949,1340430,326988,1118453,2508075
hqc128,sphincs128s-sphincs128s-sphincs128s,1322919,1314968,1341325,368392,1159759,2549747
hqc128,sphincs128s-sphincs128s-sphincs128s,1322851,1314921,1342008,365915,1157603,2549657
hqc128,sphincs128s-sphincs128s-sphincs128s,1322840,1314939,1344448,329400,1120579,2515273
hqc128,sphincs128s-sphincs128s-sphincs128s,1322899,1314962,1338632,341595,1132967,2553825
hqc128,sphincs128s-sphincs128s-sphincs128s,1322814,1314925,1337674,324562,1116411,2515031
hqc128,sphincs128s-sphincs128s-sphincs128s,1322844,1314951,1342164,346448,1137462,2536646
hqc128,sphincs128s-sphincs128s-sphincs128s,1322815,1314937,1343878,336703,1128330,2520555
hqc128,sphincs128s-sphincs128s-sphincs128s,1322900,1314940,1337379,346446,1136393,2541533
hqc128,sphincs128s-sphincs128s-sphincs128s,1322838,1314911,1340543,370792,1162401,2552295
hqc128,sphincs128s-sphincs128s-sphincs128s,1322826,1314931,1340917,370792,1162436,2554907
hqc128,sphincs128s-sphincs128s-sphincs128s,1322843,1314916,1340505,346470,1137826,2527910
hqc128,sphincs128s-sphincs128s-sphincs128s,1322858,1314926,1342294,339144,1130456,2520432
hqc128,sphincs128s-sphincs128s-sphincs128s,1322865,1314966,1340312,356202,1147901,2546141
hqc128,sphincs128s-sphincs128s-sphincs128s,1322848,1314938,1353555,358629,1148237,2553027
hqc128,sphincs128s-sphincs128s-sphincs128s,1322866,1314925,1339389,331838,1123557,2512685
hqc128,sphincs128s-sphincs128s-sphincs128s,1322828,1314944,1340283,346467,1137612,2533723
hqc128,sphincs128s-sphincs128s-sphincs128s,1322832,1314961,1338153,358647,1150000,2544892
hqc128,sphincs128s-sphincs128s-sphincs128s,1322831,1314918,1339259,353770,1143560,2533163
hqc128,sphincs128s-sphincs128s-sphincs128s,1322860,1314919,1341796,356196,1147610,2538330
hqc128,sphincs128s-sphincs128s-sphincs128s,1322876,1314960,1339050,348871,1139789,2528965
hqc128,sphincs128s-sphincs128s-sphincs128s,1322831,1314926,1338774,353786,1142794,2531570
hqc128,sphincs128s-sphincs128s-sphincs128s,1322861,1314953,1347065,353739,1143699,2543739
hqc128,sphincs128s-sphincs128s-sphincs128s,1322847,1314920,1340505,346431,1138103,2536941
hqc128,sphincs128s-sphincs128s-sphincs128s,1322827,1314935,1340717,368348,1160043,2558060
hqc128,sphincs128s-sphincs128s-sphincs128s,1322833,1314940,1352312,351337,1142661,2545449
hqc128,sphincs128s-sphincs128s-sphincs128s,1322858,1314957,1336809,361080,1152823,2543121
hqc128,sphincs128s-sphincs128s-sphincs128s,1322809,1314918,1337816,317246,1108682,2501080
hqc128,sphincs128s-sphincs128s-sphincs128s,1322812,1314927,1338472,331830,1122989,2510518
hqc128,sphincs128s-sphincs128s-sphincs128s,1322897,1314952,1337900,356199,1147800,2543828
hqc128,sphincs128s-sphincs128s-sphincs128s,1322831,1314934,1338858,334303,1126041,2515202
hqc128,sphincs128s-sphincs128s-sphincs128s,1322844,1314945,1344737,363505,1154643,2550096
hqc128,sphincs128s-sphincs128s-sphincs128s,1322859,1314940,1348532,365921,1157137,2555125
hqc128,sphincs128s-sphincs128s-sphincs128s,1322862,1314963,1341442,344003,1135549,2528266
hqc128,sphincs128s-sphincs128s-sphincs128s,1322833,1314954,1350321,363499,1154598,2557101
hqc128,sphincs128s-sphincs128s-sphincs128s,1322794,1314930,1338948,363503,1154977,2546811
hqc128,sphincs128s-sphincs128s-sphincs128s,1322873,1314948,1346664,346446,1138216,2539597
hqc128,sphincs128s-sphincs128s-sphincs128s,1323234,1314962,1344015,356220,1145065,2537905
hqc128,sphincs128s-sphincs128s-sphincs128s,1322857,1314955,1342167,346450,1137603,2529412
hqc128,sphincs128s-sphincs128s-sphincs128s,1322868,1314956,1366852,341610,1133223,2553627
hqc128,sphincs128s-sphincs128s-sphincs128s,1322888,1314944,1353992,346452,1138277,2674880
hqc128,sphincs128s-sphincs128s-sphincs128s,1322872,1314957,1349011,348908,1140587,2542264
hqc128,sphincs128s-sphincs128s-sphincs128s,1322834,1314914,1343881,361042,1152891,2559587
hqc128,sphincs128s-sphincs128s-sphincs128s,1322862,1314952,1347562,341602,1133251,2553028
hqc128,sphincs128s-sphincs128s-sphincs128s,1322833,1314923,1339760,361030,1152507,2545288
hqc128,sphincs128s-sphincs128s-sphincs128s,1322870,1314930,1351563,326960,1118590,2521046
hqc128,sphincs128s-sphincs128s-sphincs128s,1322847,1314930,1340641,348904,1140460,2531064
hqc128,sphincs128s-sphincs128s-sphincs128s,1322861,1314953,5389529,361059,1152814,6624263
hqc128,sphincs128s-sphincs128s-sphincs128s,1322870,1314942,1339256,351310,1140267,2531903
hqc128,sphincs128s-sphincs128s-sphincs128s,1322876,1314941,1346824,326964,1118426,2521875
hqc128,sphincs128s-sphincs128s-sphincs128s,1322863,1314939,1356802,346471,1137809,2543454
hqc128,sphincs128s-sphincs128s-sphincs128s,1322828,1314970,1348908,382987,1174531,2572408
hqc128,sphincs128s-sphincs128s-sphincs128s,1322873,1314932,1353347,324564,1115804,2541744
hqc128,sphincs128s-sphincs128s-sphincs128s,1322884,1314949,1371868,334257,1123744,2545186
hqc128,sphincs128s-sphincs128s-sphincs128s,1322806,1314939,1339691,339166,1130516,2521592
hqc128,sphincs128s-sphincs128s-sphincs128s,1322824,1314941,1342109,348899,1140631,2534031
hqc128,sphincs128s-sphincs128s-sphincs128s,1322874,1314939,1352337,348911,1140293,2549241
hqc128,sphincs128s-sphincs128s-sphincs128s,1323517,1314985,1350309,365922,1157793,2556928
hqc128,sphincs128s-sphincs128s-sphincs128s,1322799,1314938,1340293,358625,1150357,2545773
hqc128,sphincs128s-sphincs128s-sphincs128s,1322825,1314926,1341591,368377,1159496,2567279
hqc128,sphincs128s-sphincs128s-sphincs128s,1322840,1314941,1340472,331849,1123293,2517364
hqc128,sphincs128s-sphincs128s-sphincs128s,1322851,1314944,1345059,339151,1128120,2531668
hqc128,sphincs128s-sphincs128s-sphincs128s,1322824,1314956,1345859,361039,1152568,2551223
hqc128,sphincs128s-sphincs128s-sphincs128s,1322907,1314963,1348249,348902,1140373,2536515
hqc128,sphincs128s-sphincs128s-sphincs128s,1322904,1314963,1342814,319690,1111255,2509297
hqc128,sphincs128s-sphincs128s-sphincs128s,1322851,1314919,1339445,339157,1128643,2517990
hqc128,sphincs128s-sphincs128s-sphincs128s,1322802,1314931,1339481,339147,1130613,2522292
hqc128,sphincs128s-sphincs128s-sphincs128s,1322850,1314921,1343172,346459,1137743,2529721
hqc128,sphincs128s-sphincs128s-sphincs128s,1322817,1314922,1339173,346451,1136020,2527742
hqc128,sphincs128s-sphincs128s-sphincs128s,1322886,1314957,1339973,353749,1145306,2535873
hqc128,sphincs128s-sphincs128s-sphincs128s,1322852,1314930,1339976,351345,1142480,2531364
hqc128,sphincs128s-sphincs128s-sphincs128s,1322852,1314929,1346964,356204,1145198,2560823
hqc128,sphincs128s-sphincs128s-sphincs128s,1322845,1314946,1344561,336690,1128324,2526121
hqc128,sphincs128s-sphincs128s-sphincs128s,1322853,1314935,1345615,319645,1111206,2520469
hqc128,sphincs128s-sphincs128s-sphincs128s,1322859,1314926,1343894,375709,1167105,2578181
hqc128,sphincs128s-sphincs128s-sphincs128s,1322834,1314931,1353716,353751,1145330,2549060
hqc128,sphincs128s-sphincs128s-sphincs128s,1322854,1314946,1349616,344000,1133905,2536265
hqc128,sphincs128s-sphincs128s-sphincs128s,1322875,1314951,1338683,361061,1152517,2540549
hqc128,sphincs128s-sphincs128s-sphincs128s,1322885,1314938,1362575,331825,1123169,2550823
hqc128,sphincs128s-sphincs128s-sphincs128s,1322844,1314956,1345523,341575,1132893,2542578
hqc128,sphincs128s-sphincs128s-sphincs128s,1322880,1314963,1361510,336729,1126513,2536403
hqc128,sphincs128s-sphincs128s-sphincs128s,1322807,1314921,1340060,341580,1131583,2534720
hqc128,sphincs128s-sphincs128s-sphincs128s,1322799,1314921,1356998,348914,1138687,2547918
hqc128,sphincs128s-sphincs128s-sphincs128s,1322886,1314957,1341343,344022,1133385,2530150
hqc128,sphincs128s-sphincs128s-sphincs128s,1322851,1314939,1341400,368356,1157959,2549431
hqc128,sphincs128s-sphincs128s-sphincs128s,1322862,1314937,1344778,351284,1140787,2536193
hqc128,sphincs128s-sphincs128s-sphincs128s,1322827,1314930,1348687,339166,1128770,2533286
hqc128,sphincs128s-sphincs128s-sphincs128s,1322834,1314929,1340992,317223,1106691,2497882
hqc128,sphincs128s-sphincs128s-sphincs128s,1322827,1314935,1342399,353774,1143649,2535622
hqc128,sphincs128s-sphincs128s-sphincs128s,1322896,1314973,1339614,358630,1148152,2539006
hqc128,sphincs128s-sphincs128s-sphincs128s,1322839,1314959,1340993,346473,1136363,2545817
hqc128,sphincs128s-sphincs128s-sphincs128s,1322848,1314962,1357572,363507,1153338,2564636
hqc128,sphincs128s-sphincs128s-sphincs128s,1322827,1314928,1352997,356164,1146132,2554710
hqc128,sphincs128s-sphincs128s-sphincs128s,1322905,1314965,1346997,334283,1123754,2522304
hqc128,sphincs128s-sphincs128s-sphincs128s,1322843,1314950,1337814,353750,1143464,2530957
hqc128,sphincs128s-sphincs128s-sphincs128s,1322845,1314952,1343583,317228,1106798,2499462
hqc128,sphincs128s-sphincs128s-sphincs128s,1322843,1314936,1353425,380574,1170385,2573698
hqc128,sphincs128s-sphincs128s-sphincs128s,1322798,1314926,1338579,346465,1136183,2531218
hqc128,sphincs128s-sphincs128s-sphincs128s,1322860,1314960,1343343,351344,1140729,2534881
hqc128,sphincs128s-sphincs128s-sphincs128s,1322817,1314947,1343817,356193,1145991,2550422
hqc128,sphincs128s-sphincs128s-sphincs128s,1322824,1314921,1350095,368381,1158300,2557811
hqc128,sphincs128s-sphincs128s-sphincs128s,1322848,1314915,1340200,368328,1157924,2547563
hqc128,sphincs128s-sphincs128s-sphincs128s,1322919,1314931,1341796,326991,1116555,2507259
hqc128,sphincs128s-sphincs128s-sphincs128s,1322894,1314958,1339907,351339,1140859,2570835
hqc128,sphincs128s-sphincs128s-sphincs128s,1322887,1314927,1377729,348893,1138420,2567873
hqc128,sphincs128s-sphincs128s-sphincs128s,1322844,1314946,1341874,348913,1138474,2530605
hqc128,sphincs128s-sphincs128s-sphincs128s,1322855,1314950,1338957,348909,1140571,2529635
hqc128,sphincs128s-sphincs128s-sphincs128s,1322828,1314917,1346792,341593,1133007,2548426
hqc128,sphincs128s-sphincs128s-sphincs128s,1322850,1314927,1344990,361060,1152793,2548363
hqc128,sphincs128s-sphincs128s-sphincs128s,1322822,1314911,1339950,329452,1120596,2511972
hqc128,sphincs128s-sphincs128s-sphincs128s,1322817,1314944,1354993,346453,1135452,2544341
hqc128,sphincs128s-sphincs128s-sphincs128s,1322854,1314952,1343700,358622,1150309,2549881
hqc128,sphincs128s-sphincs128s-sphincs128s,1322862,1314937,1346078,344014,1135654,2531338
hqc128,sphincs128s-sphincs128s-sphincs128s,1322834,1314926,1340617,341588,1133284,2522774
hqc128,sphincs128s-sphincs128s-sphincs128s,1322820,1314948,1337313,336715,1128136,2517322
hqc128,sphincs128s-sphincs128s-sphincs128s,1322860,1314933,1339695,344025,1135185,2525614
hqc128,sphincs128s-sphincs128s-sphincs128s,1322874,1314923,1337044,361033,1150591,2564944
hqc128,sphincs128s-sphincs128s-sphincs128s,1322837,1314939,1339153,348857,1140599,2535532
hqc128,sphincs128s-sphincs128s-sphincs128s,1322819,1314949,1339715,356193,1146107,2535095
hqc128,sphincs128s-sphincs128s-sphincs128s,1322855,1314943,1392202,365902,1157545,2599943
hqc128,sphincs128s-sphincs128s-sphincs128s,1322862,1314954,1337629,373245,1164383,2558188
hqc128,sphincs128s-sphincs128s-sphincs128s,1322839,1314955,1354727,356194,1144968,2549416
hqc128,sphincs128s-sphincs128s-sphincs128s,1322852,1314945,1341233,344017,1135309,2535891
hqc128,sphincs128s-sphincs128s-sphincs128s,1322868,1314939,1344993,358638,1148065,2546840
hqc128,sphincs128s-sphincs128s-sphincs128s,1322843,1314976,1339221,339145,1130241,2518489
hqc128,sphincs128s-sphincs128s-sphincs128s,1322852,1314955,1351602,353746,1145212,2546440
hqc128,sphincs128s-sphincs128s-sphincs128s,1322856,1314947,1347279,348862,1139907,2542142
hqc128,sphincs128s-sphincs128s-sphincs128s,1322851,1314940,1338934,334294,1125720,2513506
hqc128,sphincs128s-sphincs128s-sphincs128s,1322856,1314962,1339110,378106,1169757,2578179
hqc128,sphincs128s-sphincs128s-sphincs128s,1322817,1314941,1350113,344021,1132835,2532690
hqc128,sphincs128s-sphincs128s-sphincs128s,1322874,1314938,1344729,356234,1147891,2546239
hqc128,sphincs128s-sphincs128s-sphincs128s,1322823,1314919,1339096,341579,1377236,2765470
hqc128,sphincs128s-sphincs128s-sphincs128s,1322860,1314947,1338569,351326,1142719,2536736
hqc128,sphincs128s-sphincs128s-sphincs128s,1322870,1314951,1346326,336734,1128255,2541206
hqc128,sphincs128s-sphincs128s-sphincs128s,1322866,1314923,1349128,324527,1115954,2515290
hqc128,sphincs128s-sphincs128s-sphincs128s,1322908,1314944,1340872,356207,1146017,2535517
hqc128,sphincs128s-sphincs128s-sphincs128s,1322894,1314934,1341362,344059,1135776,2526429
hqc128,sphincs128s-sphincs128s-sphincs128s,1322867,1314957,1369316,353791,1145365,2590681
hqc128,sphincs128s-sphincs128s-sphincs128s,1322900,1314949,1353711,348887,1138831,2553368
hqc128,sphincs128s-sphincs128s-sphincs128s,1322883,1314936,1353760,327005,1117002,2536649
hqc128,sphincs128s-sphincs128s-sphincs128s,1322907,1314948,1364436,336722,1128034,2542015
hqc128,sphincs128s-sphincs128s-sphincs128s,1322840,1314926,1338592,341587,1132847,2529591
hqc128,sphincs128s-sphincs128s-sphincs128s,1322865,1314922,1341958,339144,1128758,2523330
hqc128,sphincs128s-sphincs128s-sphincs128s,1322852,1314923,1344630,346437,1135468,2529918
hqc128,sphincs128s-sphincs128s-sphincs128s,1322890,1314947,1346845,392699,1184140,2586791
hqc128,sphincs128s-sphincs128s-sphincs128s,1322962,1314982,1347603,361073,1152708,2549858
hqc128,sphincs128s-sphincs128s-sphincs128s,1322850,1314942,1339091,329409,1118408,2513084
hqc128,sphincs128s-sphincs128s-sphincs128s,1323251,1314962,1370571,329402,1120863,2543443
hqc128,sphincs128s-sphincs128s-sphincs128s,1322875,1314935,1356442,373246,1164671,2573893
hqc128,sphincs128s-sphincs128s-sphincs128s,1322933,1314943,1342024,378105,1167769,2568492
hqc128,sphincs128s-sphincs128s-sphincs128s,1322885,1314951,1367187,353738,1145171,2574721
hqc128,sphincs128s-sphincs128s-sphincs128s,1322894,1314948,1339258,329404,1120920,2509236
hqc128,sphincs128s-sphincs128s-sphincs128s,1322842,1314920,1340038,336715,1128106,2517364
hqc128,sphincs128s-sphincs128s-sphincs128s,1322899,1314929,1348338,361054,1152411,2550836
hqc128,sphincs128s-sphincs128s-sphincs128s,1322890,1314968,1343208,358643,1150054,2554314
hqc128,sphincs128s-sphincs128s-sphincs128s,1322808,1314931,1350626,348908,1138588,2541596
hqc128,sphincs128s-sphincs128s-sphincs128s,1322907,1314934,1393271,329427,1120556,2562912
hqc128,sphincs128s-sphincs128s-sphincs128s,1322868,1314936,1341300,363521,1153521,2544324
hqc128,sphincs128s-sphincs128s-sphincs128s,1322878,1314933,1343338,353726,1145281,2544222
hqc128,sphincs128s-sphincs128s-sphincs128s,1322874,1314933,1346472,356225,1145082,2539578
hqc128,sphincs128s-sphincs128s-sphincs128s,1322935,1314954,1341500,336723,1128291,2524084
hqc128,sphincs128s-sphincs128s-sphincs128s,1322871,1314925,1364309,336693,1128168,2546064
hqc128,sphincs128s-sphincs128s-sphincs128s,1322868,1314946,1353630,358657,1150279,2560841
hqc128,sphincs128s-sphincs128s-sphincs128s,1322808,1314922,1399007,334268,1125700,2602342
hqc128,sphincs128s-sphincs128s-sphincs128s,1322874,1314932,1345473,339153,1130981,2551798
hqc128,sphincs128s-sphincs128s-sphincs128s,1322875,1314905,1353970,348903,1140154,2574501
hqc128,sphincs128s-sphincs128s-sphincs128s,1322848,1314963,1338731,348873,1138496,2532706
hqc128,sphincs128s-sphincs128s-sphincs128s,1322888,1314928,1346352,341616,1133047,2529335
hqc128,sphincs128s-sphincs128s-sphincs128s,1322948,1314940,1343686,353769,1145316,2551087
hqc128,sphincs128s-sphincs128s-sphincs128s,1322839,1314918,1337303,368363,1159486,2549803
hqc128,sphincs128s-sphincs128s-sphincs128s,1322855,1314928,1356612,339122,1130810,2543995
hqc128,sphincs128s-sphincs128s-sphincs128s,1322910,1314961,1339291,351323,1142974,2531259
hqc128,sphincs128s-sphincs128s-sphincs128s,1322921,1314926,1351361,351344,1140759,2546862
hqc128,sphincs128s-sphincs128s-sphincs128s,1322893,1314942,1367145,336738,1126598,2546192
hqc128,sphincs128s-sphincs128s-sphincs128s,1322818,1314910,1348223,336714,1128455,2527090
hqc128,sphincs128s-sphincs128s-sphincs128s,1322911,1314932,1339646,365915,1157614,2545977
hqc128,sphincs128s-sphincs128s-sphincs128s,1322871,1314923,1358360,329432,1121218,2530256
hqc128,sphincs128s-sphincs128s-sphincs128s,1322835,1314930,1341768,339152,1130962,2522844
hqc128,sphincs128s-sphincs128s-sphincs128s,1322866,1314932,1343901,370805,1160178,2553139
hqc128,sphincs128s-sphincs128s-sphincs128s,1322819,1314944,1340728,336694,1128104,2526853
hqc128,sphincs128s-sphincs128s-sphincs128s,1322846,1314958,1339417,334263,1126045,2515049
hqc128,sphincs128s-sphincs128s-sphincs128s,1322842,1314952,1340095,346458,1137429,2531320
hqc128,sphincs128s-sphincs128s-sphincs128s,1322840,1314922,1369693,353770,1144769,2563877
hqc128,sphincs128s-sphincs128s-sphincs128s,1322854,1314924,1342093,346474,1138188,2532814
hqc128,sphincs128s-sphincs128s-sphincs128s,1322861,1314938,1340838,346448,1138230,2529068
hqc128,sphincs128s-sphincs128s-sphincs128s,1322870,1314941,1344436,341574,1133268,2536273
hqc128,sphincs128s-sphincs128s-sphincs128s,1322856,1314915,1339803,361065,1152778,2542148
hqc128,sphincs128s-sphincs128s-sphincs128s,1322836,1314942,1354995,348910,1140568,2553641
hqc128,sphincs128s-sphincs128s-sphincs128s,1322849,1314940,1334831,351345,1140295,2526381
hqc128,sphincs128s-sphincs128s-sphincs128s,1322855,1314974,1341198,324538,1115564,2505356
hqc128,sphincs128s-sphincs128s-sphincs128s,1322877,1314927,1343856,346447,1137484,2531254
hqc128,sphincs128s-sphincs128s-sphincs128s,1322887,1314947,1340173,368340,1159755,2555849
hqc128,sphincs128s-sphincs128s-sphincs128s,1322880,1314953,1338725,378140,1169185,2559072
hqc128,sphincs128s-sphincs128s-sphincs128s,1322869,1314941,1346341,363535,1154730,2552347
hqc128,sphincs128s-sphincs128s-sphincs128s,1322861,1314933,1367692,348878,1138727,2556780
hqc128,sphincs128s-sphincs128s-sphincs128s,1322816,1314929,1337236,373243,1164374,2555752
hqc128,sphincs128s-sphincs128s-sphincs128s,1322819,1314934,1341403,356163,1147129,2540373
hqc128,sphincs128s-sphincs128s-sphincs128s,1322907,1314962,1338527,339161,1128642,2515976
hqc128,sphincs128s-sphincs128s-sphincs128s,1322841,1314951,1341563,351321,1140769,2567865
hqc128,sphincs128s-sphincs128s-sphincs128s,1322864,1314954,1345840,344037,1135249,2535317
hqc128,sphincs128s-sphincs128s-sphincs128s,1322834,1314932,1342343,363490,1154837,2547686
hqc128,sphincs128s-sphincs128s-sphincs128s,1322874,1314957,1339701,331848,1123266,2511973
hqc128,sphincs128s-sphincs128s-sphincs128s,1322837,1314944,1343612,346456,1137613,2557621
hqc128,sphincs128s-sphincs128s-sphincs128s,1322878,1314946,1339003,358630,1150173,2538564
hqc128,sphincs128s-sphincs128s-sphincs128s,1322861,1314919,1352235,351360,1142613,2544341
hqc128,sphincs128s-sphincs128s-sphincs128s,1322858,1314940,1341900,363514,1154435,2547631
hqc128,sphincs128s-sphincs128s-sphincs128s,1322818,1314951,1337441,358606,1150281,2541470
hqc128,sphincs128s-sphincs128s-sphincs128s,1322821,1314936,1339315,341608,1133363,2527391
hqc128,sphincs128s-sphincs128s-sphincs128s,1322851,1314944,1339636,356184,1147460,2535582
hqc128,sphincs128s-sphincs128s-sphincs128s,1322819,1314933,1339268,339149,1130386,2519564
hqc128,sphincs128s-sphincs128s-sphincs128s,1322858,1314959,1340271,378117,1169254,2557877
hqc128,sphincs128s-sphincs128s-sphincs128s,1322857,1314942,1340813,375673,1165054,2556482
hqc128,sphincs128s-sphincs128s-sphincs128s,1322857,1314935,1339339,336703,1128437,2517021
hqc128,sphincs128s-sphincs128s-sphincs128s,1322880,1314963,1347441,363491,1154537,2551351
hqc128,sphincs128s-sphincs128s-sphincs128s,1322841,1314923,1339135,341626,1133007,2521532
hqc128,sphincs128s-sphincs128s-sphincs128s,1322841,1314946,1348995,373213,1164789,2563436
hqc128,sphincs128s-sphincs128s-sphincs128s,1322836,1314942,1342385,373246,1165016,2557453
hqc128,sphincs128s-sphincs128s-sphincs128s,1322854,1314941,1339153,348916,1139889,2528785
hqc128,sphincs128s-sphincs128s-sphincs128s,1322878,1314949,1341314,351339,1142879,2532714
hqc128,sphincs128s-sphincs128s-sphincs128s,1322862,1314931,1341196,375689,1167554,2562092
hqc128,sphincs128s-sphincs128s-sphincs128s,1322851,1314958,1340940,346456,1138214,2530903
hqc128,sphincs128s-sphincs128s-sphincs128s,1322804,1314948,1340681,351326,1142980,2532747
hqc128,sphincs128s-sphincs128s-sphincs128s,1322888,1314961,1343314,365937,1157746,2550306
hqc128,sphincs128s-sphincs128s-sphincs128s,1322826,1314931,1350796,339148,1130855,2531899
hqc128,sphincs128s-sphincs128s-sphincs128s,1322815,1314915,1338907,353743,1145434,2533938
hqc128,sphincs128s-sphincs128s-sphincs128s,1322845,1314937,1339129,368354,1159516,2551169
hqc128,sphincs128s-sphincs128s-sphincs128s,1322840,1314945,1355214,322085,1113173,2526865
hqc128,sphincs128s-sphincs128s-sphincs128s,1322862,1314953,1345246,375659,1167328,2661768
hqc128,sphincs128s-sphincs128s-sphincs128s,1322854,1314945,1343610,339163,1130870,2531632
hqc128,sphincs128s-sphincs128s-sphincs128s,1322850,1314947,1363056,351297,1142593,2595960
hqc128,sphincs128s-sphincs128s-sphincs128s,1322826,1314919,1348650,358614,1149967,2550507
hqc128,sphincs128s-sphincs128s-sphincs128s,1322866,1314934,1341992,356171,1147575,2538902
hqc128,sphincs128s-sphincs128s-sphincs128s,1322842,1314937,1341094,363513,1152955,2549885
hqc128,sphincs128s-sphincs128s-sphincs128s,1322878,1314937,1342737,339174,1129133,2533220
hqc128,sphincs128s-sphincs128s-sphincs128s,1322832,1314927,1392802,329409,1121008,2562933
hqc128,sphincs128s-sphincs128s-sphincs128s,1322798,1314927,1350337,365904,1157494,2557162
hqc128,sphincs128s-sphincs128s-sphincs128s,1322801,1314932,1352329,341587,1132490,2534912
hqc128,sphincs128s-sphincs128s-sphincs128s,1322855,1314949,1385915,363496,1154859,2591037
hqc128,sphincs128s-sphincs128s-sphincs128s,1322846,1314910,1339075,346453,1138062,2528285
hqc128,sphincs128s-sphincs128s-sphincs128s,1322794,1314903,1352798,319670,1111077,2514294
hqc128,sphincs128s-sphincs128s-sphincs128s,1322832,1314934,1342762,351322,1142988,2544115
hqc128,sphincs128s-sphincs128s-sphincs128s,1322881,1314962,1338858,363493,1152422,2539614
hqc128,sphincs128s-sphincs128s-sphincs128s,1323210,1314973,1339782,348890,1138391,2528603
hqc128,sphincs128s-sphincs128s-sphincs128s,1322823,1314946,1339021,351297,1142954,2535470
hqc128,sphincs128s-sphincs128s-sphincs128s,1322815,1314928,1342610,348887,1140496,2546298
hqc128,sphincs128s-sphincs128s-sphincs128s,1322875,1314926,1346308,339168,1130487,2528424
hqc128,sphincs128s-sphincs128s-sphincs128s,1322846,1314935,1342462,341578,1131309,2522208
hqc128,sphincs128s-sphincs128s-sphincs128s,1322818,1314945,1350409,344024,1135732,2560532
hqc128,sphincs128s-sphincs128s-sphincs128s,1322869,1314961,1340862,363513,1154537,2544612
hqc128,sphincs128s-sphincs128s-sphincs128s,1322865,1314942,1341613,351330,1142962,2542685
hqc128,sphincs128s-sphincs128s-sphincs128s,1322844,1314953,1342965,373228,1165030,2559943
hqc128,sphincs128s-sphincs128s-sphincs128s,1322874,1314975,1343346,370800,1162163,2560790
hqc128,sphincs128s-sphincs128s-sphincs128s,1322836,1314936,1342928,331861,1123358,2515254
hqc128,sphincs128s-sphincs128s-sphincs128s,1322826,1314937,1339257,351310,1142819,2531638
hqc128,sphincs128s-sphincs128s-sphincs128s,1322802,1314924,1340412,331817,1121225,2510487
hqc128,sphincs128s-sphincs128s-sphincs128s,1322912,1314971,1347059,348866,1140653,2541320
hqc128,sphincs128s-sphincs128s-sphincs128s,1322850,1314910,1339759,346467,1138277,2527992
hqc128,sphincs128s-sphincs128s-sphincs128s,1322919,1314952,1348573,356198,1147810,2547000
hqc128,sphincs128s-sphincs128s-sphincs128s,1322873,1314954,1347753,344019,1135611,2555173
hqc128,sphincs128s-sphincs128s-sphincs128s,1322874,1314966,1340178,368351,1160103,2549201
hqc128,sphincs128s-sphincs128s-sphincs128s,1322866,1314906,1348153,353749,1145517,2545798
hqc128,sphincs128s-sphincs128s-sphincs128s,1322854,1314954,1337807,341604,1133325,2524618
hqc128,sphincs128s-sphincs128s-sphincs128s,1322820,1314932,1350883,351318,1141225,2559993
hqc128,sphincs128s-sphincs128s-sphincs128s,1322878,1314952,1347504,339151,1130225,2526853
hqc128,sphincs128s-sphincs128s-sphincs128s,1322886,1314930,1339630,336720,1126694,2515618
hqc128,sphincs128s-sphincs128s-sphincs128s,1322836,1314929,1345567,339160,1130923,2527649
hqc128,sphincs128s-sphincs128s-sphincs128s,1322846,1314933,1389855,365946,1157422,2692139
hqc128,sphincs128s-sphincs128s-sphincs128s,1322873,1314930,1352010,353775,1145470,2547614
hqc128,sphincs128s-sphincs128s-sphincs128s,1322939,1314934,1368175,368381,1159669,2606135
hqc128,sphincs128s-sphincs128s-sphincs128s,1322831,1314946,1349453,358609,1149802,2556961
hqc128,sphincs128s-sphincs128s-sphincs128s,1322872,1314963,1349956,351323,1142805,2550049
hqc128,sphincs128s-sphincs128s-sphincs128s,1322859,1314937,1347000,353734,1145192,2541262
hqc128,sphincs128s-sphincs128s-sphincs128s,1322936,1314952,1346248,326970,1118134,2517124
hqc128,sphincs128s-sphincs128s-sphincs128s,1322911,1314952,1343220,334276,1123887,2521515
hqc128,sphincs128s-sphincs128s-sphincs128s,1322801,1314910,1338831,353768,1144784,2533139
hqc128,sphincs128s-sphincs128s-sphincs128s,1322884,1314936,1363534,346474,1138441,2552244
hqc128,sphincs128s-sphincs128s-sphincs128s,1322943,1314956,1341487,361080,1152359,2556030
hqc128,sphincs128s-sphincs128s-sphincs128s,1322873,1314941,1343877,348866,1140434,2535151
hqc128,sphincs128s-sphincs128s-sphincs128s,1322903,1314930,1358504,344012,1134061,2561350
hqc128,sphincs128s-sphincs128s-sphincs128s,1322878,1314942,1334890,351329,1142684,2542088
hqc128,sphincs128s-sphincs128s-sphincs128s,1322862,1314943,1344413,353775,1145322,2539412
hqc128,sphincs128s-sphincs128s-sphincs128s,1322850,1314923,1357297,329438,1120681,2526834
hqc128,sphincs128s-sphincs128s-sphincs128s,1322858,1314933,1342451,339158,1130651,2530655
hqc128,sphincs128s-sphincs128s-sphincs128s,1322879,1314930,1347753,346480,1137604,2535045
hqc128,sphincs128s-sphincs128s-sphincs128s,1322904,1314940,1340404,339151,1130840,2520335
hqc128,sphincs128s-sphincs128s-sphincs128s,1322893,1314955,1340761,324547,1115997,2506584
hqc128,sphincs128s-sphincs128s-sphincs128s,1322893,1314950,1361523,348894,1140665,2580772
hqc128,sphincs128s-sphincs128s-sphincs128s,1322884,1314949,1343359,351331,1142438,2535174
hqc128,sphincs128s-sphincs128s-sphincs128s,1322871,1314955,1345978,344020,1135653,2553031
hqc128,sphincs128s-sphincs128s-sphincs128s,1322868,1314931,1341991,348869,1140601,2541101
hqc128,sphincs128s-sphincs128s-sphincs128s,1322890,1314954,1344594,353776,1145506,2543707
hqc128,sphincs128s-sphincs128s-sphincs128s,1322893,1314947,1350009,348902,1140337,2541389
hqc128,sphincs128s-sphincs128s-sphincs128s,1322853,1314939,1382586,341571,1132648,2595191
hqc128,sphincs128s-sphincs128s-sphincs128s,1322897,1314937,1341824,361064,1152913,2545783
hqc128,sphincs128s-sphincs128s-sphincs128s,1322920,1314949,1354358,331846,1123489,2530838
hqc128,sphincs128s-sphincs128s-sphincs128s,1322853,1314937,1352060,358613,1150275,2551254
hqc128,sphincs128s-sphincs128s-sphincs128s,1322907,1314945,1338961,336722,1127917,2518515
hqc128,sphincs128s-sphincs128s-sphincs128s,1322897,1314950,1340577,344002,1132850,2522099
hqc128,sphincs128s-sphincs128s-sphincs128s,1322921,1314955,1339333,351293,1142793,2531374
hqc128,sphincs128s-sphincs128s-sphincs128s,1322824,1314940,1339550,348863,1140547,2659631
hqc128,sphincs128s-sphincs128s-sphincs128s,1322851,1314922,1348052,351343,1142581,2543014
hqc128,sphincs128s-sphincs128s-sphincs128s,1322906,1314945,1339030,339140,1129189,2518540
hqc128,sphincs128s-sphincs128s-sphincs128s,1322898,1314928,1339719,380530,1172197,2559919
hqc128,sphincs128s-sphincs128s-sphincs128s,1322902,1314956,1425890,358622,1149774,2642919
hqc128,sphincs128s-sphincs128s-sphincs128s,1322871,1314945,1428891,363481,1154885,2631920
hqc128,sphincs128s-sphincs128s-sphincs128s,1322833,1314917,1343573,365927,1157672,2550364
hqc128,sphincs128s-sphincs128s-sphincs128s,1322892,1314926,1338946,344049,1135511,2529118
hqc128,sphincs128s-sphincs128s-sphincs128s,1322876,1314951,1342234,339148,1130891,2537706
hqc128,sphincs128s-sphincs128s-sphincs128s,1322863,1314947,1340833,348872,1140403,2543817
hqc128,sphincs128s-sphincs128s-sphincs128s,1322884,1314945,1341768,341601,1133020,2525774
hqc128,sphincs128s-sphincs128s-sphincs128s,1322931,1314953,1341904,334278,1125344,2516833
hqc128,sphincs128s-sphincs128s-sphincs128s,1322879,1314946,1340604,353772,1144083,2534408
hqc128,sphincs128s-sphincs128s-sphincs128s,1322786,1314909,1401794,363506,1154963,2618956
hqc128,sphincs128s-sphincs128s-sphincs128s,1322845,1314937,1341417,341574,1133339,2527251
hqc128,sphincs128s-sphincs128s-sphincs128s,1322881,1314947,1341223,361067,1152760,2541806
hqc128,sphincs128s-sphincs128s-sphincs128s,1322862,1314956,1354016,356200,1147383,2552439
hqc128,sphincs128s-sphincs128s-sphincs128s,1322835,1314943,1346482,351338,1143063,2575115
hqc128,sphincs128s-sphincs128s-sphincs128s,1322836,1314948,1340604,339155,1130246,2521405
hqc128,sphincs128s-sphincs128s-sphincs128s,1322865,1314954,1349704,324515,1116242,2522151
hqc128,sphincs128s-sphincs128s-sphincs128s,1322857,1314966,1339163,343998,1135658,2523418
hqc128,sphincs128s-sphincs128s-sphincs128s,1322860,1314948,1337819,346447,1137892,2528414
hqc128,sphincs128s-sphincs128s-sphincs128s,1322897,1314942,1341564,341569,1133238,2524232
hqc128,sphincs128s-sphincs128s-sphincs128s,1322804,1314937,1343125,356179,1147943,2546655
hqc128,sphincs128s-sphincs128s-sphincs128s,1322862,1314974,1347877,348909,1139989,2537061
hqc128,sphincs128s-sphincs128s-sphincs128s,1322827,1314954,1338741,363472,1154932,2556249
hqc128,sphincs128s-sphincs128s-sphincs128s,1322883,1314953,1341874,341586,1133219,2530290
hqc128,sphincs128s-sphincs128s-sphincs128s,1322830,1314927,1339725,356187,1147252,2535987
hqc128,sphincs128s-sphincs128s-sphincs128s,1322839,1314945,1339434,319691,1111326,2499889
hqc128,sphincs128s-sphincs128s-sphincs128s,1322853,1314924,1361255,353758,1145260,2564518
hqc128,sphincs128s-sphincs128s-sphincs128s,1322925,1314952,1343102,346459,1138106,2530802
hqc128,sphincs128s-sphincs128s-sphincs128s,1322874,1314926,1554204,365941,1157311,2771741
hqc128,sphincs128s-sphincs128s-sphincs128s,1322858,1314945,1391127,336716,1128246,2726513
hqc128,sphincs128s-sphincs128s-sphincs128s,1322836,1314933,1428242,336726,1128345,2617851
hqc128,sphincs128s-sphincs128s-sphincs128s,1322854,1314939,1503026,334299,1123342,2724641
hqc128,sphincs128s-sphincs128s-sphincs128s,1322824,1314949,1382389,351309,1142678,2576248
hqc128,sphincs128s-sphincs128s-sphincs128s,1322845,1314960,1340149,353766,1145313,2535783
hqc128,sphincs128s-sphincs128s-sphincs128s,1322839,1314941,1346863,363507,1155124,2556138
hqc128,sphincs128s-sphincs128s-sphincs128s,1322857,1314939,1340431,351332,1142672,2535753
hqc128,sphincs128s-sphincs128s-sphincs128s,1322836,1314960,1343339,358613,1148209,2552311
hqc128,sphincs128s-sphincs128s-sphincs128s,1322862,1314947,1353698,348901,1140641,2549432
hqc128,sphincs128s-sphincs128s-sphincs128s,1322842,1314951,1339181,331873,1121657,2511401
hqc128,sphincs128s-sphincs128s-sphincs128s,1322881,1314960,1343388,356212,1147365,2542480
hqc128,sphincs128s-sphincs128s-sphincs128s,1322804,1314921,1342153,334298,1123211,2515584
hqc128,sphincs128s-sphincs128s-sphincs128s,1322843,1314953,1345656,356193,1148001,2545374
hqc128,sphincs128s-sphincs128s-sphincs128s,1322857,1314949,1342816,344030,1135706,2529515
hqc128,sphincs128s-sphincs128s-sphincs128s,1322824,1314936,1356340,363481,1154398,2560126
hqc128,sphincs128s-sphincs128s-sphincs128s,1322847,1314929,1339365,326990,1118554,2510091
hqc128,sphincs128s-sphincs128s-sphincs128s,1322888,1314959,1344780,336702,1128489,2523486
hqc128,sphincs128s-sphincs128s-sphincs128s,1322846,1314948,1348391,351353,1143271,2543834
hqc128,sphincs128s-sphincs128s-sphincs128s,1322871,1314947,1343450,385432,1177059,2569306
hqc128,sphincs128s-sphincs128s-sphincs128s,1322820,1314940,1335992,344039,1135661,2520258
hqc128,sphincs128s-sphincs128s-sphincs128s,1322828,1314894,1339307,353767,1144979,2533406
hqc128,sphincs128s-sphincs128s-sphincs128s,1322804,1314931,1339425,361038,1150971,2543158
hqc128,sphincs128s-sphincs128s-sphincs128s,1322832,1314940,1342511,348858,1140484,2531269
hqc128,sphincs128s-sphincs128s-sphincs128s,1322865,1314937,1341104,339140,1130452,2520471
hqc128,sphincs128s-sphincs128s-sphincs128s,1322862,1314950,1340248,341593,1131101,2520658
hqc128,sphincs128s-sphincs128s-sphincs128s,1322845,1314927,1342284,334320,1125632,2517499
hqc128,sphincs128s-sphincs128s-sphincs128s,1322873,1314920,1339515,329432,1120953,2509667
hqc128,sphincs128s-sphincs128s-sphincs128s,1322798,1314927,1346331,361052,1152164,2552986
hqc128,sphincs128s-sphincs128s-sphincs128s,1322809,1314931,1338482,368380,1159987,2551707
hqc128,sphincs128s-sphincs128s-sphincs128s,1322843,1314961,1351345,361089,1152790,2553468
hqc128,sphincs128s-sphincs128s-sphincs128s,1322824,1314922,1338231,348874,1140070,2527700
hqc128,sphincs128s-sphincs128s-sphincs128s,1322841,1314948,1338378,341563,1132808,2522437
hqc128,sphincs128s-sphincs128s-sphincs128s,1322836,1314935,1341340,356204,1147979,2543948
hqc128,sphincs128s-sphincs128s-sphincs128s,1322855,1314937,1346877,361072,1150656,2548989
hqc128,sphincs128s-sphincs128s-sphincs128s,1322900,1314964,1347419,346442,1138162,2550946
hqc128,sphincs128s-sphincs128s-sphincs128s,1322848,1314954,1342938,317236,1108603,2507703
hqc128,sphincs128s-sphincs128s-sphincs128s,1322832,1314963,1340113,348914,1138350,2527730
hqc128,sphincs128s-sphincs128s-sphincs128s,1322858,1314939,1341027,344001,1135248,2534624
hqc128,sphincs128s-sphincs128s-sphincs128s,1322852,1314948,1338844,348869,1140640,2530952
hqc128,sphincs128s-sphincs128s-sphincs128s,1322773,1314909,1339623,356180,1147549,2536835
hqc128,sphincs128s-sphincs128s-sphincs128s,1322876,1314951,1339177,356202,1147330,2537505
hqc128,sphincs128s-sphincs128s-sphincs128s,1322862,1314948,1351181,365946,1157556,2558822
hqc128,sphincs128s-sphincs128s-sphincs128s,1322801,1314929,1347654,324593,1116081,2514620
hqc128,sphincs128s-sphincs128s-sphincs128s,1322808,1314939,1359186,370810,1160304,2568919
hqc128,sphincs128s-sphincs128s-sphincs128s,1322874,1314950,1349388,344015,1135546,2536647
hqc128,sphincs128s-sphincs128s-sphincs128s,1322837,1314955,1340826,348891,1140387,2530020
hqc128,sphincs128s-sphincs128s-sphincs128s,1322854,1314953,1337855,344017,1135174,2544208
hqc128,sphincs128s-sphincs128s-sphincs128s,1322840,1314929,1340162,363492,1153129,2548332
hqc128,sphincs128s-sphincs128s-sphincs128s,1322888,1314934,1341284,351344,1142541,2536766
hqc128,sphincs128s-sphincs128s-sphincs128s,1322816,1314932,1340556,331833,1123670,2516499
hqc128,sphincs128s-sphincs128s-sphincs128s,1322876,1314920,1340378,361071,1152779,2548866
hqc128,sphincs128s-sphincs128s-sphincs128s,1322866,1314953,1347776,353751,1144960,2560257
hqc128,sphincs128s-sphincs128s-sphincs128s,1322828,1314944,1342168,356207,1145594,2537356
hqc128,sphincs128s-sphincs128s-sphincs128s,1322861,1314945,1368751,336752,1128399,2546651
hqc128,sphincs128s-sphincs128s-sphincs128s,1322784,1314916,1338443,358639,1149653,2537021
hqc128,sphincs128s-sphincs128s-sphincs128s,1322835,1314942,1337639,356177,1147367,2537174
hqc128,sphincs128s-sphincs128s-sphincs128s,1322842,1314925,1349947,329422,1121120,2523079
hqc128,sphincs128s-sphincs128s-sphincs128s,1322850,1314954,1354685,373225,1162953,2567937
hqc128,sphincs128s-sphincs128s-sphincs128s,1322877,1314929,1346892,346472,1136534,2532918
hqc128,sphincs128s-sphincs128s-sphincs128s,1322888,1314953,1339662,351332,1142726,2531289
hqc128,sphincs128s-sphincs128s-sphincs128s,1322879,1314953,1349468,341593,1133228,2533465
hqc128,sphincs128s-sphincs128s-sphincs128s,1322832,1314926,1342870,341579,1133247,2529743
hqc128,sphincs128s-sphincs128s-sphincs128s,1322855,1314934,1339575,348879,1140594,2529578
hqc128,sphincs128s-sphincs128s-sphincs128s,1322837,1314932,1337690,341601,1133338,2523824
hqc128,sphincs128s-sphincs128s-sphincs128s,1322760,1314911,1345481,346456,1138222,2535004
hqc128,sphincs128s-sphincs128s-sphincs128s,1322799,1314925,1343675,353797,1143607,2535531
hqc128,sphincs128s-sphincs128s-sphincs128s,1322834,1314922,1342498,336704,1128369,2525755
hqc128,sphincs128s-sphincs128s-sphincs128s,1322796,1314935,1371414,331858,1123065,2544706
hqc128,sphincs128s-sphincs128s-sphincs128s,1322801,1314918,1336936,380563,1171812,2572983
hqc128,sphincs128s-sphincs128s-sphincs128s,1322787,1314930,1339145,361085,1152616,2543409
hqc128,sphincs128s-sphincs128s-sphincs128s,1322896,1314952,2338183,356220,1147641,3548939
hqc128,sphincs128s-sphincs128s-sphincs128s,1322853,1314978,1355772,356185,1145750,2561941
hqc128,sphincs128s-sphincs128s-sphincs128s,1322870,1314943,1359667,353762,1145455,2555999
hqc128,sphincs128s-sphincs128s-sphincs128s,1322872,1314964,1340758,344008,1135825,2527112
hqc128,sphincs128s-sphincs128s-sphincs128s,1322874,1314946,1358185,334270,1126076,2534351
hqc128,sphincs128s-sphincs128s-sphincs128s,1322832,1314935,1342905,358627,1150443,2546625
hqc128,sphincs128s-sphincs128s-sphincs128s,1322817,1314928,1344857,339141,1130945,2525513
hqc128,sphincs128s-sphincs128s-sphincs128s,1322877,1314957,1378923,356170,1147274,2578130
hqc128,sphincs128s-sphincs128s-sphincs128s,1323450,1314934,1342889,331882,1123295,2524351
hqc128,sphincs128s-sphincs128s-sphincs128s,1322833,1314942,1339491,363511,1155065,2543097
hqc128,sphincs128s-sphincs128s-sphincs128s,1322822,1314924,1370737,358641,1150297,2571388
hqc128,sphincs128s-sphincs128s-sphincs128s,1322828,1314929,1341098,365920,1155823,2588479
hqc128,sphincs128s-sphincs128s-sphincs128s,1322832,1314951,1339413,356177,1145641,2534703
hqc128,sphincs128s-sphincs128s-sphincs128s,1322863,1314946,1381368,365920,1157234,2587551
hqc128,sphincs128s-sphincs128s-sphincs128s,1322876,1314937,1340468,363510,1154929,2544625
hqc128,sphincs128s-sphincs128s-sphincs128s,1322817,1314933,1390957,331858,1122936,2562333
hqc128,sphincs128s-sphincs128s-sphincs128s,1322808,1314946,1346376,348900,1140529,2535835
hqc128,sphincs128s-sphincs128s-sphincs128s,1322883,1314947,1347693,334289,1126050,2529292
hqc128,sphincs128s-sphincs128s-sphincs128s,1322849,1314944,1338845,344025,1135151,2523306
hqc128,sphincs128s-sphincs128s-sphincs128s,1322802,1314939,1339203,373243,1164633,2558027
hqc128,sphincs128s-sphincs128s-sphincs128s,1322854,1314945,1339082,341577,1133285,2521345
hqc128,sphincs128s-sphincs128s-sphincs128s,1322930,1314969,1343794,339142,1130610,2523276
hqc128,sphincs128s-sphincs128s-sphincs128s,1322825,1314935,1351240,334291,1125921,2525921
hqc128,sphincs128s-sphincs128s-sphincs128s,1322799,1314922,1342696,334278,1125913,2518627
hqc128,sphincs128s-sphincs128s-sphincs128s,1322873,1314964,1339408,368346,1159416,2546957
hqc128,sphincs128s-sphincs128s-sphincs128s,1322867,1314944,1340219,356216,1147911,2538753
hqc128,sphincs128s-sphincs128s-sphincs128s,1322818,1314926,1347771,361034,1152678,2550073
hqc128,sphincs128s-sphincs128s-sphincs128s,1322813,1314942,1357269,348897,1140610,2547020
hqc128,sphincs128s-sphincs128s-sphincs128s,1322855,1314930,1341702,331846,1123237,2516395
hqc128,sphincs128s-sphincs128s-sphincs128s,1322815,1314933,1338972,351357,1142861,2535269
hqc128,sphincs128s-sphincs128s-sphincs128s,1322844,1314963,1340881,368368,1160050,2550136
hqc128,sphincs128s-sphincs128s-sphincs128s,1322884,1314969,1343938,346420,1137561,2530818
hqc128,sphincs128s-sphincs128s-sphincs128s,1322835,1314922,1340580,341587,1132684,2523309
hqc128,sphincs128s-sphincs128s-sphincs128s,1322853,1314953,1343587,348871,1140545,2532548
hqc128,sphincs128s-sphincs128s-sphincs128s,1322823,1314926,1340604,341591,1131001,2526338
hqc128,sphincs128s-sphincs128s-sphincs128s,1322847,1314925,1341357,344012,1135330,2525500
hqc128,sphincs128s-sphincs128s-sphincs128s,1322846,1314938,1357001,322101,1113941,2522553
hqc128,sphincs128s-sphincs128s-sphincs128s,1322847,1314947,1346026,356198,1147530,2542263
hqc128,sphincs128s-sphincs128s-sphincs128s,1322904,1314949,1379304,344037,1135676,2563588
hqc128,sphincs128s-sphincs128s-sphincs128s,1322905,1314969,1343388,334287,1126005,2519389
hqc128,sphincs128s-sphincs128s-sphincs128s,1322847,1314944,1343778,358617,1150379,2547140
hqc128,sphincs128s-sphincs128s-sphincs128s,1322842,1314911,1351670,380524,1172260,2580495
hqc128,sphincs128s-sphincs128s-sphincs128s,1322849,1314965,1349674,351304,1142256,2541301
hqc128,sphincs128s-sphincs128s-sphincs128s,1322814,1314913,1355800,331836,1123551,2528557
hqc128,sphincs128s-sphincs128s-sphincs128s,1322830,1314958,1339661,353758,1145304,2533974
hqc128,sphincs128s-sphincs128s-sphincs128s,1322799,1314932,1340502,356217,1147866,2541273
hqc128,sphincs128s-sphincs128s-sphincs128s,1322888,1314963,1341665,356174,1147309,2539652
hqc128,sphincs128s-sphincs128s-sphincs128s,1322817,1314945,1342905,353763,1145103,2536538
hqc128,sphincs128s-sphincs128s-sphincs128s,1322838,1314947,1349510,365923,1157612,2573311
hqc128,sphincs128s-sphincs128s-sphincs128s,1322917,1314959,1343466,329404,1120634,2518947
hqc128,sphincs128s-sphincs128s-sphincs128s,1322817,1314939,1346272,334283,1126019,2521512
hqc128,sphincs128s-sphincs128s-sphincs128s,1322825,1314949,1344121,378081,1170088,2562601
hqc128,sphincs128s-sphincs128s-sphincs128s,1322838,1314929,1339750,365967,1157077,2546051
hqc128,sphincs128s-sphincs128s-sphincs128s,1322854,1314928,1339150,361065,1152735,2549922
hqc128,sphincs128s-sphincs128s-sphincs128s,1322834,1314922,1344366,348865,1140661,2538345
hqc128,sphincs128s-sphincs128s-sphincs128s,1322815,1314931,1339968,378070,1169321,2558902
hqc128,sphincs128s-sphincs128s-sphincs128s,1322820,1314938,1336767,341585,1131161,2521895
hqc128,sphincs128s-sphincs128s-sphincs128s,1322861,1314966,1339284,356214,1147471,2536613
hqc128,sphincs128s-sphincs128s-sphincs128s,1322867,1314936,1339171,363501,1153036,2543680
hqc128,sphincs128s-sphincs128s-sphincs128s,1322816,1314943,1340399,370806,1162314,2555728
hqc128,sphincs128s-sphincs128s-sphincs128s,1322861,1314925,1339548,348930,1140235,2529636
hqc128,sphincs128s-sphincs128s-sphincs128s,1322833,1314957,1339437,353737,1144973,2534044
hqc128,sphincs128s-sphincs128s-sphincs128s,1322821,1314927,1344475,358627,1149796,2543787
hqc128,sphincs128s-sphincs128s-sphincs128s,1322853,1314946,1353270,346437,1138058,2539425
hqc128,sphincs128s-sphincs128s-sphincs128s,1322857,1314952,1339217,348870,1140517,2529541
hqc128,sphincs128s-sphincs128s-sphincs128s,1322829,1314915,1340027,331829,1123393,2513255
hqc128,sphincs128s-sphincs128s-sphincs128s,1322838,1314917,1341211,356163,1146050,2539953
hqc128,sphincs128s-sphincs128s-sphincs128s,1322865,1314940,1337232,324542,1115944,2508078
hqc128,sphincs128s-sphincs128s-sphincs128s,1322877,1314956,1340062,358653,1148105,2537284
hqc128,sphincs128s-sphincs128s-sphincs128s,1322811,1314918,1357887,334269,1125425,2532408
hqc128,sphincs128s-sphincs128s-sphincs128s,1322908,1314969,1338809,365920,1157575,2553215
hqc128,sphincs128s-sphincs128s-sphincs128s,1322904,1314938,1342382,353743,1143204,2550953
hqc128,sphincs128s-sphincs128s-sphincs128s,1322842,1314960,1340529,353786,1145488,2535445
hqc128,sphincs128s-sphincs128s-sphincs128s,1322804,1314925,1340465,341553,1133520,2523322
hqc128,sphincs128s-sphincs128s-sphincs128s,1322881,1314944,1341533,351319,1142915,2540957
hqc128,sphincs128s-sphincs128s-sphincs128s,1322842,1314932,1338602,351330,1142567,2531072
hqc128,sphincs128s-sphincs128s-sphincs128s,1322827,1314952,1365971,348887,1139870,2554613
hqc128,sphincs128s-sphincs128s-sphincs128s,1322787,1314931,1341642,356203,1145901,2540907
hqc128,sphincs128s-sphincs128s-sphincs128s,1322856,1314930,1342067,353744,1144911,2539402
hqc128,sphincs128s-sphincs128s-sphincs128s,1322847,1314934,1340443,336719,1128514,2518432
hqc128,sphincs128s-sphincs128s-sphincs128s,1322872,1314945,1351822,339149,1130186,2536180
hqc128,sphincs128s-sphincs128s-sphincs128s,1322868,1314959,1339001,375675,1166817,2558349
hqc128,sphincs128s-sphincs128s-sphincs128s,1322917,1314943,1408064,361057,1150553,2607461
hqc128,sphincs128s-sphincs128s-sphincs128s,1322854,1314930,1342067,344012,1135631,2529114
hqc128,sphincs128s-sphincs128s-sphincs128s,1322916,1314942,1349934,380548,1170129,2570231
hqc128,sphincs128s-sphincs128s-sphincs128s,1322861,1314937,1352182,341592,1133064,2535022
hqc128,sphincs128s-sphincs128s-sphincs128s,1322938,1314939,1339733,341565,1131540,2535645
hqc128,sphincs128s-sphincs128s-sphincs128s,1322853,1314936,1340850,353771,1145273,2535536
hqc128,sphincs128s-sphincs128s-sphincs128s,1322801,1314913,1364604,343987,1135705,2551748
hqc128,sphincs128s-sphincs128s-sphincs128s,1322900,1314954,1343535,339137,1130742,2523666
hqc128,sphincs128s-sphincs128s-sphincs128s,1322826,1314932,1339807,348914,1140107,2530655
hqc128,sphincs128s-sphincs128s-sphincs128s,1322895,1314955,1339415,351343,1143087,2531954
hqc128,sphincs128s-sphincs128s-sphincs128s,1322863,1314930,1344062,356189,1147284,2540358
hqc128,sphincs128s-sphincs128s-sphincs128s,1322891,1314941,1339319,336717,1128081,2516352
hqc128,sphincs128s-sphincs128s-sphincs128s,1322896,1314952,1344701,346483,1137803,2535955
hqc128,sphincs128s-sphincs128s-sphincs128s,1322839,1314936,1337088,339185,1130832,2575450
hqc128,sphincs128s-sphincs128s-sphincs128s,1323533,1314945,1341236,358655,1149788,2540390
hqc128,sphincs128s-sphincs128s-sphincs128s,1322898,1314948,1341156,341571,1132741,2525431
hqc128,sphincs128s-sphincs128s-sphincs128s,1322923,1314966,1339860,353726,1145259,2533441
hqc128,sphincs128s-sphincs128s-sphincs128s,1322883,1314945,1342293,344036,1135108,2531083
hqc128,sphincs128s-sphincs128s-sphincs128s,1322931,1314943,1340922,370794,1162548,2552222
hqc128,sphincs128s-sphincs128s-sphincs128s,1322807,1314917,1340518,348879,1140274,2530631
hqc128,sphincs128s-sphincs128s-sphincs128s,1322911,1314959,1338691,353752,1143313,2538588
hqc128,sphincs128s-sphincs128s-sphincs128s,1322864,1314932,1340299,348874,1138314,2530839
hqc128,sphincs128s-sphincs128s-sphincs128s,1322907,1314923,1339155,373256,1164596,2552794
hqc128,sphincs128s-sphincs128s-sphincs128s,1322826,1314919,1352580,314807,1106601,2512483
hqc128,sphincs128s-sphincs128s-sphincs128s,1322857,1314947,1341338,363495,1155345,2546802
hqc128,sphincs128s-sphincs128s-sphincs128s,1322883,1314932,1374894,344012,1133386,2563865
hqc128,sphincs128s-sphincs128s-sphincs128s,1322905,1314945,1349240,336716,1126326,2535390
hqc128,sphincs128s-sphincs128s-sphincs128s,1322859,1314942,1343085,339162,1130166,2524191
hqc128,sphincs128s-sphincs128s-sphincs128s,1322908,1314958,1357403,339156,1130636,2564755
hqc128,sphincs128s-sphincs128s-sphincs128s,1322915,1314940,1341181,339141,1130528,2524042
hqc128,sphincs128s-sphincs128s-sphincs128s,1322855,1314937,1366012,336733,1126624,2545058
hqc128,sphincs128s-sphincs128s-sphincs128s,1322871,1314975,1343633,368368,1160249,2553234
hqc128,sphincs128s-sphincs128s-sphincs128s,1322868,1314938,1339986,351321,1142930,2534740
hqc128,sphincs128s-sphincs128s-sphincs128s,1322886,1314939,1340353,365907,1157488,2555071
hqc128,sphincs128s-sphincs128s-sphincs128s,1322839,1314922,1339846,346479,1138197,2531532
hqc128,sphincs128s-sphincs128s-sphincs128s,1322925,1314963,1354106,358633,1149719,2555533
hqc128,sphincs128s-sphincs128s-sphincs128s,1323471,1314931,1346845,373214,1164936,2559943
hqc128,sphincs128s-sphincs128s-sphincs128s,1322854,1314935,1338211,344032,1133422,2520515
hqc128,sphincs128s-sphincs128s-sphincs128s,1322875,1314949,1341092,368357,1160111,2551006
hqc128,sphincs128s-sphincs128s-sphincs128s,1322823,1314915,1339706,341568,1133282,2523131
hqc128,sphincs128s-sphincs128s-sphincs128s,1322920,1314968,1340183,363505,1155157,2545295
hqc128,sphincs128s-sphincs128s-sphincs128s,1322873,1314926,1340227,368357,1159726,2550980
hqc128,sphincs128s-sphincs128s-sphincs128s,1322870,1314950,1343707,365935,1157227,2577162
hqc128,sphincs128s-sphincs128s-sphincs128s,1322896,1314930,1342662,344005,1135113,2526641
hqc128,sphincs128s-sphincs128s-sphincs128s,1322904,1314936,1339828,348884,1139970,2532768
hqc128,sphincs128s-sphincs128s-sphincs128s,1322871,1314937,1351915,356204,1147391,2589370
hqc128,sphincs128s-sphincs128s-sphincs128s,1322836,1314910,1341919,348904,1140523,2532408
hqc128,sphincs128s-sphincs128s-sphincs128s,1322887,1314914,1340460,344030,1135051,2550886
hqc128,sphincs128s-sphincs128s-sphincs128s,1322852,1314941,1345456,368387,1158021,2562515
hqc128,sphincs128s-sphincs128s-sphincs128s,1322889,1314925,1339769,353755,1143742,2536173
hqc128,sphincs128s-sphincs128s-sphincs128s,1322883,1314932,1343046,351310,1142379,2535694
hqc128,sphincs128s-sphincs128s-sphincs128s,1322911,1314959,1340059,356178,1147715,2536655
hqc128,sphincs128s-sphincs128s-sphincs128s,1322873,1314948,1342508,356173,1145738,2542814
hqc128,sphincs128s-sphincs128s-sphincs128s,1322851,1314938,1342466,348883,1140383,2532791
hqc128,sphincs128s-sphincs128s-sphincs128s,1322839,1314912,1340405,368375,1160092,2552410
hqc128,sphincs128s-sphincs128s-sphincs128s,1322949,1314969,1338936,361071,1152195,2540673
hqc128,sphincs128s-sphincs128s-sphincs128s,1322866,1314939,1338969,348860,1140583,2528446
hqc128,sphincs128s-sphincs128s-sphincs128s,1322867,1314923,1340436,361055,1152764,2612799
hqc128,sphincs128s-sphincs128s-sphincs128s,1323475,1314944,1357941,356202,1145791,2556537
hqc128,sphincs128s-sphincs128s-sphincs128s,1322853,1314932,1341187,365950,1157578,2548024
hqc128,sphincs128s-sphincs128s-sphincs128s,1322881,1314968,1341034,351314,1142780,2532647
hqc128,sphincs128s-sphincs128s-sphincs128s,1322893,1314965,1340409,339126,1130730,2524636
hqc128,sphincs128s-sphincs128s-sphincs128s,1322873,1314949,1338000,348859,1140267,2531902
hqc128,sphincs128s-sphincs128s-sphincs128s,1322931,1314945,1340205,346453,1137847,2527852
hqc128,sphincs128s-sphincs128s-sphincs128s,1322817,1314910,1337661,346424,1138188,2552027
hqc128,sphincs128s-sphincs128s-sphincs128s,1322840,1314921,1350435,363498,1155238,2555059
hqc128,sphincs128s-sphincs128s-sphincs128s,1322904,1314918,1339148,329411,1121192,2510277
hqc128,sphincs128s-sphincs128s-sphincs128s,1322897,1314937,1341917,365924,1157566,2548559
hqc128,sphincs128s-sphincs128s-sphincs128s,1322902,1314939,1339680,375671,1167300,2596642
hqc128,sphincs128s-sphincs128s-sphincs128s,1322844,1314948,1341240,368390,1159406,2553668
hqc128,sphincs128s-sphincs128s-sphincs128s,1322848,1314922,1337741,356225,1146082,2537186
hqc128,sphincs128s-sphincs128s-sphincs128s,1322907,1314940,1343704,336706,1126643,2523372
hqc128,sphincs128s-sphincs128s-sphincs128s,1322859,1314936,1339953,363464,1153329,2545384
hqc128,sphincs128s-sphincs128s-sphincs128s,1322864,1314929,1337538,341613,1131512,2522857
hqc128,sphincs128s-sphincs128s-sphincs128s,1322897,1314947,1373241,331852,1121761,2546420
hqc128,sphincs128s-sphincs128s-sphincs128s,1322915,1314935,1359686,344004,1133581,2542894
hqc128,sphincs128s-sphincs128s-sphincs128s,1322888,1314946,1340872,356183,1145702,2535641
hqc128,sphincs128s-sphincs128s-sphincs128s,1322890,1314938,1339536,356202,1145791,2534283
hqc128,sphincs128s-sphincs128s-sphincs128s,1322921,1314962,1340590,339139,1128585,2523788
hqc128,sphincs128s-sphincs128s-sphincs128s,1322892,1314947,1336766,348904,1138449,2529112
hqc128,sphincs128s-sphincs128s-sphincs128s,1322885,1314938,1343803,339157,1128717,2521047
hqc128,sphincs128s-sphincs128s-sphincs128s,1322921,1314930,1342361,356207,1145765,2537480
hqc128,sphincs128s-sphincs128s-sphincs128s,1322857,1314918,1341623,339154,1130913,2522696
hqc128,sphincs128s-sphincs128s-sphincs128s,1322813,1314931,1349830,324553,1116176,2515671
hqc128,sphincs128s-sphincs128s-sphincs128s,1322924,1314937,1367011,344027,1135324,2554067
hqc128,sphincs128s-sphincs128s-sphincs128s,1322904,1314951,1341028,365921,1157234,2548665
hqc128,sphincs128s-sphincs128s-sphincs128s,1322886,1314947,1341558,331834,1123633,2520986
hqc128,sphincs128s-sphincs128s-sphincs128s,1322870,1314928,1338538,353731,1145423,2532895
hqc128,sphincs128s-sphincs128s-sphincs128s,1322860,1314898,1342952,356194,1147293,2543877
hqc128,sphincs128s-sphincs128s-sphincs128s,1322887,1314937,1341639,341602,1133041,2550714
hqc128,sphincs128s-sphincs128s-sphincs128s,1322862,1314941,1339080,341556,1132681,2526840
hqc128,sphincs128s-sphincs128s-sphincs128s,1322888,1314949,1339520,353764,1145552,2539740
hqc128,sphincs128s-sphincs128s-sphincs128s,1322887,1314933,1353690,358625,1150039,2552732
hqc128,sphincs128s-sphincs128s-sphincs128s,1322874,1314939,1337816,344007,1135168,2537370
hqc128,sphincs128s-sphincs128s-sphincs128s,1322867,1314963,1361953,351315,1143057,2555874
hqc128,sphincs128s-sphincs128s-sphincs128s,1322900,1314931,1338828,334270,1125718,2514649
hqc128,sphincs128s-sphincs128s-sphincs128s,1322889,1314949,1344653,351317,1141260,2536827
hqc128,sphincs128s-sphincs128s-sphincs128s,1322892,1314969,1341779,343998,1133594,2526322
hqc128,sphincs128s-sphincs128s-sphincs128s,1322894,1314956,1338387,363515,1152452,2543411
hqc128,sphincs128s-sphincs128s-sphincs128s,1322902,1314943,1339072,331853,1123019,2520526
hqc128,sphincs128s-sphincs128s-sphincs128s,1322834,1314929,1340524,344020,1135735,2525364
hqc128,sphincs128s-sphincs128s-sphincs128s,1322912,1314957,1340996,353791,1145394,2585040
hqc128,sphincs128s-sphincs128s-sphincs128s,1322945,1314951,1340430,346472,1137597,2527740
hqc128,sphincs128s-sphincs128s-sphincs128s,1322861,1314931,1340623,319680,1111067,2501941
hqc128,sphincs128s-sphincs128s-sphincs128s,1322880,1314956,1342481,353762,1145239,2547655
hqc128,sphincs128s-sphincs128s-sphincs128s,1322857,1314917,1338619,365942,1157690,2558359
hqc128,sphincs128s-sphincs128s-sphincs128s,1322906,1314933,1346268,344022,1133634,2528088
hqc128,sphincs128s-sphincs128s-sphincs128s,1322873,1314957,1341267,339156,1130487,2521026
hqc128,sphincs128s-sphincs128s-sphincs128s,1322906,1314944,1341203,380548,1172032,2567105
hqc128,sphincs128s-sphincs128s-sphincs128s,1322913,1314946,1340276,375657,1165233,2557315
hqc128,sphincs128s-sphincs128s-sphincs128s,1322950,1314962,1338983,356194,1145803,2535467
hqc128,sphincs128s-sphincs128s-sphincs128s,1322853,1314933,1342213,358601,1150219,2541776
hqc128,sphincs128s-sphincs128s-sphincs128s,1322881,1314936,1343354,346463,1137503,2530764
hqc128,sphincs128s-sphincs128s-sphincs128s,1322905,1314939,1339268,351339,1142995,2531359
hqc128,sphincs128s-sphincs128s-sphincs128s,1322870,1314947,1339317,334283,1125362,2517565
hqc128,sphincs128s-sphincs128s-sphincs128s,1322916,1314962,1339199,346473,1138129,2526682
hqc128,sphincs128s-sphincs128s-sphincs128s,1322965,1314950,1340705,356194,1147400,2538613
hqc128,sphincs128s-sphincs128s-sphincs128s,1322904,1314926,1340222,329382,1120993,2511211
hqc128,sphincs128s-sphincs128s-sphincs128s,1322875,1314931,1343989,353787,1145656,2539637
hqc128,sphincs128s-sphincs128s-sphincs128s,1322896,1314945,1339621,363480,1154614,2548555
hqc128,sphincs128s-sphincs128s-sphincs128s,1322895,1314941,1343862,358632,1149847,2541593
hqc128,sphincs128s-sphincs128s-sphincs128s,1322845,1314966,1340847,339152,1130572,2520973
hqc128,sphincs128s-sphincs128s-sphincs128s,1322886,1314949,1339911,358619,1150132,2538619
hqc128,sphincs128s-sphincs128s-sphincs128s,1322888,1314949,1339858,361073,1152187,2545594
hqc128,sphincs128s-sphincs128s-sphincs128s,1322854,1314935,1339911,358629,1150160,2539814
hqc128,sphincs128s-sphincs128s-sphincs128s,1322861,1314935,1338551,341579,1132649,2524062
hqc128,sphincs128s-sphincs128s-sphincs128s,1322882,1314968,1342090,346458,1138116,2531091
hqc128,sphincs128s-sphincs128s-sphincs128s,1322880,1314950,1343957,324556,1115770,2508921
hqc128,sphincs128s-sphincs128s-sphincs128s,1322906,1314966,1339083,353751,1144931,2539332
hqc128,sphincs128s-sphincs128s-sphincs128s,1322861,1314941,1340189,341576,1133151,2523485
hqc128,sphincs128s-sphincs128s-sphincs128s,1322937,1314957,1350306,365937,1157844,2558336
hqc128,sphincs128s-sphincs128s-sphincs128s,1322906,1314941,1342106,348861,1140581,2532785
hqc128,sphincs128s-sphincs128s-sphincs128s,1322859,1314935,1338398,348897,1140669,2531082
hqc128,sphincs128s-sphincs128s-sphincs128s,1322907,1314947,1340497,361065,1151016,2541299
hqc128,sphincs128s-sphincs128s-sphincs128s,1322905,1314952,1340672,339160,1130695,2521171
hqc128,sphincs128s-sphincs128s-sphincs128s,1322924,1314966,1345048,339123,1128483,2522400
hqc128,sphincs128s-sphincs128s-sphincs128s,1322890,1314957,1338467,358617,1150259,2542397
hqc128,sphincs128s-sphincs128s-sphincs128s,1322927,1314950,1339180,356190,1147910,2536405
hqc128,sphincs128s-sphincs128s-sphincs128s,1322924,1314931,1343194,344042,1135842,2528634
hqc128,sphincs128s-sphincs128s-sphincs128s,1322845,1314896,1337866,324565,1116407,2506741
hqc128,sphincs128s-sphincs128s-sphincs128s,1322891,1314951,1352919,351324,1143067,2546006
hqc128,sphincs128s-sphincs128s-sphincs128s,1322901,1314945,1338610,334279,1125582,2516905
hqc128,sphincs128s-sphincs128s-sphincs128s,1322909,1314942,1341623,344011,1135304,2526983
hqc128,sphincs128s-sphincs128s-sphincs128s,1322929,1314971,1340047,336720,1128416,2518050
hqc128,sphincs128s-sphincs128s-sphincs128s,1322856,1314911,1345802,334315,1124280,2519326
hqc128,sphincs128s-sphincs128s-sphincs128s,1322868,1314911,1339604,341573,1131580,2521688
hqc128,sphincs128s-sphincs128s-sphincs128s,1322906,1314948,1342935,336700,1128500,2520712
hqc128,sphincs128s-sphincs128s-sphincs128s,1322874,1314949,1339942,344017,1135740,2523593
hqc128,sphincs128s-sphincs128s-sphincs128s,1322907,1314940,1336983,339140,1130863,2517102
hqc128,sphincs128s-sphincs128s-sphincs128s,1322880,1314943,1339289,358647,1150343,2539063
hqc128,sphincs128s-sphincs128s-sphincs128s,1322877,1314925,1340281,363501,1154680,2544412
hqc128,sphincs128s-sphincs128s-sphincs128s,1322882,1314929,1339750,368378,1159574,2548914
hqc128,sphincs128s-sphincs128s-sphincs128s,1322856,1314951,1340779,356188,1147631,2544673
hqc128,sphincs128s-sphincs128s-sphincs128s,1322892,1314958,1341801,356187,1147856,2539752
hqc128,sphincs128s-sphincs128s-sphincs128s,1322866,1314926,1339850,346468,1137864,2526537
hqc128,sphincs128s-sphincs128s-sphincs128s,1322912,1314957,1344082,378112,1169900,2566515
hqc128,sphincs128s-sphincs128s-sphincs128s,1322917,1314951,1339147,351303,1142728,2534575
hqc128,sphincs128s-sphincs128s-sphincs128s,1322906,1314951,1337479,348906,1140118,2530774
hqc128,sphincs128s-sphincs128s-sphincs128s,1322911,1314940,1338682,353752,1145282,2533787
hqc128,sphincs128s-sphincs128s-sphincs128s,1322861,1314901,1351932,356184,1146082,2552003
hqc128,sphincs128s-sphincs128s-sphincs128s,1322856,1314926,1350356,336743,1126358,2529569
hqc128,sphincs128s-sphincs128s-sphincs128s,1322877,1314942,1338588,356182,1147850,2570320
hqc128,sphincs128s-sphincs128s-sphincs128s,1322896,1314921,1340103,326991,1118592,2513927
hqc128,sphincs128s-sphincs128s-sphincs128s,1322869,1314928,1353895,351296,1143113,2546729
hqc128,sphincs128s-sphincs128s-sphincs128s,1322858,1314917,1352187,351334,1140971,2550947
hqc128,sphincs128s-sphincs128s-sphincs128s,1322879,1314953,1341609,358593,1150018,2542309
hqc128,sphincs128s-sphincs128s-sphincs128s,1322888,1314943,1342561,363497,1155118,2546375
hqc128,sphincs128s-sphincs128s-sphincs128s,1322895,1314967,1337913,348911,1140248,2532984
hqc128,sphincs128s-sphincs128s-sphincs128s,1322870,1314947,1341144,370812,1162861,2556113
hqc128,sphincs128s-sphincs128s-sphincs128s,1322896,1314928,1341040,361074,1152578,2545334
hqc128,sphincs128s-sphincs128s-sphincs128s,1322891,1314933,1340066,363524,1154905,2545558
hqc128,sphincs128s-sphincs128s-sphincs128s,1322859,1314926,1340441,356178,1144880,2535101
hqc128,sphincs128s-sphincs128s-sphincs128s,1322827,1314915,1338463,334287,1126042,2516563
hqc128,sphincs128s-sphincs128s-sphincs128s,1322952,1314956,1338700,341598,1133267,2520208
hqc128,sphincs128s-sphincs128s-sphincs128s,1322834,1314921,1339967,358631,1150278,2541992
hqc128,sphincs128s-sphincs128s-sphincs128s,1322841,1314945,1339676,346442,1135325,2524465
hqc128,sphincs128s-sphincs128s-sphincs128s,1322885,1314920,1340138,351314,1142748,2545220
hqc128,sphincs128s-sphincs128s-sphincs128s,1322863,1314945,1339280,348863,1140447,2528807
hqc128,sphincs128s-sphincs128s-sphincs128s,1322851,1314934,1341609,361046,1152246,2545928
hqc128,sphincs128s-sphincs128s-sphincs128s,1322873,1314924,1340980,344012,1135105,2528641
hqc128,sphincs128s-sphincs128s-sphincs128s,1322938,1314964,1339643,346472,1138084,2525908
hqc128,sphincs128s-sphincs128s-sphincs128s,1322892,1314970,1372055,368355,1158032,2577991
hqc128,sphincs128s-sphincs128s-sphincs128s,1322872,1314941,1348562,373248,1164522,2561398
hqc128,sphincs128s-sphincs128s-sphincs128s,1322881,1314920,1352962,380537,1170277,2581654
hqc128,sphincs128s-sphincs128s-sphincs128s,1322893,1314927,1375840,344031,1135700,2559527
hqc128,sphincs128s-sphincs128s-sphincs128s,1322892,1314969,1341880,353769,1145424,2535534
hqc128,sphincs128s-sphincs128s-sphincs128s,1322875,1314930,1339065,356194,1147873,2552378
hqc128,sphincs128s-sphincs128s-sphincs128s,1322902,1314946,1341313,356190,1147894,2538343
hqc128,sphincs128s-sphincs128s-sphincs128s,1322886,1314934,1339761,356201,1145687,2553635
hqc128,sphincs128s-sphincs128s-sphincs128s,1322845,1314933,1340535,329429,1121040,2510664
hqc128,sphincs128s-sphincs128s-sphincs128s,1322862,1314942,1343027,353734,1144933,2539128
hqc128,sphincs128s-sphincs128s-sphincs128s,1322909,1314948,1357744,326972,1116871,2524364
hqc128,sphincs128s-sphincs128s-sphincs128s,1322886,1314943,1359265,339148,1130844,2547968
hqc128,sphincs128s-sphincs128s-sphincs128s,1322854,1314931,1340059,361038,1152410,2542627
hqc128,sphincs128s-sphincs128s-sphincs128s,1322919,1314971,1342626,356174,1147691,2539363
hqc128,sphincs128s-sphincs128s-sphincs128s,1322900,1314943,1339473,365950,1157430,2545973
hqc128,sphincs128s-sphincs128s-sphincs128s,1322845,1314935,1338599,341591,1131142,2525020
hqc128,sphincs128s-sphincs128s-sphincs128s,1322900,1314956,1344565,351312,1142918,2551057
hqc128,sphincs128s-sphincs128s-sphincs128s,1322931,1314955,1339284,341564,1132978,2521348
hqc128,sphincs128s-sphincs128s-sphincs128s,1322877,1314930,1337388,348888,1140268,2556118
hqc128,sphincs128s-sphincs128s-sphincs128s,1322877,1314937,1340123,351346,1142752,2530883
hqc128,sphincs128s-sphincs128s-sphincs128s,1322887,1314944,1341539,336703,1128000,2543488
hqc128,sphincs128s-sphincs128s-sphincs128s,1322932,1314941,1340017,370788,1162345,2551906
hqc128,sphincs128s-sphincs128s-sphincs128s,1322921,1314958,1340449,353775,1144949,2545429
hqc128,sphincs128s-sphincs128s-sphincs128s,1322892,1314947,1339956,365917,1155459,2544435
hqc128,sphincs128s-sphincs128s-sphincs128s,1322858,1314942,1335953,339132,1130152,2516170
hqc128,sphincs128s-sphincs128s-sphincs128s,1322926,1314954,1340416,353732,1145394,2539202
hqc128,sphincs128s-sphincs128s-sphincs128s,1322883,1314940,1342206,373232,1162811,2554134
hqc128,sphincs128s-sphincs128s-sphincs128s,1322857,1314946,1351021,356186,1148023,2557865
hqc128,sphincs128s-sphincs128s-sphincs128s,1322926,1314957,1337393,365947,1157658,2547521
hqc128,sphincs128s-sphincs128s-sphincs128s,1322846,1314924,1336975,361076,1152825,2542631
hqc128,sphincs128s-sphincs128s-sphincs128s,1322859,1314919,1338931,361073,1152442,2542917
hqc128,sphincs128s-sphincs128s-sphincs128s,1322856,1314942,1417393,363464,1155171,2620933
hqc128,sphincs128s-sphincs128s-sphincs128s,1323528,1314966,1340837,351321,1142928,2533558
hqc128,sphincs128s-sphincs128s-sphincs128s,1322856,1314931,1338481,363492,1154858,2547164
hqc128,sphincs128s-sphincs128s-sphincs128s,1322840,1314931,1342175,358644,1150399,2541927
hqc128,sphincs128s-sphincs128s-sphincs128s,1322898,1314961,1340005,356182,1147532,2541893
hqc128,sphincs128s-sphincs128s-sphincs128s,1322880,1314926,1341567,351322,1143004,2534407
hqc128,sphincs128s-sphincs128s-sphincs128s,1322879,1314935,1340504,326976,1116920,2523825
hqc128,sphincs128s-sphincs128s-sphincs128s,1322882,1314943,1340826,319701,1111129,2501049
hqc128,sphincs128s-sphincs128s-sphincs128s,1322867,1314930,1342259,365932,1155951,2549857
hqc128,sphincs128s-sphincs128s-sphincs128s,1322878,1314951,1341259,356225,1147756,2539085
hqc128,sphincs128s-sphincs128s-sphincs128s,1322850,1314936,1338405,353745,1143504,2536154
hqc128,sphincs128s-sphincs128s-sphincs128s,1322891,1314946,1415097,365896,1157165,2625739
hqc128,sphincs128s-sphincs128s-sphincs128s,1322884,1314941,1339767,385400,1176589,2568033
hqc128,sphincs128s-sphincs128s-sphincs128s,1322850,1314947,1351139,329397,1121062,2522101
hqc128,sphincs128s-sphincs128s-sphincs128s,1322882,1314951,1344908,336702,1128423,2522450
hqc128,sphincs128s-sphincs128s-sphincs128s,1322957,1314950,1340972,341587,1132809,2521712
hqc128,sphincs128s-sphincs128s-sphincs128s,1322970,1314968,1340401,344028,1135667,2525359
hqc128,sphincs128s-sphincs128s-sphincs128s,1322876,1314929,1337820,353748,1145410,2540240
hqc128,sphincs128s-sphincs128s-sphincs128s,1322849,1314918,1342324,329411,1121037,2516053
hqc128,sphincs128s-sphincs128s-sphincs128s,1322868,1314946,1340002,344019,1135901,2532563
hqc128,sphincs128s-sphincs128s-sphincs128s,1322897,1314934,1342149,331865,1123604,2520133
hqc128,sphincs128s-sphincs128s-sphincs128s,1322859,1314935,1341453,351344,1142739,2537151
hqc128,sphincs128s-sphincs128s-sphincs128s,1322901,1314973,1409244,344012,1135339,2596193
hqc128,sphincs128s-sphincs128s-sphincs128s,1322963,1314945,1346932,358643,1150421,2547512
hqc128,sphincs128s-sphincs128s-sphincs128s,1322840,1314924,1341630,344051,1133051,2525645
hqc128,sphincs128s-sphincs128s-sphincs128s,1322859,1314930,1339046,346447,1138239,2526789
hqc128,sphincs128s-sphincs128s-sphincs128s,1322891,1314909,1339880,331846,1123541,2512674
hqc128,sphincs128s-sphincs128s-sphincs128s,1322906,1314934,1339257,353745,1145665,2539452
hqc128,sphincs128s-sphincs128s-sphincs128s,1322858,1314915,1340240,365969,1157458,2548764
hqc128,sphincs128s-sphincs128s-sphincs128s,1322845,1314923,1346276,358608,1149590,2544611
hqc128,sphincs128s-sphincs128s-sphincs128s,1322911,1314937,1357795,346460,1136057,2543056
hqc128,sphincs128s-sphincs128s-sphincs128s,1322888,1314929,1338583,358639,1150243,2541964
hqc128,sphincs128s-sphincs128s-sphincs128s,1322883,1314945,1336695,353753,1145322,2535181
hqc128,sphincs128s-sphincs128s-sphincs128s,1322885,1314933,1370341,339138,1130940,2550194
hqc128,sphincs128s-sphincs128s-sphincs128s,1322887,1314948,1336744,358634,1150141,2539528
hqc128,sphincs128s-sphincs128s-sphincs128s,1322842,1314915,1339257,353751,1145519,2534726
hqc128,sphincs128s-sphincs128s-sphincs128s,1322853,1314926,1335784,351310,1143034,2572591
hqc128,sphincs128s-sphincs128s-sphincs128s,1322890,1314938,1341307,344018,1135535,2527776
hqc128,sphincs128s-sphincs128s-sphincs128s,1323124,1314953,1347160,348870,1138776,2563114
hqc128,sphincs128s-sphincs128s-sphincs128s,1322836,1314910,1343286,356188,1147509,2540224
hqc128,sphincs128s-sphincs128s-sphincs128s,1322893,1314944,1342280,336704,1128477,2518721
hqc128,sphincs128s-sphincs128s-sphincs128s,1322884,1314915,1378118,382997,1174052,2600104
hqc128,sphincs128s-sphincs128s-sphincs128s,1322898,1314941,1356785,341560,1133165,2551370
hqc128,sphincs128s-sphincs128s-sphincs128s,1322899,1314941,1338165,380532,1172257,2561159
hqc128,sphincs128s-sphincs128s-sphincs128s,1322880,1314923,1340957,348905,1140624,2533501
hqc128,sphincs128s-sphincs128s-sphincs128s,1322875,1314947,1353542,363480,1155101,2579968
hqc128,sphincs128s-sphincs128s-sphincs128s,1322859,1314942,1344523,356185,1147378,2552511
hqc128,sphincs128s-sphincs128s-sphincs128s,1322902,1314962,1339994,344015,1135624,2523185
hqc128,sphincs128s-sphincs128s-sphincs128s,1322901,1314950,1339083,351332,1142495,2530839
hqc128,sphincs128s-sphincs128s-sphincs128s,1322900,1314940,1336242,370782,1160374,2549445
hqc128,sphincs128s-sphincs128s-sphincs128s,1322881,1314937,1339487,341581,1133263,2522931
hqc128,sphincs128s-sphincs128s-sphincs128s,1322900,1314917,1340940,380544,1171715,2574823
hqc128,sphincs128s-sphincs128s-sphincs128s,1322870,1314937,1341438,356194,1148021,2539433
hqc128,sphincs128s-sphincs128s-sphincs128s,1322866,1314942,1337868,356204,1147542,2534494
hqc128,sphincs128s-sphincs128s-sphincs128s,1322919,1314961,1340403,356187,1147778,2537674
hqc128,sphincs128s-sphincs128s-sphincs128s,1322864,1314925,1350114,361073,1152587,2552768
hqc128,sphincs128s-sphincs128s-sphincs128s,1322865,1314938,1341249,334286,1126041,2516276
hqc128,sphincs128s-sphincs128s-sphincs128s,1322863,1314928,1344468,365931,1155907,2549063
hqc128,sphincs128s-sphincs128s-sphincs128s,1322916,1314925,1341028,346431,1135910,2528723
hqc128,sphincs128s-sphincs128s-sphincs128s,1322843,1314907,1338228,356210,1145241,2540110
hqc128,sphincs128s-sphincs128s-sphincs128s,1322848,1314953,1352700,365911,1157172,2579897
hqc128,sphincs128s-sphincs128s-sphincs128s,1322839,1314920,1339208,356173,1145607,2536383
hqc128,sphincs128s-sphincs128s-sphincs128s,1322941,1314946,1343591,363499,1155016,2549984
hqc128,sphincs128s-sphincs128s-sphincs128s,1322871,1314939,1342131,339151,1130464,2521841
hqc128,sphincs128s-sphincs128s-sphincs128s,1322887,1314947,1342954,351343,1142603,2541004
hqc128,sphincs128s-sphincs128s-sphincs128s,1322864,1314932,1337240,353763,1145640,2535468
hqc128,sphincs128s-sphincs128s-sphincs128s,1322884,1314951,1343702,346457,1138654,2530398
hqc128,sphincs128s-sphincs128s-sphincs128s,1322846,1314949,1337621,344016,1135698,2526028
hqc128,sphincs128s-sphincs128s-sphincs128s,1322876,1314933,1341820,346442,1135373,2528749
hqc128,sphincs128s-sphincs128s-sphincs128s,1322866,1314917,1340331,331855,1123470,2511982
hqc128,sphincs128s-sphincs128s-sphincs128s,1322859,1314929,1340157,390309,1182140,2571349
hqc128,sphincs128s-sphincs128s-sphincs128s,1322845,1314940,1341740,363514,1155018,2549750
hqc128,sphincs128s-sphincs128s-sphincs128s,1322931,1314960,1342197,365936,1157432,2548102
hqc128,sphincs128s-sphincs128s-sphincs128s,1322873,1314938,1347829,344022,1134973,2532270
hqc128,sphincs128s-sphincs128s-sphincs128s,1322857,1314939,1339568,351325,1142942,2532070
hqc128,sphincs128s-sphincs128s-sphincs128s,1322861,1314939,1341768,346465,1137691,2534218
hqc128,sphincs128s-sphincs128s-sphincs128s,1322879,1314936,1400266,339141,1130587,2586655
hqc128,sphincs128s-sphincs128s-sphincs128s,1322892,1314943,1339491,358644,1150448,2540165
hqc128,sphincs128s-sphincs128s-sphincs128s,1322848,1314924,1338826,329402,1120488,2509041
hqc128,sphincs128s-sphincs128s-sphincs128s,1322926,1314930,1339268,339146,1129230,2519360
hqc128,sphincs128s-sphincs128s-sphincs128s,1322889,1314955,1342030,336694,1127844,2528097
hqc128,sphincs128s-sphincs128s-sphincs128s,1322886,1314953,1339909,356223,1147948,2537473
hqc128,sphincs128s-sphincs128s-sphincs128s,1322879,1314949,1353996,358606,1149746,2557389
hqc128,sphincs128s-sphincs128s-sphincs128s,1322902,1314927,1338552,346446,1138039,2526140
hqc128,sphincs128s-sphincs128s-sphincs128s,1322884,1314956,1340833,363535,1155499,2545722
hqc128,sphincs128s-sphincs128s-sphincs128s,1322899,1314960,1346526,334274,1125981,2520503
hqc128,sphincs128s-sphincs128s-sphincs128s,1322919,1314935,1341467,365914,1157643,2547208
hqc128,sphincs128s-sphincs128s-sphincs128s,1322911,1314937,1371008,365926,1157686,2591618
hqc128,sphincs128s-sphincs128s-sphincs128s,1322908,1314931,1343123,336696,1128816,2530578
hqc128,sphincs128s-sphincs128s-sphincs128s,1322904,1314937,1340274,351319,1142919,2532476
hqc128,sphincs128s-sphincs128s-sphincs128s,1322901,1314939,1350847,348875,1138717,2544556
hqc128,sphincs128s-sphincs128s-sphincs128s,1322864,1314936,1360302,351327,1142449,2560297
hqc128,sphincs128s-sphincs128s-sphincs128s,1322866,1314915,1340003,356200,1145101,2533476
hqc128,sphincs128s-sphincs128s-sphincs128s,1322870,1314958,1340420,380518,1172119,2564470
hqc128,sphincs128s-sphincs128s-sphincs128s,1322901,1314948,1338997,344013,1135446,2522959
hqc128,sphincs128s-sphincs128s-sphincs128s,1322880,1314928,1342555,344009,1135437,2527945
hqc128,sphincs128s-sphincs128s-sphincs128s,1322792,1314908,1342372,344009,1135848,2530469
hqc128,sphincs128s-sphincs128s-sphincs128s,1322909,1314949,1339652,373203,1164906,2557883
hqc128,sphincs128s-sphincs128s-sphincs128s,1322896,1314946,1337083,353739,1145200,2534936
hqc128,sphincs128s-sphincs128s-sphincs128s,1322848,1314948,1342063,331829,1123306,2514184
hqc128,sphincs128s-sphincs128s-sphincs128s,1322908,1314939,1339096,375672,1167516,2559565
hqc128,sphincs128s-sphincs128s-sphincs128s,1322878,1314915,1341688,382962,1174058,2568308
hqc128,sphincs128s-sphincs128s-sphincs128s,1322879,1314953,1340487,341587,1133048,2523155
hqc128,sphincs128s-sphincs128s-sphincs128s,1322868,1314941,1339985,358622,1150318,2555419
hqc128,sphincs128s-sphincs128s-sphincs128s,1322881,1314946,1344324,348891,1140291,2534119
hqc128,sphincs128s-sphincs128s-sphincs128s,1322914,1314961,1343836,341596,1131427,2524119
hqc128,sphincs128s-sphincs128s-sphincs128s,1322885,1314929,1338695,344048,1133669,2522810
hqc128,sphincs128s-sphincs128s-sphincs128s,1322841,1314919,1340749,336725,1128391,2517970
hqc128,sphincs128s-sphincs128s-sphincs128s,1322850,1314913,1341141,365932,1157610,2551603
hqc128,sphincs128s-sphincs128s-sphincs128s,1322870,1314921,1375196,356200,1147705,2594257
hqc128,sphincs128s-sphincs128s-sphincs128s,1322928,1314975,1380210,351337,1142687,2578632
hqc128,sphincs128s-sphincs128s-sphincs128s,1322843,1314942,1371131,344021,1135691,2565770
hqc128,sphincs128s-sphincs128s-sphincs128s,1322892,1314959,1349244,329418,1120786,2522744
hqc128,sphincs128s-sphincs128s-sphincs128s,1322849,1314934,1344919,373213,1164819,2564662
hqc128,sphincs128s-sphincs128s-sphincs128s,1322821,1314907,1357029,326965,1118151,2524163
hqc128,sphincs128s-sphincs128s-sphincs128s,1322854,1314958,1340779,339132,1130761,2527466
hqc128,sphincs128s-sphincs128s-sphincs128s,1322932,1314962,1343703,385408,1175216,2570600
hqc128,sphincs128s-sphincs128s-sphincs128s,1322867,1314953,1346594,324544,1116238,2512422
hqc128,sphincs128s-sphincs128s-sphincs128s,1322902,1314951,1343760,348893,1140701,2533607
hqc128,sphincs128s-sphincs128s-sphincs128s,1322883,1314933,1349529,373256,1162961,2567300
hqc128,sphincs128s-sphincs128s-sphincs128s,1322925,1314935,1341134,358627,1150071,2541576
hqc128,sphincs128s-sphincs128s-sphincs128s,1322874,1314957,1342437,336695,1125509,2515890
hqc128,sphincs128s-sphincs128s-sphincs128s,1322904,1314933,1352936,353777,1145420,2547536
hqc128,sphincs128s-sphincs128s-sphincs128s,1322850,1314929,1338822,348895,1138946,2530110
hqc128,sphincs128s-sphincs128s-sphincs128s,1322858,1314951,1339358,336718,1127987,2516448
hqc128,sphincs128s-sphincs128s-sphincs128s,1322864,1314942,1340998,339167,1130917,2522589
hqc128,sphincs128s-sphincs128s-sphincs128s,1322879,1314951,1336790,346474,1137495,2524000
hqc128,sphincs128s-sphincs128s-sphincs128s,1322943,1314966,1343033,324532,1116401,2512488
hqc128,sphincs128s-sphincs128s-sphincs128s,1322889,1314929,1343469,353780,1145488,2538544
hqc128,sphincs128s-sphincs128s-sphincs128s,1322870,1314937,1340745,344056,1135575,2527970
hqc128,sphincs128s-sphincs128s-sphincs128s,1322883,1314963,1339618,356208,1147485,2536804
hqc128,sphincs128s-sphincs128s-sphincs128s,1322876,1314939,1340245,368368,1159400,2549323
hqc128,sphincs128s-sphincs128s-sphincs128s,1322900,1314945,1345883,343995,1133800,2527644
hqc128,sphincs128s-sphincs128s-sphincs128s,1322888,1314947,1339818,351330,1142701,2532949
hqc128,sphincs128s-sphincs128s-sphincs128s,1322865,1314962,1340616,331854,1121837,2512028
hqc128,sphincs128s-sphincs128s-sphincs128s,1322924,1314937,1343223,339150,1130847,2523805
hqc128,sphincs128s-sphincs128s-sphincs128s,1322888,1314970,1338515,365941,1155499,2543256
hqc128,sphincs128s-sphincs128s-sphincs128s,1322843,1314932,1340476,356188,1147313,2538000
hqc128,sphincs128s-sphincs128s-sphincs128s,1322836,1314933,1339660,361048,1152590,2542523
hqc128,sphincs128s-sphincs128s-sphincs128s,1322928,1314972,1337127,336708,1128357,2517942
hqc128,sphincs128s-sphincs128s-sphincs128s,1322850,1314918,1337161,358649,1148828,2539088
hqc128,sphincs128s-sphincs128s-sphincs128s,1322820,1314908,1338919,336738,1128384,2518457
hqc128,sphincs128s-sphincs128s-sphincs128s,1322881,1314944,1349733,358602,1149775,2551916
hqc128,sphincs128s-sphincs128s-sphincs128s,1322928,1314959,1352400,363537,1155306,2556678
hqc128,sphincs128s-sphincs128s-sphincs128s,1322808,1314918,1344380,331846,1123258,2517216
hqc128,sphincs128s-sphincs128s-sphincs128s,1322880,1314959,1342446,351325,1143055,2544375
hqc128,sphincs128s-sphincs128s-sphincs128s,1322903,1314972,1349059,353769,1144987,2546562
hqc128,sphincs128s-sphincs128s-sphincs128s,1322873,1314926,1351866,353778,1145554,2547566
hqc128,sphincs128s-sphincs128s-sphincs128s,1322864,1314926,1341866,361055,1152642,2544251
hqc128,sphincs128s-sphincs128s-sphincs128s,1322875,1314953,1339896,387867,1179262,2570707
hqc128,sphincs128s-sphincs128s-sphincs128s,1322886,1314921,1340378,336704,1127936,2528678
hqc128,sphincs128s-sphincs128s-sphincs128s,1322868,1314928,1366694,361065,1152024,2582895
hqc128,sphincs128s-sphincs128s-sphincs128s,1322847,1314927,1339590,358636,1148514,2541800
hqc128,sphincs128s-sphincs128s-sphincs128s,1322902,1314939,1340507,326972,1118551,2509561
hqc128,sphincs128s-sphincs128s-sphincs128s,1322931,1314956,1339496,351332,1143550,2552896
hqc128,sphincs128s-sphincs128s-sphincs128s,1322863,1314948,1343857,353722,1145570,2567569
hqc128,sphincs128s-sphincs128s-sphincs128s,1322849,1314912,1338460,353768,1143377,2531945
hqc128,sphincs128s-sphincs128s-sphincs128s,1322875,1314941,1340482,336713,1128050,2517890
hqc128,sphincs128s-sphincs128s-sphincs128s,1322881,1314943,1338529,346472,1137911,2526493
hqc128,sphincs128s-sphincs128s-sphincs128s,1322850,1314918,1346262,356178,1147708,2546647
hqc128,sphincs128s-sphincs128s-sphincs128s,1322895,1314965,1337806,358664,1148136,2538694
hqc128,sphincs128s-sphincs128s-sphincs128s,1322895,1314950,1343822,339149,1130850,2543974
hqc128,sphincs128s-sphincs128s-sphincs128s,1322862,1314933,1340884,368369,1160158,2556016
hqc128,sphincs128s-sphincs128s-sphincs128s,1322900,1314969,1341318,353754,1145527,2564571
hqc128,sphincs128s-sphincs128s-sphincs128s,1322832,1314935,1357999,358623,1150077,2626599
hqc128,sphincs128s-sphincs128s-sphincs128s,1322857,1314931,1344185,344051,1133577,2532920
hqc128,sphincs128s-sphincs128s-sphincs128s,1322841,1314927,1344784,348893,1140598,2561344
hqc128,sphincs128s-sphincs128s-sphincs128s,1322879,1314954,1338757,344049,1135073,2527185
hqc128,sphincs128s-sphincs128s-sphincs128s,1322885,1314933,1342806,341577,1131023,2523940
hqc128,sphincs128s-sphincs128s-sphincs128s,1322899,1314927,1345658,353767,1142693,2543031
hqc128,sphincs128s-sphincs128s-sphincs128s,1322887,1314946,1348261,358622,1150006,2547980
hqc128,sphincs128s-sphincs128s-sphincs128s,1322879,1314951,1347571,336715,1128342,2524795
hqc128,sphincs128s-sphincs128s-sphincs128s,1322916,1314929,1343207,339148,1130507,2537333
hqc128,sphincs128s-sphincs128s-sphincs128s,1322869,1314916,1346505,346479,1137855,2536530
hqc128,sphincs128s-sphincs128s-sphincs128s,1322914,1314962,1340016,356175,1146209,2536237
hqc128,sphincs128s-sphincs128s-sphincs128s,1322875,1314936,1341066,368375,1159723,2552236
hqc128,sphincs128s-sphincs128s-sphincs128s,1322870,1314937,1348280,361064,1152537,2549615
hqc128,sphincs128s-sphincs128s-sphincs128s,1322867,1314942,1340563,331851,1120738,2510054
hqc128,sphincs128s-sphincs128s-sphincs128s,1322850,1314934,1341411,363503,1154506,2555101
hqc128,sphincs128s-sphincs128s-sphincs128s,1322900,1314962,1356147,353793,1145612,2553697
hqc128,sphincs128s-sphincs128s-sphincs128s,1322905,1314955,1342791,353732,1144862,2538839
hqc128,sphincs128s-sphincs128s-sphincs128s,1322907,1314948,1344737,348903,1140601,2535077
hqc128,sphincs128s-sphincs128s-sphincs128s,1322920,1314957,1339132,392729,1183884,2573856
hqc128,sphincs128s-sphincs128s-sphincs128s,1322925,1314948,1340975,348849,1138951,2539270
hqc128,sphincs128s-sphincs128s-sphincs128s,1322839,1314946,1342343,358637,1149961,2540830
hqc128,sphincs128s-sphincs128s-sphincs128s,1322854,1314904,1377117,344024,1132920,2563282
hqc128,sphincs128s-sphincs128s-sphincs128s,1322864,1314941,1342212,363519,1155150,2548621
hqc128,sphincs128s-sphincs128s-sphincs128s,1322878,1314935,1354999,358651,1149927,2554884
hqc128,sphincs128s-sphincs128s-sphincs128s,1322856,1314919,1363521,351334,1142998,2561036
hqc128,sphincs128s-sphincs128s-sphincs128s,1322826,1314932,1360205,356179,1147810,2557022
hqc128,sphincs128s-sphincs128s-sphincs128s,1322855,1314944,1346663,344020,1133903,2546424
hqc128,sphincs128s-sphincs128s-sphincs128s,1322942,1314930,1354210,334284,1125556,2539386
hqc128,sphincs128s-sphincs128s-sphincs128s,1322846,1314946,1398566,351334,1142962,2606699
hqc128,sphincs128s-sphincs128s-sphincs128s,1322886,1314969,1342963,363457,1154808,2548476
hqc128,sphincs128s-sphincs128s-sphincs128s,1322837,1314930,2398739,348885,1140479,3590413
hqc128,sphincs128s-sphincs128s-sphincs128s,1322847,1314928,1340018,353734,1145298,2534897
hqc128,sphincs128s-sphincs128s-sphincs128s,1322831,1314956,1336868,363481,1155073,2544955
hqc128,sphincs128s-sphincs128s-sphincs128s,1322897,1314942,1342504,361074,1152794,2551785
hqc128,sphincs128s-sphincs128s-sphincs128s,1322864,1314948,1339967,346465,1137610,2527195
hqc128,sphincs128s-sphincs128s-sphincs128s,1322880,1314927,1340310,358650,1149996,2540519
hqc128,sphincs128s-sphincs128s-sphincs128s,1322879,1314934,1345730,375694,1165175,2569241
hqc128,sphincs128s-sphincs128s-sphincs128s,1322889,1314926,1346929,336713,1128211,2527595
hqc128,sphincs128s-sphincs128s-sphincs128s,1322854,1314917,1358156,341591,1132644,2548177
hqc128,sphincs128s-sphincs128s-sphincs128s,1322935,1314947,1340323,344030,1135632,2530503
hqc128,sphincs128s-sphincs128s-sphincs128s,1322874,1314948,1338949,331876,1123002,2527246
hqc128,sphincs128s-sphincs128s-sphincs128s,1322879,1314947,1338929,365930,1155592,2544569
hqc128,sphincs128s-sphincs128s-sphincs128s,1322900,1314928,1339305,339134,1130318,2518597
hqc128,sphincs128s-sphincs128s-sphincs128s,1322915,1314938,1339178,373235,1164503,2552577
hqc128,sphincs128s-sphincs128s-sphincs128s,1322822,1314931,1366499,370776,1162570,2581660
hqc128,sphincs128s-sphincs128s-sphincs128s,1322890,1314946,1340470,339159,1130365,2523319
hqc128,sphincs128s-sphincs128s-sphincs128s,1322906,1314940,1338476,344042,1135589,2527872
hqc128,sphincs128s-sphincs128s-sphincs128s,1322908,1314937,1340508,341599,1131260,2532592
hqc128,sphincs128s-sphincs128s-sphincs128s,1322835,1314903,1348219,344025,1135458,2534526
hqc128,sphincs128s-sphincs128s-sphincs128s,1322828,1314930,1344905,348886,1139841,2534135
hqc128,sphincs128s-sphincs128s-sphincs128s,1322859,1314908,1342263,358644,1149996,2550459
hqc128,sphincs128s-sphincs128s-sphincs128s,1322852,1314939,1344145,346465,1137906,2531980
hqc128,sphincs128s-sphincs128s-sphincs128s,1322886,1314939,1338966,356209,1147276,2535245
hqc128,sphincs128s-sphincs128s-sphincs128s,1322939,1314944,1340241,346460,1138057,2527521
hqc128,sphincs128s-sphincs128s-sphincs128s,1322890,1314945,1345329,329422,1121239,2515776
hqc128,sphincs128s-sphincs128s-sphincs128s,1322872,1314937,1349824,348870,1140463,2542901
hqc128,sphincs128s-sphincs128s-sphincs128s,1322844,1314904,1342626,336722,1128124,2524117
hqc128,sphincs128s-sphincs128s-sphincs128s,1322903,1314945,1340249,363504,1154678,2544939
hqc128,sphincs128s-sphincs128s-sphincs128s,1322875,1314945,1342888,344002,1133539,2526833
hqc128,sphincs128s-sphincs128s-sphincs128s,1322877,1314947,1344856,358654,1150399,2546389
hqc128,sphincs128s-sphincs128s-sphincs128s,1322933,1314963,1345769,348897,1140664,2535884
hqc128,sphincs128s-sphincs128s-sphincs128s,1322842,1314930,1338419,378092,1169514,2557734
hqc128,sphincs128s-sphincs128s-sphincs128s,1322901,1314951,1361931,346443,1138227,2634057
hqc128,sphincs128s-sphincs128s-sphincs128s,1322881,1314934,1608800,341601,1132924,2943443
hqc128,sphincs128s-sphincs128s-sphincs128s,1322830,1314943,1565164,368350,1160042,2901975
hqc128,sphincs128s-sphincs128s-sphincs128s,1322901,1314947,1612609,365943,1157627,2964978
hqc128,sphincs128s-sphincs128s-sphincs128s,1322893,1314947,1546745,341575,1133320,2839844
hqc128,sphincs128s-sphincs128s-sphincs128s,1322920,1314970,1526263,329410,1121218,2823155
hqc128,sphincs128s-sphincs128s-sphincs128s,1322841,1314922,1358025,343998,1135744,2544801
hqc128,sphincs128s-sphincs128s-sphincs128s,1322830,1314920,1342181,324559,1115850,2508937
hqc128,sphincs128s-sphincs128s-sphincs128s,1322891,1314948,1339362,348876,1140299,2530228
hqc128,sphincs128s-sphincs128s-sphincs128s,1322871,1314928,1338923,361058,1152715,2543866
hqc128,sphincs128s-sphincs128s-sphincs128s,1322873,1314946,1340828,344040,1135747,2525760
hqc128,sphincs128s-sphincs128s-sphincs128s,1322901,1314964,1340654,341597,1133300,2523274
hqc128,sphincs128s-sphincs128s-sphincs128s,1322868,1314939,1339358,329399,1118842,2520244
hqc128,sphincs128s-sphincs128s-sphincs128s,1322865,1314929,1356202,361048,1152909,2558738
hqc128,sphincs128s-sphincs128s-sphincs128s,1322880,1314946,1343747,346488,1137562,2574579
hqc128,sphincs128s-sphincs128s-sphincs128s,1322881,1314986,1339507,368363,1160005,2548361
hqc128,sphincs128s-sphincs128s-sphincs128s,1322900,1314943,1342178,346452,1138268,2529363
hqc128,sphincs128s-sphincs128s-sphincs128s,1322873,1314930,1341851,341582,1132956,2523231
hqc128,sphincs128s-sphincs128s-sphincs128s,1322869,1314946,1342627,353764,1143780,2542193
hqc128,sphincs128s-sphincs128s-sphincs128s,1322907,1314936,1355034,336701,1127807,2538707
hqc128,sphincs128s-sphincs128s-sphincs128s,1322911,1314954,1337263,336722,1128387,2522313
hqc128,sphincs128s-sphincs128s-sphincs128s,1322869,1314940,1341259,363495,1155256,2546462
hqc128,sphincs128s-sphincs128s-sphincs128s,1322893,1314939,1339943,361083,1152246,2541832
hqc128,sphincs128s-sphincs128s-sphincs128s,1322920,1314950,1339021,361066,1152889,2542072
hqc128,sphincs128s-sphincs128s-sphincs128s,1322888,1314963,1347548,348875,1140008,2540255
hqc128,sphincs128s-sphincs128s-sphincs128s,1322842,1314946,1342284,339166,1130726,2524147
hqc128,sphincs128s-sphincs128s-sphincs128s,1322877,1314929,1345341,339155,1130931,2526356
hqc128,sphincs128s-sphincs128s-sphincs128s,1322891,1314919,1341888,348868,1140376,2535792
hqc128,sphincs128s-sphincs128s-sphincs128s,1322863,1314947,1341935,370777,1162286,2553371
hqc128,sphincs128s-sphincs128s-sphincs128s,1322878,1314938,1341753,351325,1143211,2536336
hqc128,sphincs128s-sphincs128s-sphincs128s,1322932,1314949,1340175,312372,1101878,2499911
hqc128,sphincs128s-sphincs128s-sphincs128s,1322852,1314942,1343456,339161,1130771,2523305
hqc128,sphincs128s-sphincs128s-sphincs128s,1322842,1314924,1341930,351308,1142705,2534774
hqc128,sphincs128s-sphincs128s-sphincs128s,1322862,1314964,1341023,353763,1144845,2535651
hqc128,sphincs128s-sphincs128s-sphincs128s,1322885,1314936,1335709,336733,1128457,2529680
hqc128,sphincs128s-sphincs128s-sphincs128s,1322861,1314931,1345241,356196,1147867,2540986
hqc128,sphincs128s-sphincs128s-sphincs128s,1322882,1314924,1345427,363545,1154663,2552104
hqc128,sphincs128s-sphincs128s-sphincs128s,1322919,1314925,1341082,351321,1142729,2533158
hqc128,sphincs128s-sphincs128s-sphincs128s,1322876,1314931,1343844,353802,1145029,2539008
hqc128,sphincs128s-sphincs128s-sphincs128s,1322898,1314929,1342361,361066,1152139,2546692
hqc128,sphincs128s-sphincs128s-sphincs128s,1322869,1314942,1340574,351298,1142990,2554886
hqc128,sphincs128s-sphincs128s-sphincs128s,1322895,1314946,1339405,361065,1152751,2543079
hqc128,sphincs128s-sphincs128s-sphincs128s,1322858,1314945,1343159,351337,1140988,2536436
hqc128,sphincs128s-sphincs128s-sphincs128s,1322865,1314954,1339922,329434,1121163,2521188
hqc128,sphincs128s-sphincs128s-sphincs128s,1322890,1314934,1341149,334285,1126011,2516734
hqc128,sphincs128s-sphincs128s-sphincs128s,1322983,1314989,1339763,314817,1106655,2522412
hqc128,sphincs128s-sphincs128s-sphincs128s,1322866,1314951,1340541,344044,1135085,2531325
hqc128,sphincs128s-sphincs128s-sphincs128s,1322886,1314969,1338929,336721,1128547,2517503
hqc128,sphincs128s-sphincs128s-sphincs128s,1322843,1314896,1340982,348901,1140015,2530594
hqc128,sphincs128s-sphincs128s-sphincs128s,1322875,1314939,1341499,361058,1152866,2559405
hqc128,sphincs128s-sphincs128s-sphincs128s,1322835,1314925,1341379,363490,1155246,2545888
hqc128,sphincs128s-sphincs128s-sphincs128s,1322890,1314929,1338366,336744,1128109,2519478
hqc128,sphincs128s-sphincs128s-sphincs128s,1322907,1314940,1346010,358642,1149742,2546131
hqc128,sphincs128s-sphincs128s-sphincs128s,1322832,1314930,1341982,343999,1133887,2529063
hqc128,sphincs128s-sphincs128s-sphincs128s,1322883,1314955,1356535,356168,1147922,2552792
hqc128,sphincs128s-sphincs128s-sphincs128s,1322876,1314932,1350914,351323,1143171,2544104
hqc128,sphincs128s-sphincs128s-sphincs128s,1322856,1314943,1343548,358616,1149681,2569344
hqc128,sphincs128s-sphincs128s-sphincs128s,1322835,1314921,1346877,351319,1142999,2543409
hqc128,sphincs128s-sphincs128s-sphincs128s,1322848,1314940,1339526,344006,1133701,2526941
hqc128,sphincs128s-sphincs128s-sphincs128s,1322890,1314912,1347964,353766,1143404,2545982
hqc128,sphincs128s-sphincs128s-sphincs128s,1322819,1314917,1342962,348888,1140342,2545710
hqc128,sphincs128s-sphincs128s-sphincs128s,1322870,1314921,1346595,334293,1125643,2520982
hqc128,sphincs128s-sphincs128s-sphincs128s,1322881,1314919,1339305,346473,1138194,2533494
hqc128,sphincs128s-sphincs128s-sphincs128s,1322930,1314944,1346085,326951,1118443,2530328
hqc128,sphincs128s-sphincs128s-sphincs128s,1322863,1314935,1339526,356169,1148142,2537357
hqc128,sphincs128s-sphincs128s-sphincs128s,1322909,1314975,1351401,339138,1130231,2532386
hqc128,sphincs128s-sphincs128s-sphincs128s,1322884,1314929,1335871,361072,1152166,2542783
hqc128,sphincs128s-sphincs128s-sphincs128s,1322865,1314924,1337736,361063,1152782,2544072
hqc128,sphincs128s-sphincs128s-sphincs128s,1322919,1314974,1370990,341590,1133152,2559128
hqc128,sphincs128s-sphincs128s-sphincs128s,1322883,1314938,1340273,356205,1147268,2536732
hqc128,sphincs128s-sphincs128s-sphincs128s,1322900,1314937,1339875,346466,1137788,2527431
hqc128,sphincs128s-sphincs128s-sphincs128s,1322864,1314916,1340363,356158,1147656,2559183
hqc128,sphincs128s-sphincs128s-sphincs128s,1322893,1314937,1340712,358657,1150427,2540222
hqc128,sphincs128s-sphincs128s-sphincs128s,1322880,1314921,1354350,348895,1140552,2547741
hqc128,sphincs128s-sphincs128s-sphincs128s,1322936,1314950,1340804,378098,1169480,2561120
hqc128,sphincs128s-sphincs128s-sphincs128s,1322888,1314949,1350913,375669,1165543,2572650
hqc128,sphincs128s-sphincs128s-sphincs128s,1322879,1314945,1388710,348872,1140570,2584024
hqc128,sphincs128s-sphincs128s-sphincs128s,1322948,1314957,1356590,351324,1140278,2558606
hqc128,sphincs128s-sphincs128s-sphincs128s,1322957,1314948,1343426,346455,1137815,2531842
hqc128,sphincs128s-sphincs128s-sphincs128s,1322871,1314932,1364630,341576,1133314,2548948
hqc128,sphincs128s-sphincs128s-sphincs128s,1322809,1314942,1358225,336698,1128545,2565569
hqc128,sphincs128s-sphincs128s-sphincs128s,1322853,1314923,1336973,324533,1113855,2500797
hqc128,sphincs128s-sphincs128s-sphincs128s,1322823,1314920,1344391,344004,1135043,2568332
hqc128,sphincs128s-sphincs128s-sphincs128s,1322866,1314921,1342310,361028,1152763,2545891
hqc128,sphincs128s-sphincs128s-sphincs128s,1322850,1314930,1358783,346435,1137826,2544647
hqc128,sphincs128s-sphincs128s-sphincs128s,1322791,1314929,1350044,365930,1157615,2559464
hqc128,sphincs128s-sphincs128s-sphincs128s,1322866,1314976,1354980,346473,1137785,2543726
hqc128,sphincs128s-sphincs128s-sphincs128s,1322875,1314940,1348351,346473,1138146,2548033
hqc128,sphincs128s-sphincs128s-sphincs128s,1322836,1314947,1346506,341571,1131571,2527918
hqc128,sphincs128s-sphincs128s-sphincs128s,1322883,1314946,1347102,365931,1157185,2554577
hqc128,sphincs128s-sphincs128s-sphincs128s,1322876,1314955,1338109,361059,1152909,2552338
hqc128,sphincs128s-sphincs128s-sphincs128s,1322900,1314957,1377550,339148,1130394,2562567
hqc128,sphincs128s-sphincs128s-sphincs128s,1322844,1314949,1339658,351331,1140828,2554902
hqc128,sphincs128s-sphincs128s-sphincs128s,1322817,1314939,1358647,339176,1130681,2539617
hqc128,sphincs128s-sphincs128s-sphincs128s,1322892,1314933,1340327,363522,1153398,2542533
hqc128,sphincs128s-sphincs128s-sphincs128s,1322859,1314923,1343283,307505,1099402,2492107
hqc128,sphincs128s-sphincs128s-sphincs128s,1322839,1314936,1341446,353771,1145187,2540580
hqc128,sphincs128s-sphincs128s-sphincs128s,1322839,1314941,1342729,356201,1147856,2540298
hqc128,sphincs128s-sphincs128s-sphincs128s,1322885,1314932,1346569,363494,1153007,2568338
hqc128,sphincs128s-sphincs128s-sphincs128s,1322832,1314936,1342893,322091,1113783,2514478
hqc128,sphincs128s-sphincs128s-sphincs128s,1322838,1314936,1350809,373222,1164780,2567657
hqc128,sphincs128s-sphincs128s-sphincs128s,1322841,1314930,1339363,356167,1147423,2538538
hqc128,sphincs128s-sphincs128s-sphincs128s,1322861,1314942,1338552,344013,1135372,2524888
hqc128,sphincs128s-sphincs128s-sphincs128s,1322871,1314935,1342416,370787,1162512,2555197
hqc128,sphincs128s-sphincs128s-sphincs128s,1322790,1314913,1346883,346467,1136318,2533931
hqc128,sphincs128s-sphincs128s-sphincs128s,1322886,1314934,1352583,346440,1138190,2566670
hqc128,sphincs128s-sphincs128s-sphincs128s,1322890,1314925,1338850,368353,1158350,2546973
hqc128,sphincs128s-sphincs128s-sphincs128s,1322876,1314921,1337561,353748,1143636,2539499
hqc128,sphincs128s-sphincs128s-sphincs128s,1322891,1314938,1342986,368388,1160065,2552116
hqc128,sphincs128s-sphincs128s-sphincs128s,1322922,1314940,1341624,380559,1172207,2579635
hqc128,sphincs128s-sphincs128s-sphincs128s,1322892,1314932,1350029,334262,1125529,2524644
hqc128,sphincs128s-sphincs128s-sphincs128s,1322841,1314923,1345079,346439,1136499,2531928
hqc128,sphincs128s-sphincs128s-sphincs128s,1322877,1314952,1366547,365911,1157578,2574148
hqc128,sphincs128s-sphincs128s-sphincs128s,1322924,1314945,1344339,344012,1135256,2531437
hqc128,sphincs128s-sphincs128s-sphincs128s,1322838,1314926,1346652,322084,1113916,2511791
hqc128,sphincs128s-sphincs128s-sphincs128s,1322859,1314942,1340857,336726,1125604,2517610
hqc128,sphincs128s-sphincs128s-sphincs128s,1322814,1314953,1342905,331876,1123198,2516643
hqc128,sphincs128s-sphincs128s-sphincs128s,1322874,1314937,1340986,363516,1155305,2545757
hqc128,sphincs128s-sphincs128s-sphincs128s,1322823,1314946,1342384,329412,1118828,2512519
hqc128,sphincs128s-sphincs128s-sphincs128s,1322891,1314978,1357112,336718,1128152,2536601
hqc128,sphincs128s-sphincs128s-sphincs128s,1322852,1314928,1336946,370789,1162594,2554457
hqc128,sphincs128s-sphincs128s-sphincs128s,1322839,1314954,1346977,368373,1160050,2580085
hqc128,sphincs128s-sphincs128s-sphincs128s,1322840,1314943,1341591,348882,1140512,2533342
hqc128,sphincs128s-sphincs128s-sphincs128s,1322855,1314958,1339529,344036,1135288,2525715
hqc128,sphincs128s-sphincs128s-sphincs128s,1322883,1314920,1342863,334311,1125870,2520753
hqc128,sphincs128s-sphincs128s-sphincs128s,1322848,1314962,1340662,353766,1145192,2534520
hqc128,sphincs128s-sphincs128s-sphincs128s,1322877,1314948,1350213,344020,1135510,2538165
hqc128,sphincs128s-sphincs128s-sphincs128s,1322876,1314953,1338664,363515,1155288,2542068
hqc128,sphincs128s-sphincs128s-sphincs128s,1322945,1314965,1346668,341592,1133206,2529915
hqc128,sphincs128s-sphincs128s-sphincs128s,1322896,1314947,1342234,370789,1162507,2553937
hqc128,sphincs128s-sphincs128s-sphincs128s,1322846,1314916,1349522,353776,1144811,2544026
hqc128,sphincs128s-sphincs128s-sphincs128s,1322950,1314949,1343741,346463,1138181,2531349
hqc128,sphincs128s-sphincs128s-sphincs128s,1322884,1314922,1340694,334289,1125780,2517817
hqc128,sphincs128s-sphincs128s-sphincs128s,1322817,1314931,1340617,331825,1123249,2513909
hqc128,sphincs128s-sphincs128s-sphincs128s,1322948,1314973,1358120,346452,1138266,2549458
hqc128,sphincs128s-sphincs128s-sphincs128s,1322865,1314929,1342436,336707,1125673,2527459
hqc128,sphincs128s-sphincs128s-sphincs128s,1322829,1314920,1339407,339156,1130813,2525639
hqc128,sphincs128s-sphincs128s-sphincs128s,1322854,1314921,1340632,353770,1143307,2540584
hqc128,sphincs128s-sphincs128s-sphincs128s,1322877,1314922,1338616,346466,1137913,2540981
hqc128,sphincs128s-sphincs128s-sphincs128s,1322912,1314942,1344493,348915,1140609,2534951
hqc128,sphincs128s-sphincs128s-sphincs128s,1322860,1314948,1336154,351308,1142730,2529456
hqc128,sphincs128s-sphincs128s-sphincs128s,1322828,1314924,1340754,339128,1128714,2521422
hqc128,sphincs128s-sphincs128s-sphincs128s,1322881,1314921,1338276,346460,1138183,2529074
hqc128,sphincs128s-sphincs128s-sphincs128s,1322864,1314942,1341075,363505,1153160,2542734
hqc128,sphincs128s-sphincs128s-sphincs128s,1322880,1314943,1345472,358614,1148140,2547400
hqc128,sphincs128s-sphincs128s-sphincs128s,1322907,1314911,1339629,365947,1156233,2545298
hqc128,sphincs128s-sphincs128s-sphincs128s,1322927,1314950,1348327,348888,1140311,2556603
hqc128,sphincs128s-sphincs128s-sphincs128s,1322875,1314949,1361735,358615,1149816,2561173
hqc128,sphincs128s-sphincs128s-sphincs128s,1322855,1314929,1343592,344024,1133461,2536802
hqc128,sphincs128s-sphincs128s-sphincs128s,1322924,1314947,1353681,378105,1167050,2571188
hqc128,sphincs128s-sphincs128s-sphincs128s,1322904,1314946,1341158,358614,1150324,2541344
hqc128,sphincs128s-sphincs128s-sphincs128s,1322866,1314950,1338976,375698,1165122,2554152
hqc128,sphincs128s-sphincs128s-sphincs128s,1322879,1314938,1348869,358623,1150364,2550337
hqc128,sphincs128s-sphincs128s-sphincs128s,1322870,1314937,1342371,356227,1147810,2542199
hqc128,sphincs128s-sphincs128s-sphincs128s,1322873,1314930,1363714,341604,1132740,2544779
hqc128,sphincs128s-sphincs128s-sphincs128s,1322879,1314957,1337592,363484,1154829,2543791
hqc128,sphincs128s-sphincs128s-sphincs128s,1322856,1314934,1343976,368359,1158278,2552984
hqc128,sphincs128s-sphincs128s-sphincs128s,1322867,1314903,1341053,348882,1140316,2547109
hqc128,sphincs128s-sphincs128s-sphincs128s,1322888,1314955,1342568,361038,1152199,2543583
hqc128,sphincs128s-sphincs128s-sphincs128s,1322883,1314952,1339323,361068,1152826,2545489
hqc128,sphincs128s-sphincs128s-sphincs128s,1322914,1314942,1340457,361057,1152678,2542519
hqc128,sphincs128s-sphincs128s-sphincs128s,1322877,1314938,1342880,336716,1127862,2534168
hqc128,sphincs128s-sphincs128s-sphincs128s,1322887,1314945,1354629,331847,1121413,2537772
hqc128,sphincs128s-sphincs128s-sphincs128s,1322875,1314922,1340057,339141,1130264,2520270
hqc128,sphincs128s-sphincs128s-sphincs128s,1322893,1314950,1341922,353776,1144947,2542125
hqc128,sphincs128s-sphincs128s-sphincs128s,1322864,1314926,1341100,353752,1144950,2537788
hqc128,sphincs128s-sphincs128s-sphincs128s,1322855,1314930,1342258,351320,1142436,2537115
hqc128,sphincs128s-sphincs128s-sphincs128s,1322943,1314942,1384386,339161,1131314,2565054
hqc128,sphincs128s-sphincs128s-sphincs128s,1322902,1314936,1342007,341566,1133071,2528855
hqc128,sphincs128s-sphincs128s-sphincs128s,1322924,1314939,1347571,348891,1140682,2537763
hqc128,sphincs128s-sphincs128s-sphincs128s,1322857,1314935,1350550,314814,1106080,2506953
hqc128,sphincs128s-sphincs128s-sphincs128s,1322853,1314919,1339485,324522,1116256,2505526
hqc128,sphincs128s-sphincs128s-sphincs128s,1322869,1314932,1340020,339170,1130226,2517796
hqc128,sphincs128s-sphincs128s-sphincs128s,1322905,1314952,1349102,329409,1121210,2520164
hqc128,sphincs128s-sphincs128s-sphincs128s,1322857,1314961,1339438,331867,1123051,2513541
hqc128,sphincs128s-sphincs128s-sphincs128s,1322930,1314956,1338318,339148,1130275,2519478
hqc128,sphincs128s-sphincs128s-sphincs128s,1322893,1314929,1340811,336734,1126357,2516751
hqc128,sphincs128s-sphincs128s-sphincs128s,1322857,1314939,1367076,344024,1133372,2548821
hqc128,sphincs128s-sphincs128s-sphincs128s,1322915,1314956,1340792,373246,1164544,2554915
hqc128,sphincs128s-sphincs128s-sphincs128s,1322854,1314925,1337205,373257,1164462,2554266
hqc128,sphincs128s-sphincs128s-sphincs128s,1322894,1314951,1339499,348876,1140687,2529645
hqc128,sphincs128s-sphincs128s-sphincs128s,1322890,1314945,1338880,358636,1150299,2553183
hqc128,sphincs128s-sphincs128s-sphincs128s,1322898,1314945,1346201,336723,1128451,2523489
hqc128,sphincs128s-sphincs128s-sphincs128s,1322851,1314925,1341254,344054,1133697,2526131
hqc128,sphincs128s-sphincs128s-sphincs128s,1322868,1314951,1339114,370796,1162290,2551933
hqc128,sphincs128s-sphincs128s-sphincs128s,1322806,1314930,1336641,351353,1142487,2532215
hqc128,sphincs128s-sphincs128s-sphincs128s,1322869,1314948,1338500,356193,1147268,2536797
hqc128,sphincs128s-sphincs128s-sphincs128s,1322837,1314939,1339132,358635,1150366,2543439
hqc128,sphincs128s-sphincs128s-sphincs128s,1322909,1314972,1339785,334277,1126020,2514723
hqc128,sphincs128s-sphincs128s-sphincs128s,1322876,1314933,1337424,351312,1143391,2558822
hqc128,sphincs128s-sphincs128s-sphincs128s,1322862,1314942,1350638,341570,1130394,2540675
hqc128,sphincs128s-sphincs128s-sphincs128s,1322832,1314938,1342083,346443,1137831,2529984
hqc128,sphincs128s-sphincs128s-sphincs128s,1322846,1314940,1343232,344023,1135581,2529889
hqc128,sphincs128s-sphincs128s-sphincs128s,1322827,1314920,1339574,353777,1145507,2538233
hqc128,sphincs128s-sphincs128s-sphincs128s,1322850,1314953,1348926,351333,1143105,2543347
hqc128,sphincs128s-sphincs128s-sphincs128s,1322808,1314940,1345617,370802,1162203,2557522
hqc128,sphincs128s-sphincs128s-sphincs128s,1322819,1314917,1349115,348924,1140409,2538498
hqc128,sphincs128s-sphincs128s-sphincs128s,1322848,1314932,1340968,375671,1167479,2559533
hqc128,sphincs128s-sphincs128s-sphincs128s,1322792,1314936,1341509,341588,1132769,2589620
hqc128,sphincs128s-sphincs128s-sphincs128s,1322848,1314925,1342643,368363,1159847,2551820
hqc128,sphincs128s-sphincs128s-sphincs128s,1322854,1314954,1339985,329441,1120794,2509182
hqc128,sphincs128s-sphincs128s-sphincs128s,1322892,1314955,1341974,361052,1152399,2546627
hqc128,sphincs128s-sphincs128s-sphincs128s,1322813,1314944,1339129,336717,1127945,2517359
hqc128,sphincs128s-sphincs128s-sphincs128s,1322858,1314955,1343156,344014,1135810,2528390
hqc128,sphincs128s-sphincs128s-sphincs128s,1322834,1314917,1351231,368372,1160190,2560657
hqc128,sphincs128s-sphincs128s-sphincs128s,1322849,1314937,1347878,368348,1157213,2557786
hqc128,sphincs128s-sphincs128s-sphincs128s,1322829,1314935,1341922,341605,1133271,2524405
hqc128,sphincs128s-sphincs128s-sphincs128s,1322837,1314946,1337679,348891,1140064,2526086
hqc128,sphincs128s-sphincs128s-sphincs128s,1322851,1314937,1339972,365936,1157649,2563457
hqc128,sphincs128s-sphincs128s-sphincs128s,1322863,1314928,1349841,348899,1140504,2539086
hqc128,sphincs128s-sphincs128s-sphincs128s,1322886,1314947,1338179,365914,1155843,2544981
hqc128,sphincs128s-sphincs128s-sphincs128s,1322871,1314947,1349274,353727,1144095,2547019
hqc128,sphincs128s-sphincs128s-sphincs128s,1322844,1314934,1339101,378098,1169840,2560735
hqc128,sphincs128s-sphincs128s-sphincs128s,1322788,1314931,1341607,363503,1154681,2547232
hqc128,sphincs128s-sphincs128s-sphincs128s,1322811,1314910,1340076,336720,1128380,2517892
hqc128,sphincs128s-sphincs128s-sphincs128s,1322896,1314967,1339092,368376,1160291,2551189
hqc128,sphincs128s-sphincs128s-sphincs128s,1322866,1314937,1379210,375677,1164492,2592607
hqc128,sphincs128s-sphincs128s-sphincs128s,1322836,1314945,1353105,329409,1121149,2522997
hqc128,sphincs128s-sphincs128s-sphincs128s,1322861,1314952,1345242,348872,1140593,2537092
hqc128,sphincs128s-sphincs128s-sphincs128s,1322843,1314915,1342532,365934,1157331,2552089
hqc128,sphincs128s-sphincs128s-sphincs128s,1322810,1314939,1340000,334315,1125770,2527159
hqc128,sphincs128s-sphincs128s-sphincs128s,1322806,1314924,1351674,322101,1113415,2516294
hqc128,sphincs128s-sphincs128s-sphincs128s,1322837,1314925,1356717,331834,1123015,2553465
hqc128,sphincs128s-sphincs128s-sphincs128s,1322891,1314928,1382049,341599,1133022,2564139
hqc128,sphincs128s-sphincs128s-sphincs128s,1322828,1314937,1417159,351333,1142696,2765277
hqc128,sphincs128s-sphincs128s-sphincs128s,1322867,1314943,1387963,373256,1164900,2620841
hqc128,sphincs128s-sphincs128s-sphincs128s,1322824,1314956,1339024,344011,1135463,2523952
hqc128,sphincs128s-sphincs128s-sphincs128s,1322830,1314950,1387974,356191,1147890,2596216
hqc128,sphincs128s-sphincs128s-sphincs128s,1322806,1314944,1352202,344038,1135537,2540810
hqc128,sphincs128s-sphincs128s-sphincs128s,1322862,1314927,1350019,363503,1152819,2577899
hqc128,sphincs128s-sphincs128s-sphincs128s,1322895,1314955,1340492,344025,1135539,2528200
hqc128,sphincs128s-sphincs128s-sphincs128s,1322821,1314924,1339231,356174,1146177,2534678
hqc128,sphincs128s-sphincs128s-sphincs128s,1322835,1314950,1337466,361058,1153242,2543956
hqc128,sphincs128s-sphincs128s-sphincs128s,1322787,1314930,1341299,351314,1140828,2533558
hqc128,sphincs128s-sphincs128s-sphincs128s,1322864,1314921,1336789,353753,1145445,2535416
hqc128,sphincs128s-sphincs128s-sphincs128s,1322861,1314961,1349097,348896,1140574,2538025
hqc128,sphincs128s-sphincs128s-sphincs128s,1322889,1314958,1349936,319652,1111221,2511043
hqc128,sphincs128s-sphincs128s-sphincs128s,1322873,1314950,1363221,341595,1132985,2545313
hqc128,sphincs128s-sphincs128s-sphincs128s,1322858,1314922,1342259,348899,1140393,2553348
hqc128,sphincs128s-sphincs128s-sphincs128s,1322861,1314938,1341860,348907,1140578,2573322
hqc128,sphincs128s-sphincs128s-sphincs128s,1322840,1314945,1346743,361061,1152852,2549151
hqc128,sphincs128s-sphincs128s-sphincs128s,1322850,1314927,1342704,341607,1133355,2525497
hqc128,sphincs128s-sphincs128s-sphincs128s,1322850,1314969,1339249,344041,1135521,2525136
hqc128,sphincs128s-sphincs128s-sphincs128s,1322829,1314940,1343733,348911,1140593,2541838
hqc128,sphincs128s-sphincs128s-sphincs128s,1322861,1314923,1349505,339144,1130821,2531476
hqc128,sphincs128s-sphincs128s-sphincs128s,1322860,1314955,1341670,368373,1160117,2550916
hqc128,sphincs128s-sphincs128s-sphincs128s,1322858,1314947,1368679,348913,1140031,2557981
hqc128,sphincs128s-sphincs128s-sphincs128s,1322782,1314926,1339851,356194,1147898,2550552
hqc128,sphincs128s-sphincs128s-sphincs128s,1322888,1314954,1340316,368391,1160174,2549801
hqc128,sphincs128s-sphincs128s-sphincs128s,1322854,1314930,1341245,344029,1135803,2527398
hqc128,sphincs128s-sphincs128s-sphincs128s,1322880,1314923,1350629,356185,1147301,2551242
hqc128,sphincs128s-sphincs128s-sphincs128s,1322816,1314954,1356527,356208,1147535,2555241
hqc128,sphincs128s-sphincs128s-sphincs128s,1322885,1314943,1344984,361062,1152739,2554094
hqc128,sphincs128s-sphincs128s-sphincs128s,1322887,1314970,1343118,341585,1132664,2526059
hqc128,sphincs128s-sphincs128s-sphincs128s,1322838,1314958,1340375,358639,1150586,2545209
hqc128,sphincs128s-sphincs128s-sphincs128s,1322830,1314938,1348758,344025,1135190,2532062
hqc128,sphincs128s-sphincs128s-sphincs128s,1322877,1314944,1339931,344014,1135762,2524866
hqc128,sphincs128s-sphincs128s-sphincs128s,1322845,1314962,1354206,375657,1167281,2570420
hqc128,sphincs128s-sphincs128s-sphincs128s,1322858,1314933,1351572,339134,1130775,2536183
hqc128,sphincs128s-sphincs128s-sphincs128s,1322883,1314957,1340733,336686,1128435,2518484
hqc128,sphincs128s-sphincs128s-sphincs128s,1322840,1314957,1344412,339185,1130896,2524355
hqc128,sphincs128s-sphincs128s-sphincs128s,1322816,1314941,1337543,334283,1125869,2532542
hqc128,sphincs128s-sphincs128s-sphincs128s,1322802,1314908,1336808,353765,1145573,2536192
hqc128,sphincs128s-sphincs128s-sphincs128s,1322914,1314969,1338934,368364,1159881,2553274
hqc128,sphincs128s-sphincs128s-sphincs128s,1322863,1314932,1359220,341591,1131505,2539413
hqc128,sphincs128s-sphincs128s-sphincs128s,1322814,1314951,1342441,351333,1143123,2535808
hqc128,sphincs128s-sphincs128s-sphincs128s,1322858,1314949,1338673,361050,1152923,2541115
hqc128,sphincs128s-sphincs128s-sphincs128s,1322815,1314916,1339741,331858,1123150,2540764
hqc128,sphincs128s-sphincs128s-sphincs128s,1322841,1314949,1335451,358621,1149792,2538858
hqc128,sphincs128s-sphincs128s-sphincs128s,1322816,1314928,1349364,361058,1152936,2551624
hqc128,sphincs128s-sphincs128s-sphincs128s,1322869,1314931,1342803,368370,1160156,2552007
hqc128,sphincs128s-sphincs128s-sphincs128s,1322871,1314929,1342021,351337,1140916,2533400
hqc128,sphincs128s-sphincs128s-sphincs128s,1322865,1314930,1344506,365937,1157600,2551548
hqc128,sphincs128s-sphincs128s-sphincs128s,1322867,1314936,1340714,344012,1135170,2526455
hqc128,sphincs128s-sphincs128s-sphincs128s,1322846,1314935,1340439,336724,1128024,2527329
hqc128,sphincs128s-sphincs128s-sphincs128s,1322793,1314933,1371151,368371,1157427,2590636
hqc128,sphincs128s-sphincs128s-sphincs128s,1322826,1314940,1341301,344050,1135758,2528812
hqc128,sphincs128s-sphincs128s-sphincs128s,1322892,1314942,1338490,365937,1156972,2544838
hqc128,sphincs128s-sphincs128s-sphincs128s,1322898,1314942,1341968,339139,1128067,2520579
hqc128,sphincs128s-sphincs128s-sphincs128s,1322840,1314917,1340255,343998,1135859,2526375
hqc128,sphincs128s-sphincs128s-sphincs128s,1322870,1314951,1338663,353796,1145481,2538821
hqc128,sphincs128s-sphincs128s-sphincs128s,1322872,1314941,1349005,351341,1140877,2553370
hqc128,sphincs128s-sphincs128s-sphincs128s,1322823,1314947,1339006,336704,1126286,2514858
hqc128,sphincs128s-sphincs128s-sphincs128s,1322830,1314930,1349041,339145,1130878,2538625
hqc128,sphincs128s-sphincs128s-sphincs128s,1322908,1314966,1340557,356175,1147507,2542837
hqc128,sphincs128s-sphincs128s-sphincs128s,1322900,1314968,1344459,339148,1130691,2536746
hqc128,sphincs128s-sphincs128s-sphincs128s,1322839,1314927,1341356,370814,1162265,2582947
hqc128,sphincs128s-sphincs128s-sphincs128s,1322776,1314930,1349900,353749,1145358,2554640
hqc128,sphincs128s-sphincs128s-sphincs128s,1322861,1314952,1378262,353786,1144942,2579443
hqc128,sphincs128s-sphincs128s-sphincs128s,1322812,1314924,1376675,344027,1135161,2578308
hqc128,sphincs128s-sphincs128s-sphincs128s,1322799,1314918,1340165,361078,1152843,2565642
hqc128,sphincs128s-sphincs128s-sphincs128s,1322805,1314929,1342701,370822,1160633,2552784
hqc128,sphincs128s-sphincs128s-sphincs128s,1322833,1314931,1342609,351334,1142385,2535571
hqc128,sphincs128s-sphincs128s-sphincs128s,1322881,1314951,1340895,344025,1135096,2533431
hqc128,sphincs128s-sphincs128s-sphincs128s,1322849,1314930,1366019,368375,1160165,2591110
hqc128,sphincs128s-sphincs128s-sphincs128s,1322885,1314973,1339538,341584,1132988,2521176
hqc128,sphincs128s-sphincs128s-sphincs128s,1322852,1314929,1343662,348879,1140256,2531934
hqc128,sphincs128s-sphincs128s-sphincs128s,1322861,1314941,1335615,382957,1172450,2559023
hqc128,sphincs128s-sphincs128s-sphincs128s,1322799,1314923,1340401,351329,1141268,2537446
hqc128,sphincs128s-sphincs128s-sphincs128s,1322810,1314922,1375470,361092,1152805,2591287
hqc128,sphincs128s-sphincs128s-sphincs128s,1322857,1314927,1346934,344037,1135474,2532108
hqc128,sphincs128s-sphincs128s-sphincs128s,1322849,1314945,1387152,373239,1164986,2603133
hqc128,sphincs128s-sphincs128s-sphincs128s,1322875,1314945,1361571,344030,1135777,2548830
hqc128,sphincs128s-sphincs128s-sphincs128s,1322840,1314931,1342628,336733,1128430,2520840
hqc128,sphincs128s-sphincs128s-sphincs128s,1322827,1314916,1340869,324521,1115984,2507782
hqc128,sphincs128s-sphincs128s-sphincs128s,1322810,1314935,1346121,329412,1121015,2523600
hqc128,sphincs128s-sphincs128s-sphincs128s,1322819,1314929,1338636,356185,1146364,2535861
hqc128,sphincs128s-sphincs128s-sphincs128s,1322876,1314970,1352164,358674,1147767,2559127
hqc128,sphincs128s-sphincs128s-sphincs128s,1322857,1314913,1356737,348889,1140596,2547454
hqc128,sphincs128s-sphincs128s-sphincs128s,1322917,1314983,1346107,363498,1154817,2552411
hqc128,sphincs128s-sphincs128s-sphincs128s,1322812,1314939,1340447,351320,1142384,2533409
hqc128,sphincs128s-sphincs128s-sphincs128s,1322841,1314941,1339983,346430,1137820,2529577
hqc128,sphincs128s-sphincs128s-sphincs128s,1322819,1314928,1341108,339162,1130925,2522889
hqc128,sphincs128s-sphincs128s-sphincs128s,1322874,1314953,1338798,344024,1135719,2528901
hqc128,sphincs128s-sphincs128s-sphincs128s,1322879,1314941,1344393,324521,1116038,2510853
hqc128,sphincs128s-sphincs128s-sphincs128s,1322866,1314946,1341969,368388,1159905,2557945
hqc128,sphincs128s-sphincs128s-sphincs128s,1322858,1314944,1350797,344017,1135378,2534280
hqc128,sphincs128s-sphincs128s-sphincs128s,1322841,1314931,1347862,344013,1135721,2536550
hqc128,sphincs128s-sphincs128s-sphincs128s,1322823,1314944,1346645,351314,1143069,2549893
hqc128,sphincs128s-sphincs128s-sphincs128s,1322856,1314936,1350289,344027,1135659,2536898
hqc128,sphincs128s-sphincs128s-sphincs128s,1322866,1314962,1338773,363449,1155222,2543286
hqc128,sphincs128s-sphincs128s-sphincs128s,1323472,1314971,1346071,361071,1152576,2549834
hqc128,sphincs128s-sphincs128s-sphincs128s,1322874,1314935,1340726,353743,1145496,2536275
hqc128,sphincs128s-sphincs128s-sphincs128s,1322821,1314931,1341385,356214,1147611,2538919
hqc128,sphincs128s-sphincs128s-sphincs128s,1322843,1314923,1345979,365916,1154969,2553138
hqc128,sphincs128s-sphincs128s-sphincs128s,1322795,1314945,1340776,334273,1125968,2517731
hqc128,sphincs128s-sphincs128s-sphincs128s,1322867,1314943,1341202,380555,1171989,2562119
hqc128,sphincs128s-sphincs128s-sphincs128s,1322774,1314898,1353945,351326,1142801,2550036
hqc128,sphincs128s-sphincs128s-sphincs128s,1322826,1314938,1342942,343991,1134978,2527293
hqc128,sphincs128s-sphincs128s-sphincs128s,1322893,1314962,1343113,346464,1138233,2532321
hqc128,sphincs128s-sphincs128s-sphincs128s,1322839,1314934,1336407,353763,1145233,2536849
hqc128,sphincs128s-sphincs128s-sphincs128s,1322838,1314955,1343717,361044,1152280,2544480
hqc128,sphincs128s-sphincs128s-sphincs128s,1322828,1314941,1345942,336703,1128548,2525033
hqc128,sphincs128s-sphincs128s-sphincs128s,1323199,1314964,1342688,346480,1136298,2527951
hqc128,sphincs128s-sphincs128s-sphincs128s,1322819,1314935,1345361,348879,1140457,2544406
hqc128,sphincs128s-sphincs128s-sphincs128s,1322823,1314956,1339947,339166,1130186,2545954
hqc128,sphincs128s-sphincs128s-sphincs128s,1322828,1314923,1352728,348900,1140480,2543719
hqc128,sphincs128s-sphincs128s-sphincs128s,1322825,1314945,1338602,346467,1136019,2523752
hqc128,sphincs128s-sphincs128s-sphincs128s,1322830,1314926,1339759,353737,1143599,2535344
hqc128,sphincs128s-sphincs128s-sphincs128s,1322846,1314941,1346972,351316,1141263,2545821
hqc128,sphincs128s-sphincs128s-sphincs128s,1322875,1314965,1342926,358622,1149698,2540748
hqc128,sphincs128s-sphincs128s-sphincs128s,1322812,1314944,1340262,346432,1138029,2551644
hqc128,sphincs128s-sphincs128s-sphincs128s,1322838,1314927,1338541,351322,1140931,2556652
hqc128,sphincs128s-sphincs128s-sphincs128s,1322804,1314931,1342707,348882,1140273,2532349
hqc128,sphincs128s-sphincs128s-sphincs128s,1322844,1314906,1342991,358634,1148188,2540050
hqc128,sphincs128s-sphincs128s-sphincs128s,1322829,1314947,1348539,351329,1141156,2538949
hqc128,sphincs128s-sphincs128s-sphincs128s,1322850,1314943,1345870,353749,1143693,2543058
hqc128,sphincs128s-sphincs128s-sphincs128s,1322885,1314958,1339966,365922,1157400,2546533
hqc128,sphincs128s-sphincs128s-sphincs128s,1322816,1314913,1348155,351297,1142894,2548500
hqc128,sphincs128s-sphincs128s-sphincs128s,1322831,1314921,1355774,351356,1143266,2547936
hqc128,sphincs128s-sphincs128s-sphincs128s,1322856,1314926,1339724,346466,1138351,2527743
hqc128,sphincs128s-sphincs128s-sphincs128s,1322842,1314924,1338499,353753,1142548,2529825
hqc128,sphincs128s-sphincs128s-sphincs128s,1322887,1314965,1339099,351347,1142843,2531032
hqc128,sphincs128s-sphincs128s-sphincs128s,1322861,1314918,1354770,346483,1138022,2540871
hqc128,sphincs128s-sphincs128s-sphincs128s,1322870,1314916,1337670,361076,1152248,2538998
hqc128,sphincs128s-sphincs128s-sphincs128s,1322892,1314903,1353263,326991,1118693,2534688
hqc128,sphincs128s-sphincs128s-sphincs128s,1322893,1314950,1341195,348888,1137900,2529534
hqc128,sphincs128s-sphincs128s-sphincs128s,1322940,1314949,1340027,341563,1133417,2523007
hqc128,sphincs128s-sphincs128s-sphincs128s,1322897,1314932,1344053,348883,1140317,2534144
hqc128,sphincs128s-sphincs128s-sphincs128s,1322873,1314927,1341243,363478,1154610,2544843
hqc128,sphincs128s-sphincs128s-sphincs128s,1322869,1314935,1345854,348896,1140571,2535298
hqc128,sphincs128s-sphincs128s-sphincs128s,1322835,1314917,1366941,334279,1125893,2541046
hqc128,sphincs128s-sphincs128s-sphincs128s,1322894,1314916,1344976,339150,1130610,2528474
hqc128,sphincs128s-sphincs128s-sphincs128s,1322835,1314923,1339445,353759,1145482,2560637
hqc128,sphincs128s-sphincs128s-sphincs128s,1322883,1314948,1356230,351323,1142858,2549735
hqc128,sphincs128s-sphincs128s-sphincs128s,1322853,1314932,1342314,373225,1164890,2557078
hqc128,sphincs128s-sphincs128s-sphincs128s,1322941,1314960,1341244,339182,1130530,2536171
hqc128,sphincs128s-sphincs128s-sphincs128s,1322916,1314954,1338951,336699,1126197,2515665
hqc128,sphincs128s-sphincs128s-sphincs128s,1322884,1314948,1348056,370798,1161959,2559510
hqc128,sphincs128s-sphincs128s-sphincs128s,1322902,1314969,1340423,339171,1131063,2526809
hqc128,sphincs128s-sphincs128s-sphincs128s,1322879,1314937,1341713,336700,1128251,2519039
hqc128,sphincs128s-sphincs128s-sphincs128s,1322893,1314951,1357350,365939,1157692,2564918
hqc128,sphincs128s-sphincs128s-sphincs128s,1322818,1314924,1342319,344014,1133945,2546592
hqc128,sphincs128s-sphincs128s-sphincs128s,1322893,1314936,1337894,341583,1132758,2523582
hqc128,sphincs128s-sphincs128s-sphincs128s,1323192,1314955,1344443,378119,1169363,2564326
hqc128,sphincs128s-sphincs128s-sphincs128s,1322798,1314928,1342371,329423,1119398,2512004
hqc128,sphincs128s-sphincs128s-sphincs128s,1322837,1314939,1342913,344034,1133604,2526519
hqc128,sphincs128s-sphincs128s-sphincs128s,1322890,1314926,1339545,351314,1142989,2533271
hqc128,sphincs128s-sphincs128s-sphincs128s,1322846,1314951,1338487,334279,1125357,2514441
hqc128,sphincs128s-sphincs128s-sphincs128s,1322833,1314950,1348785,334278,1125985,2524971
hqc128,sphincs128s-sphincs128s-sphincs128s,1322876,1314932,1339914,341605,1132668,2522158
hqc128,sphincs128s-sphincs128s-sphincs128s,1322839,1314931,1342861,351322,1143212,2543928
hqc128,sphincs128s-sphincs128s-sphincs128s,1322826,1314940,1351084,373206,1164310,2566423
hqc128,sphincs128s-sphincs128s-sphincs128s,1322825,1314923,1340250,343988,1133775,2524194
hqc128,sphincs128s-sphincs128s-sphincs128s,1322878,1314935,1354886,353713,1145410,2558540
hqc128,sphincs128s-sphincs128s-sphincs128s,1322843,1314930,1359739,356197,1147725,2556296
hqc128,sphincs128s-sphincs128s-sphincs128s,1322868,1314927,1345530,336729,1128447,2536149
hqc128,sphincs128s-sphincs128s-sphincs128s,1322912,1314952,1375807,351316,1142724,2567527
hqc128,sphincs128s-sphincs128s-sphincs128s,1322893,1314939,1358800,356182,1147843,2556109
hqc128,sphincs128s-sphincs128s-sphincs128s,1322845,1314962,1357090,353784,1145455,2556905
hqc128,sphincs128s-sphincs128s-sphincs128s,1322850,1314959,1351021,358636,1150000,2553858
hqc128,sphincs128s-sphincs128s-sphincs128s,1322870,1314961,1342146,326976,1118371,2516636
hqc128,sphincs128s-sphincs128s-sphincs128s,1322856,1314927,1349627,331844,1123590,2533257
hqc128,sphincs128s-sphincs128s-sphincs128s,1322835,1314917,1341253,346431,1137786,2552799
hqc128,sphincs128s-sphincs128s-sphincs128s,1322848,1314958,1342929,358652,1150071,2567353
hqc128,sphincs128s-sphincs128s-sphincs128s,1322873,1314945,1350550,358622,1149700,2549029
hqc128,sphincs128s-sphincs128s-sphincs128s,1322866,1314942,1344878,344020,1135268,2532008
hqc128,sphincs128s-sphincs128s-sphincs128s,1322819,1314924,1377029,341588,1132737,2586479
hqc128,sphincs128s-sphincs128s-sphincs128s,1322808,1314943,1350640,326982,1118430,2523302
hqc128,sphincs128s-sphincs128s-sphincs128s,1322869,1314931,1338517,339128,1130477,2516870
hqc128,sphincs128s-sphincs128s-sphincs128s,1322882,1314948,1341091,331855,1123457,2538946
hqc128,sphincs128s-sphincs128s-sphincs128s,1322842,1314916,1348241,348923,1140399,2541430
hqc128,sphincs128s-sphincs128s-sphincs128s,1322834,1314950,1347288,361039,1152500,2559653
hqc128,sphincs128s-sphincs128s-sphincs128s,1322904,1314943,1339558,351324,1142959,2531368
hqc128,sphincs128s-sphincs128s-sphincs128s,1322845,1314948,1373897,373229,1164707,2587620
hqc128,sphincs128s-sphincs128s-sphincs128s,1322830,1314948,1344227,353766,1145472,2545218
hqc128,sphincs128s-sphincs128s-sphincs128s,1322821,1314951,1343570,339164,1131174,2524490
hqc128,sphincs128s-sphincs128s-sphincs128s,1322839,1314942,1342535,346457,1137907,2530253
hqc128,sphincs128s-sphincs128s-sphincs128s,1322852,1314925,1365017,339139,1130223,2544918
hqc128,sphincs128s-sphincs128s-sphincs128s,1322840,1314962,1338814,365937,1157023,2552199
hqc128,sphincs128s-sphincs128s-sphincs128s,1322778,1314933,1346709,370804,1162314,2558647
hqc128,sphincs128s-sphincs128s-sphincs128s,1322876,1314940,1339772,348908,1140556,2534447
hqc128,sphincs128s-sphincs128s-sphincs128s,1322860,1314948,1342390,351346,1142789,2537555
hqc128,sphincs128s-sphincs128s-sphincs128s,1322831,1314951,1348239,344033,1135370,2608661
hqc128,sphincs128s-sphincs128s-sphincs128s,1322849,1314931,1357607,363471,1155262,2584037
hqc128,sphincs128s-sphincs128s-sphincs128s,1322917,1314925,1339408,358614,1150259,2547926
hqc128,sphincs128s-sphincs128s-sphincs128s,1322954,1314954,1362706,346445,1138158,2554869
hqc128,sphincs128s-sphincs128s-sphincs128s,1322883,1314946,1351218,331871,1123578,2544578
hqc128,sphincs128s-sphincs128s-sphincs128s,1322875,1314940,1344503,358607,1150175,2567848
hqc128,sphincs128s-sphincs128s-sphincs128s,1322904,1314925,1345732,351327,1142445,2552979
hqc128,sphincs128s-sphincs128s-sphincs128s,1322889,1314920,1377481,351321,1142601,2573565
hqc128,sphincs128s-sphincs128s-sphincs128s,1322849,1314939,1342421,348884,1140087,2540158
hqc128,sphincs128s-sphincs128s-sphincs128s,1322869,1314939,1357724,339144,1131110,2550355
hqc128,sphincs128s-sphincs128s-sphincs128s,1322925,1314922,1340016,351352,1142783,2533378
hqc128,sphincs128s-sphincs128s-sphincs128s,1322919,1314923,1345702,353736,1145115,2540176
hqc128,sphincs128s-sphincs128s-sphincs128s,1322899,1314954,1347054,348869,1140280,2538753
hqc128,sphincs128s-sphincs128s-sphincs128s,1322829,1314916,1347372,358614,1150221,2564082
hqc128,sphincs128s-sphincs128s-sphincs128s,1322909,1314954,1341350,361053,1152268,2549898
hqc128,sphincs128s-sphincs128s-sphincs128s,1322852,1314943,1375966,329450,1121032,2562426
hqc128,sphincs128s-sphincs128s-sphincs128s,1322759,1314903,1342254,341598,1132830,2549089
hqc128,sphincs128s-sphincs128s-sphincs128s,1322853,1314936,1349237,336754,1127842,2528367
hqc128,sphincs128s-sphincs128s-sphincs128s,1322906,1314951,1345607,336714,1128006,2532163
hqc128,sphincs128s-sphincs128s-sphincs128s,1322857,1314934,1367477,331869,1123697,2541874
hqc128,sphincs128s-sphincs128s-sphincs128s,1322838,1314937,1354237,344025,1135706,2548047
hqc128,sphincs128s-sphincs128s-sphincs128s,1322888,1314974,1370842,353762,1144960,2589136
hqc128,sphincs128s-sphincs128s-sphincs128s,1322839,1314931,1346120,344007,1135428,2531672
hqc128,sphincs128s-sphincs128s-sphincs128s,1322855,1314934,1349453,363506,1154671,2557413
hqc128,sphincs128s-sphincs128s-sphincs128s,1322828,1314936,1341103,339151,1130912,2526494
hqc128,sphincs128s-sphincs128s-sphincs128s,1322877,1314963,1341223,370803,1162516,2556352
hqc128,sphincs128s-sphincs128s-sphincs128s,1322863,1314941,1375577,356161,1147734,2571994
hqc128,sphincs128s-sphincs128s-sphincs128s,1322854,1314957,1339666,365919,1157030,2557749
hqc128,sphincs128s-sphincs128s-sphincs128s,1322821,1314930,1363091,363492,1155361,2571494
hqc128,sphincs128s-sphincs128s-sphincs128s,1322799,1314936,1419313,368373,1159623,2627986
hqc128,sphincs128s-sphincs128s-sphincs128s,1322874,1314917,1419241,341589,1133140,2603325
hqc128,sphincs128s-sphincs128s-sphincs128s,1322898,1314969,1348684,351321,1142741,2551928
hqc128,sphincs128s-sphincs128s-sphincs128s,1322815,1314919,1346890,334308,1125964,2523312
hqc128,sphincs128s-sphincs128s-sphincs128s,1322904,1314977,1345713,361079,1147075,7055236
hqc128,sphincs128s-sphincs128s-sphincs128s,1322906,1314949,1352438,365925,1157653,2579844
hqc128,sphincs128s-sphincs128s-sphincs128s,1322852,1314941,1342560,361080,1152243,2549912
hqc128,sphincs128s-sphincs128s-sphincs128s,1322898,1314930,1350860,324562,1116239,2516401
hqc128,sphincs128s-sphincs128s-sphincs128s,1322930,1314952,1341739,368391,1160168,2551513
hqc128,sphincs128s-sphincs128s-sphincs128s,1322865,1314950,1339553,344000,1135603,2524714
hqc128,sphincs128s-sphincs128s-sphincs128s,1322862,1314920,1344500,348903,1140778,2534290
hqc128,sphincs128s-sphincs128s-sphincs128s,1322903,1314931,1348899,348832,1140594,2539531
hqc128,sphincs128s-sphincs128s-sphincs128s,1322900,1314933,1341237,358614,1148564,2540483
hqc128,sphincs128s-sphincs128s-sphincs128s,1322927,1314946,1465013,317245,1108888,2637511
hqc128,sphincs128s-sphincs128s-sphincs128s,1322874,1314953,1347518,361059,1151033,2553036
hqc128,sphincs128s-sphincs128s-sphincs128s,1322888,1314943,1345944,344014,1135690,2533395
hqc128,sphincs128s-sphincs128s-sphincs128s,1322890,1314939,1340943,368386,1159608,2548842
hqc128,sphincs128s-sphincs128s-sphincs128s,1322925,1314970,1338113,346473,1138293,2550992
hqc128,sphincs128s-sphincs128s-sphincs128s,1322890,1314947,1352180,356181,1147906,2550360
hqc128,sphincs128s-sphincs128s-sphincs128s,1322919,1314973,1340779,375667,1167283,2557493
hqc128,sphincs128s-sphincs128s-sphincs128s,1322906,1314968,1342759,344028,1135483,2575993
hqc128,sphincs128s-sphincs128s-sphincs128s,1322884,1314935,1336875,348876,1140827,2526872
hqc128,sphincs128s-sphincs128s-sphincs128s,1322868,1314946,1341479,348883,1140286,2532744
hqc128,sphincs128s-sphincs128s-sphincs128s,1322887,1314942,1342209,344042,1133967,2535092
hqc128,sphincs128s-sphincs128s-sphincs128s,1322871,1314945,1354606,336714,1128174,2532867
hqc128,sphincs128s-sphincs128s-sphincs128s,1322870,1314942,1354071,368361,1157391,2560459
hqc128,sphincs128s-sphincs128s-sphincs128s,1322862,1314938,1341756,353773,1145509,2535830
hqc128,sphincs128s-sphincs128s-sphincs128s,1322894,1314941,1343602,361059,1152688,2549165
hqc128,sphincs128s-sphincs128s-sphincs128s,1322885,1314947,1343342,378100,1167947,2578964
hqc128,sphincs128s-sphincs128s-sphincs128s,1322882,1314928,1366712,353765,1145516,2562031
hqc128,sphincs128s-sphincs128s-sphincs128s,1322897,1314942,1349476,336734,1128460,2559267
hqc128,sphincs128s-sphincs128s-sphincs128s,1322899,1314936,1339283,370807,1162106,2565388
hqc128,sphincs128s-sphincs128s-sphincs128s,1322872,1314951,1370652,339143,1130544,2580365
hqc128,sphincs128s-sphincs128s-sphincs128s,1322887,1314940,1336861,317254,1108952,2495728
hqc128,sphincs128s-sphincs128s-sphincs128s,1322893,1314926,1371456,326974,1118652,2561228
hqc128,sphincs128s-sphincs128s-sphincs128s,1322933,1314940,1338711,339141,1130490,2518807
hqc128,sphincs128s-sphincs128s-sphincs128s,1322839,1314920,1376100,341557,1133015,2584020
hqc128,sphincs128s-sphincs128s-sphincs128s,1322899,1314936,1347459,341591,1133314,2533186
hqc128,sphincs128s-sphincs128s-sphincs128s,1322890,1314928,1350902,353753,1144907,2545858
hqc128,sphincs128s-sphincs128s-sphincs128s,1322894,1314924,1338840,348906,1139956,2528465
hqc128,sphincs128s-sphincs128s-sphincs128s,1322871,1314955,1341555,334291,1125659,2516953
hqc128,sphincs128s-sphincs128s-sphincs128s,1322873,1314958,1364484,365918,1157077,2582326
hqc128,sphincs128s-sphincs128s-sphincs128s,1322896,1314936,1335785,346482,1137878,2523764
hqc128,sphincs128s-sphincs128s-sphincs128s,1322883,1314938,1340821,361047,1152403,2568731
hqc128,sphincs128s-sphincs128s-sphincs128s,1322919,1314961,1351342,356177,1145186,2545173
hqc128,sphincs128s-sphincs128s-sphincs128s,1322844,1314945,1390468,356163,1147533,2676899
hqc128,sphincs128s-sphincs128s-sphincs128s,1322891,1314939,1344192,353748,1142709,2550878
hqc128,sphincs128s-sphincs128s-sphincs128s,1322886,1314981,1349326,361079,1152240,2553023
hqc128,sphincs128s-sphincs128s-sphincs128s,1322784,1314928,1339863,348902,1140474,2529331
hqc128,sphincs128s-sphincs128s-sphincs128s,1322897,1314943,1346963,353746,1145390,2542549
hqc128,sphincs128s-sphincs128s-sphincs128s,1322850,1314928,1338717,341568,1132938,2521058
hqc128,sphincs128s-sphincs128s-sphincs128s,1322839,1314938,1344246,329436,1120889,2544186
hqc128,sphincs128s-sphincs128s-sphincs128s,1322851,1314936,1415023,348902,1139078,2614773
hqc128,sphincs128s-sphincs128s-sphincs128s,1322861,1314936,1378741,358638,1150167,2602300
hqc128,sphincs128s-sphincs128s-sphincs128s,1322834,1314936,1338151,334289,1126046,2517151
hqc128,sphincs128s-sphincs128s-sphincs128s,1322844,1314931,1338264,365922,1157371,2549846
hqc128,sphincs128s-sphincs128s-sphincs128s,1322863,1314942,1339749,344040,1135696,2524826
hqc128,sphincs128s-sphincs128s-sphincs128s,1322878,1314945,1338673,339162,1130862,2522605
hqc128,sphincs128s-sphincs128s-sphincs128s,1322815,1314913,1350288,356187,1147290,2551169
hqc128,sphincs128s-sphincs128s-sphincs128s,1322836,1314946,1339477,356186,1147515,2538206
hqc128,sphincs128s-sphincs128s-sphincs128s,1322824,1314939,1341666,346484,1137797,2531435
hqc128,sphincs128s-sphincs128s-sphincs128s,1322853,1314941,1340157,341569,1133003,2522549
hqc128,sphincs128s-sphincs128s-sphincs128s,1322819,1314932,1350751,368354,1159575,2559209
hqc128,sphincs128s-sphincs128s-sphincs128s,1322818,1314932,1358458,339151,1130845,2543586
hqc128,sphincs128s-sphincs128s-sphincs128s,1322875,1314930,1342503,334290,1125978,2518269
hqc128,sphincs128s-sphincs128s-sphincs128s,1322824,1314920,1346439,341630,1133459,2528028
hqc128,sphincs128s-sphincs128s-sphincs128s,1322827,1314931,1355020,331849,1123510,2527395
hqc128,sphincs128s-sphincs128s-sphincs128s,1322899,1314965,1341954,339189,1130643,2522968
hqc128,sphincs128s-sphincs128s-sphincs128s,1322831,1314923,1353873,351321,1142454,2547155
hqc128,sphincs128s-sphincs128s-sphincs128s,1322805,1314927,1344084,351344,1143093,2542462
hqc128,sphincs128s-sphincs128s-sphincs128s,1322847,1314945,1339073,341591,1133265,2522269
hqc128,sphincs128s-sphincs128s-sphincs128s,1322877,1314938,1342432,365960,1154865,2547795
hqc128,sphincs128s-sphincs128s-sphincs128s,1322866,1314962,1346853,346463,1138217,2534998
hqc128,sphincs128s-sphincs128s-sphincs128s,1322829,1314935,1341485,348871,1140656,2532584
hqc128,sphincs128s-sphincs128s-sphincs128s,1323482,1314959,1342912,356186,1147948,2541171
hqc128,sphincs128s-sphincs128s-sphincs128s,1322884,1314949,1343344,344015,1135438,2528283
hqc128,sphincs128s-sphincs128s-sphincs128s,1322861,1314958,1360177,336708,1126610,2536647
hqc128,sphincs128s-sphincs128s-sphincs128s,1322838,1314953,1341409,339170,1131012,2524290
hqc128,sphincs128s-sphincs128s-sphincs128s,1322879,1314944,1340552,344009,1135081,2531488
hqc128,sphincs128s-sphincs128s-sphincs128s,1322818,1314924,1340266,344017,1135731,2528700
hqc128,sphincs128s-sphincs128s-sphincs128s,1322811,1314929,1339442,353776,1145595,2538134
hqc128,sphincs128s-sphincs128s-sphincs128s,1322863,1314946,1336910,336712,1128428,2543273
hqc128,sphincs128s-sphincs128s-sphincs128s,1322886,1314943,1371319,327023,1118391,2539655
hqc128,sphincs128s-sphincs128s-sphincs128s,1322870,1314934,1346933,351304,1142914,2539283
hqc128,sphincs128s-sphincs128s-sphincs128s,1322875,1314922,1372878,353767,1143178,2590339
hqc128,sphincs128s-sphincs128s-sphincs128s,1322916,1314953,1354214,363516,1155154,2558740
hqc128,sphincs128s-sphincs128s-sphincs128s,1322911,1314942,1358782,348917,1140566,2552464
hqc128,sphincs128s-sphincs128s-sphincs128s,1322912,1314950,1341357,363479,1152530,2541736
hqc128,sphincs128s-sphincs128s-sphincs128s,1322894,1314939,1339620,344021,1135832,2535385
hqc128,sphincs128s-sphincs128s-sphincs128s,1322894,1314927,1348171,341585,1132911,2531113
hqc128,sphincs128s-sphincs128s-sphincs128s,1322917,1314937,1352051,368348,1160091,2565490
hqc128,sphincs128s-sphincs128s-sphincs128s,1322876,1314936,1356044,344007,1135477,2562301
hqc128,sphincs128s-sphincs128s-sphincs128s,1322897,1314947,1368360,356217,1147424,2567488
hqc128,sphincs128s-sphincs128s-sphincs128s,1322856,1314918,1356796,336724,1128117,2537669
hqc128,sphincs128s-sphincs128s-sphincs128s,1322874,1314929,1350327,348888,1140327,2550550
hqc128,sphincs128s-sphincs128s-sphincs128s,1322882,1314942,1343699,331848,1123298,2518810
hqc128,sphincs128s-sphincs128s-sphincs128s,1322941,1314968,1342418,348888,1137851,2533749
hqc128,sphincs128s-sphincs128s-sphincs128s,1322919,1314968,1337490,346433,1135368,2532827
hqc128,sphincs128s-sphincs128s-sphincs128s,1322885,1314943,1340006,331870,1123513,2522502
hqc128,sphincs128s-sphincs128s-sphincs128s,1322928,1314954,1337133,353756,1145510,2535707
hqc128,sphincs128s-sphincs128s-sphincs128s,1322897,1314950,1349426,344038,1135356,2537277
hqc128,sphincs128s-sphincs128s-sphincs128s,1322834,1314934,1361030,368345,1160002,2571563
hqc128,sphincs128s-sphincs128s-sphincs128s,1322893,1314956,1343638,331859,1123646,2527336
hqc128,sphincs128s-sphincs128s-sphincs128s,1322944,1314941,1376374,351312,1143062,2568404
hqc128,sphincs128s-sphincs128s-sphincs128s,1322805,1314918,1337266,346460,1137985,2543203
hqc128,sphincs128s-sphincs128s-sphincs128s,1322883,1314954,1543391,344020,1135389,2739900
hqc128,sphincs128s-sphincs128s-sphincs128s,1322800,1314912,1343329,341611,1131043,2526103
hqc128,sphincs128s-sphincs128s-sphincs128s,1322854,1314955,1343720,356200,1147922,2549865
hqc128,sphincs128s-sphincs128s-sphincs128s,1322858,1314929,1344236,329410,1121095,2519506
hqc128,sphincs128s-sphincs128s-sphincs128s,1322895,1314954,1336815,331858,1123825,2515995
hqc128,sphincs128s-sphincs128s-sphincs128s,1322830,1314922,1340670,348877,1140205,2547155
hqc128,sphincs128s-sphincs128s-sphincs128s,1322857,1314921,1338082,331858,1123212,2543365
hqc128,sphincs128s-sphincs128s-sphincs128s,1322871,1314930,1344039,356217,1145732,2542530
hqc128,sphincs128s-sphincs128s-sphincs128s,1322846,1314948,1340070,353771,1143607,2537444
hqc128,sphincs128s-sphincs128s-sphincs128s,1322872,1314968,1345011,365937,1156981,2551653
hqc128,sphincs128s-sphincs128s-sphincs128s,1322814,1314926,1340651,361074,1152092,2551899
hqc128,sphincs128s-sphincs128s-sphincs128s,1322831,1314947,1339560,361061,1151002,2540723
hqc128,sphincs128s-sphincs128s-sphincs128s,1322826,1314931,1338878,363501,1155148,2544527
hqc128,sphincs128s-sphincs128s-sphincs128s,1322838,1314944,1341409,358628,1150224,2544459
hqc128,sphincs128s-sphincs128s-sphincs128s,1322846,1314931,1342218,336707,1127981,2519127
hqc128,sphincs128s-sphincs128s-sphincs128s,1322863,1314946,1338555,344038,1135880,2544416
hqc128,sphincs128s-sphincs128s-sphincs128s,1322831,1314951,1344108,348904,1140123,2547335
hqc128,sphincs128s-sphincs128s-sphincs128s,1322873,1314933,1342381,348886,1138339,2537790
hqc128,sphincs128s-sphincs128s-sphincs128s,1322881,1314951,1340012,363504,1155006,2545164
hqc128,sphincs128s-sphincs128s-sphincs128s,1322835,1314950,1337016,329424,1118972,2509019
hqc128,sphincs128s-sphincs128s-sphincs128s,1322814,1314931,1369218,353761,1145345,2567015
hqc128,sphincs128s-sphincs128s-sphincs128s,1322850,1314935,1343193,353745,1145234,2549320
hqc128,sphincs128s-sphincs128s-sphincs128s,1322846,1314935,1342727,339169,1130903,2532128
hqc128,sphincs128s-sphincs128s-sphincs128s,1322853,1314944,1348398,329427,1121212,2520020
hqc128,sphincs128s-sphincs128s-sphincs128s,1322832,1314945,1339277,353761,1145298,2534336
hqc128,sphincs128s-sphincs128s-sphincs128s,1322868,1314957,1362901,378112,1169898,2593212
hqc128,sphincs128s-sphincs128s-sphincs128s,1322832,1314962,1348095,339141,1130830,2528517
hqc128,sphincs128s-sphincs128s-sphincs128s,1322818,1314922,1339684,356187,1147542,2539867
hqc128,sphincs128s-sphincs128s-sphincs128s,1322869,1314951,1338558,344006,1135814,2524265
hqc128,sphincs128s-sphincs128s-sphincs128s,1322850,1314911,1342153,361053,1152745,2551863
hqc128,sphincs128s-sphincs128s-sphincs128s,1322875,1314944,1342322,339161,1130320,2523660
hqc128,sphincs128s-sphincs128s-sphincs128s,1322838,1314964,1341295,351309,1142701,2533100
hqc128,sphincs128s-sphincs128s-sphincs128s,1322868,1314911,1341320,341604,1132982,2524000
hqc128,sphincs128s-sphincs128s-sphincs128s,1322845,1314955,1349369,341610,1133431,2534461
hqc128,sphincs128s-sphincs128s-sphincs128s,1322829,1314944,1340723,358650,1150680,2539063
hqc128,sphincs128s-sphincs128s-sphincs128s,1322832,1314953,1342014,361048,1152003,2545296
hqc128,sphincs128s-sphincs128s-sphincs128s,1322842,1314927,1344796,344019,1135460,2534407
hqc128,sphincs128s-sphincs128s-sphincs128s,1322799,1314950,1348349,341578,1133292,2530897
hqc128,sphincs128s-sphincs128s-sphincs128s,1323270,1314975,1340684,346451,1137944,2533868
hqc128,sphincs128s-sphincs128s-sphincs128s,1322882,1314937,1338153,339195,1130685,2532474
hqc128,sphincs128s-sphincs128s-sphincs128s,1322887,1314945,1342704,370788,1161798,2568021
hqc128,sphincs128s-sphincs128s-sphincs128s,1322875,1314919,1399764,334317,1123822,2575321
hqc128,sphincs128s-sphincs128s-sphincs128s,1322895,1314940,1343273,344031,1135781,2536885
hqc128,sphincs128s-sphincs128s-sphincs128s,1322914,1314942,1342085,336735,1128320,2522912
hqc128,sphincs128s-sphincs128s-sphincs128s,1322886,1314935,1338922,346460,1137588,2602488
hqc128,sphincs128s-sphincs128s-sphincs128s,1322825,1314938,1397425,344041,1135499,2584757
hqc128,sphincs128s-sphincs128s-sphincs128s,1322862,1314947,1355246,336734,1128443,2535237
hqc128,sphincs128s-sphincs128s-sphincs128s,1322860,1314957,1381723,334287,1125877,2584208
hqc128,sphincs128s-sphincs128s-sphincs128s,1322809,1314951,1456906,353763,1142764,2729955
hqc128,sphincs128s-sphincs128s-sphincs128s,1322841,1314941,1398125,348903,1140555,2651953
hqc128,sphincs128s-sphincs128s-sphincs128s,1322845,1314948,1391562,353744,1145609,2614867
hqc128,sphincs128s-sphincs128s-sphincs128s,1322870,1314956,1344924,327008,1115991,2526803
hqc128,sphincs128s-sphincs128s-sphincs128s,1322818,1314920,1358895,361067,1152774,2563911
hqc128,sphincs128s-sphincs128s-sphincs128s,1322832,1314931,1340269,334309,1123801,2526257
hqc128,sphincs128s-sphincs128s-sphincs128s,1322878,1314928,1341011,326967,1119120,2509192
hqc128,sphincs128s-sphincs128s-sphincs128s,1322889,1314951,1354642,336735,1127917,2543243
hqc128,sphincs128s-sphincs128s-sphincs128s,1322776,1314915,1343969,365914,1157613,2553088
hqc128,sphincs128s-sphincs128s-sphincs128s,1322818,1314928,1339828,368377,1159668,2550055
hqc128,sphincs128s-sphincs128s-sphincs128s,1322849,1314931,1350054,348874,1140510,2549624
hqc128,sphincs128s-sphincs128s-sphincs128s,1322818,1314923,1364998,356197,1147922,2570292
hqc128,sphincs128s-sphincs128s-sphincs128s,1322841,1314953,1344895,358621,1150436,2544972
hqc128,sphincs128s-sphincs128s-sphincs128s,1322846,1314940,1338036,351286,1142999,2533981
hqc128,sphincs128s-sphincs128s-sphincs128s,1322869,1314938,1340564,361072,1152546,2543925
hqc128,sphincs128s-sphincs128s-sphincs128s,1322838,1314933,1368855,341573,1133353,2551516
hqc128,sphincs128s-sphincs128s-sphincs128s,1322808,1314934,1340274,339162,1130587,2549556
hqc128,sphincs128s-sphincs128s-sphincs128s,1322836,1314941,1338649,365922,1157319,2550240
hqc128,sphincs128s-sphincs128s-sphincs128s,1322890,1314938,1338904,331885,1123501,2512010
hqc128,sphincs128s-sphincs128s-sphincs128s,1322829,1314936,1340864,336727,1128159,2520757
hqc128,sphincs128s-sphincs128s-sphincs128s,1322833,1314936,1347675,346462,1137911,2533933
hqc128,sphincs128s-sphincs128s-sphincs128s,1322859,1314958,1342628,346475,1137679,2545918
hqc128,sphincs128s-sphincs128s-sphincs128s,1322800,1314921,1340964,353760,1144949,2537886
hqc128,sphincs128s-sphincs128s-sphincs128s,1322845,1314969,1339911,353743,1145512,2535010
hqc128,sphincs128s-sphincs128s-sphincs128s,1322844,1314966,1343481,348918,1140109,2560018
hqc128,sphincs128s-sphincs128s-sphincs128s,1322880,1314938,1338550,370804,1162575,2557545
hqc128,sphincs128s-sphincs128s-sphincs128s,1322839,1314956,1351565,351325,1142798,2544996
hqc128,sphincs128s-sphincs128s-sphincs128s,1322824,1314927,1341181,368359,1159738,2551246
hqc128,sphincs128s-sphincs128s-sphincs128s,1322854,1314941,1343561,358673,1150844,2554881
hqc128,sphincs128s-sphincs128s-sphincs128s,1322838,1314932,1342953,373226,1162956,2555978
hqc128,sphincs128s-sphincs128s-sphincs128s,1322837,1314926,1337200,348888,1138548,2528385
hqc128,sphincs128s-sphincs128s-sphincs128s,1322888,1314967,1344911,339141,1128952,2539561
hqc128,sphincs128s-sphincs128s-sphincs128s,1323233,1314961,1355524,348883,1138169,2555032
hqc128,sphincs128s-sphincs128s-sphincs128s,1322870,1314955,1366221,361067,1150924,2566466
hqc128,sphincs128s-sphincs128s-sphincs128s,1322875,1314966,1345964,329408,1119072,2516863
hqc128,sphincs128s-sphincs128s-sphincs128s,1322838,1314934,1339439,336726,1126192,2534607
hqc128,sphincs128s-sphincs128s-sphincs128s,1322899,1314950,1354695,348889,1138447,2544838
hqc128,sphincs128s-sphincs128s-sphincs128s,1322842,1314951,1337384,356206,1146021,2533980
hqc128,sphincs128s-sphincs128s-sphincs128s,1322810,1314915,1342246,348891,1139012,2533411
hqc128,sphincs128s-sphincs128s-sphincs128s,1322828,1314931,1340644,348914,1138618,2528843
hqc128,sphincs128s-sphincs128s-sphincs128s,1322932,1314973,1343773,334255,1123612,2517567
hqc128,sphincs128s-sphincs128s-sphincs128s,1322829,1314921,1341259,348895,1138438,2529576
hqc128,sphincs128s-sphincs128s-sphincs128s,1322836,1314938,1352243,353764,1143215,2549075
hqc128,sphincs128s-sphincs128s-sphincs128s,1322870,1314977,1340294,326973,1116834,2532871
hqc128,sphincs128s-sphincs128s-sphincs128s,1322831,1314957,1377386,326967,1116926,2543404
hqc128,sphincs128s-sphincs128s-sphincs128s,1322825,1314933,1355018,358631,1148450,2555064
hqc128,sphincs128s-sphincs128s-sphincs128s,1322824,1314935,1364040,361061,1151229,2566135
hqc128,sphincs128s-sphincs128s-sphincs128s,1322881,1314910,1339452,339144,1128624,2516905
hqc128,sphincs128s-sphincs128s-sphincs128s,1322831,1314954,1400508,351344,1140946,2591564
hqc128,sphincs128s-sphincs128s-sphincs128s,1322822,1314913,1339776,351323,1141207,2544159
hqc128,sphincs128s-sphincs128s-sphincs128s,1322855,1314955,1356691,341581,1133365,2556636
hqc128,sphincs128s-sphincs128s-sphincs128s,1322852,1314947,1368505,346455,1137825,2555690
hqc128,sphincs128s-sphincs128s-sphincs128s,1322838,1314941,1342725,336696,1126888,2517994
hqc128,sphincs128s-sphincs128s-sphincs128s,1322836,1314944,1347566,358629,1149994,2558037
hqc128,sphincs128s-sphincs128s-sphincs128s,1322820,1314927,1343934,348894,1138463,2535937
hqc128,sphincs128s-sphincs128s-sphincs128s,1322858,1314928,1339501,334299,1123222,2512769
hqc128,sphincs128s-sphincs128s-sphincs128s,1322820,1314936,1344661,353755,1145411,2545481
hqc128,sphincs128s-sphincs128s-sphincs128s,1322894,1314964,1341164,353751,1145168,2535615
hqc128,sphincs128s-sphincs128s-sphincs128s,1322891,1314941,1350719,331863,1123227,2522537
hqc128,sphincs128s-sphincs128s-sphincs128s,1322820,1314941,1347795,346466,1138058,2539471
hqc128,sphincs128s-sphincs128s-sphincs128s,1322816,1314918,1348743,341559,1133485,2531693
hqc128,sphincs128s-sphincs128s-sphincs128s,1322854,1314938,1339829,336699,1127680,2518369
hqc128,sphincs128s-sphincs128s-sphincs128s,1322876,1314946,1342405,356164,1145169,2540250
hqc128,sphincs128s-sphincs128s-sphincs128s,1322845,1314941,1339231,361072,1152799,2541555
hqc128,sphincs128s-sphincs128s-sphincs128s,1322866,1314948,1342785,322110,1113853,2514557
hqc128,sphincs128s-sphincs128s-sphincs128s,1322860,1314931,1342143,339161,1130478,2525758
hqc128,sphincs128s-sphincs128s-sphincs128s,1322873,1314932,1338988,361053,1152674,2540683
hqc128,sphincs128s-sphincs128s-sphincs128s,1322825,1314947,1344194,353754,1145211,2541521
hqc128,sphincs128s-sphincs128s-sphincs128s,1322839,1314947,1339375,351354,1143184,2533271
hqc128,sphincs128s-sphincs128s-sphincs128s,1322885,1314933,1339941,370784,1160205,2553562
hqc128,sphincs128s-sphincs128s-sphincs128s,1322871,1314940,1355470,351324,1142698,2550597
hqc128,sphincs128s-sphincs128s-sphincs128s,1322829,1314938,1339728,339144,1130897,2519943
hqc128,sphincs128s-sphincs128s-sphincs128s,1322851,1314931,1339013,358620,1150301,2543372
hqc128,sphincs128s-sphincs128s-sphincs128s,1322856,1314917,1343674,348899,1139899,2533819
hqc128,sphincs128s-sphincs128s-sphincs128s,1322839,1314951,1347340,334302,1126415,2523209
hqc128,sphincs128s-sphincs128s-sphincs128s,1322835,1314939,1341648,380517,1172203,2565649
hqc128,sphincs128s-sphincs128s-sphincs128s,1322888,1314948,1338596,331848,1123588,2514246
hqc128,sphincs128s-sphincs128s-sphincs128s,1322814,1314947,1354363,336718,1128301,2545376
hqc128,sphincs128s-sphincs128s-sphincs128s,1322851,1314960,1341008,363498,1153405,2544094
hqc128,sphincs128s-sphincs128s-sphincs128s,1322839,1314922,1336988,358633,1149950,2540355
hqc128,sphincs128s-sphincs128s-sphincs128s,1322885,1314937,1349698,341609,1132701,2533221
hqc128,sphincs128s-sphincs128s-sphincs128s,1322879,1314977,1343317,363527,1154623,2546886
hqc128,sphincs128s-sphincs128s-sphincs128s,1322882,1314957,1340440,361068,1152446,2542343
hqc128,sphincs128s-sphincs128s-sphincs128s,1322833,1314941,1340707,346449,1137881,2541484
hqc128,sphincs128s-sphincs128s-sphincs128s,1322893,1314947,1340896,361077,1151015,2543160
hqc128,sphincs128s-sphincs128s-sphincs128s,1322853,1314945,1340585,365924,1157349,2563661
hqc128,sphincs128s-sphincs128s-sphincs128s,1322815,1314946,1354960,334283,1125299,2529510
hqc128,sphincs128s-sphincs128s-sphincs128s,1322864,1314933,1339851,334279,1126010,2515130
hqc128,sphincs128s-sphincs128s-sphincs128s,1322831,1314948,1343556,351350,1140328,2536654
hqc128,sphincs128s-sphincs128s-sphincs128s,1322875,1314955,1345879,356170,1147978,2542352
hqc128,sphincs128s-sphincs128s-sphincs128s,1322847,1314959,1344333,378134,1169803,2566160
hqc128,sphincs128s-sphincs128s-sphincs128s,1322881,1314944,1338847,346463,1137457,2526667
hqc128,sphincs128s-sphincs128s-sphincs128s,1322811,1314930,1337971,329422,1121176,2512209
hqc128,sphincs128s-sphincs128s-sphincs128s,1322894,1314969,1340867,339163,1130242,2520550
hqc128,sphincs128s-sphincs128s-sphincs128s,1322865,1314947,1359581,356209,1147600,2570223
hqc128,sphincs128s-sphincs128s-sphincs128s,1322898,1314962,1345605,373220,1164832,2559362
hqc128,sphincs128s-sphincs128s-sphincs128s,1322831,1314950,1339365,346451,1138295,2625755
hqc128,sphincs128s-sphincs128s-sphincs128s,1322840,1314965,1339694,339152,1130694,2518383
hqc128,sphincs128s-sphincs128s-sphincs128s,1322840,1314917,1344750,344046,1135333,2534072
hqc128,sphincs128s-sphincs128s-sphincs128s,1322867,1314929,1339604,365936,1157233,2546278
hqc128,sphincs128s-sphincs128s-sphincs128s,1322817,1314918,1338706,358638,1150206,2553205
hqc128,sphincs128s-sphincs128s-sphincs128s,1322846,1314939,1338365,329388,1121039,2510986
hqc128,sphincs128s-sphincs128s-sphincs128s,1322889,1314929,1342595,324531,1116005,2509703
hqc128,sphincs128s-sphincs128s-sphincs128s,1322848,1314949,1352754,339156,1130673,2532311
hqc128,sphincs128s-sphincs128s-sphincs128s,1322811,1314924,1337790,344042,1135835,2526596
hqc128,sphincs128s-sphincs128s-sphincs128s,1322900,1314960,1345278,334313,1126055,2521435
hqc128,sphincs128s-sphincs128s-sphincs128s,1322868,1314946,1356428,334303,1123255,2537845
hqc128,sphincs128s-sphincs128s-sphincs128s,1322799,1314926,1339732,353763,1145446,2537925
hqc128,sphincs128s-sphincs128s-sphincs128s,1322833,1314938,1339885,348924,1140351,2543319
hqc128,sphincs128s-sphincs128s-sphincs128s,1322906,1314954,1339402,365948,1157668,2567022
hqc128,sphincs128s-sphincs128s-sphincs128s,1322834,1314931,1341103,361084,1152757,2549223
hqc128,sphincs128s-sphincs128s-sphincs128s,1322866,1314962,1343987,322105,1113395,2530901
hqc128,sphincs128s-sphincs128s-sphincs128s,1322865,1314938,1337878,319676,1109026,2499587
hqc128,sphincs128s-sphincs128s-sphincs128s,1322895,1314956,1346228,375649,1166651,2564229
hqc128,sphincs128s-sphincs128s-sphincs128s,1322816,1314923,1340510,351335,1140757,2531101
hqc128,sphincs128s-sphincs128s-sphincs128s,1322848,1314939,1341335,326971,1118479,2508493
hqc128,sphincs128s-sphincs128s-sphincs128s,1322873,1314942,1342126,336728,1127937,2536197
hqc128,sphincs128s-sphincs128s-sphincs128s,1323577,1314942,1344638,339154,1130745,2526099
hqc128,sphincs128s-sphincs128s-sphincs128s,1322830,1314950,1339886,351331,1142424,2530485
hqc128,sphincs128s-sphincs128s-sphincs128s,1322907,1314972,1338867,358613,1148057,2580273
hqc128,sphincs128s-sphincs128s-sphincs128s,1322879,1314930,1342078,351328,1142901,2536190
hqc128,sphincs128s-sphincs128s-sphincs128s,1322788,1314900,1338932,346443,1136249,2523967
hqc128,sphincs128s-sphincs128s-sphincs128s,1322869,1314933,1344800,358636,1150319,2547644
hqc128,sphincs128s-sphincs128s-sphincs128s,1322917,1314982,1356419,346468,1137921,2545716
hqc128,sphincs128s-sphincs128s-sphincs128s,1322878,1314930,1342007,334264,1123816,2521540
hqc128,sphincs128s-sphincs128s-sphincs128s,1322823,1314927,1341607,341581,1133257,2524448
hqc128,sphincs128s-sphincs128s-sphincs128s,1322853,1314933,1338512,368365,1159505,2557051
hqc128,sphincs128s-sphincs128s-sphincs128s,1322867,1314933,1340051,370817,1162179,2563898
hqc128,sphincs128s-sphincs128s-sphincs128s,1322823,1314914,1342140,358625,1149993,2541342
hqc128,sphincs128s-sphincs128s-sphincs128s,1322852,1314957,1347850,356228,1147974,2545795
hqc128,sphincs128s-sphincs128s-sphincs128s,1322843,1314944,1339412,346458,1136372,2527456
hqc128,sphincs128s-sphincs128s-sphincs128s,1322865,1314936,1340827,353750,1145353,2541273
hqc128,sphincs128s-sphincs128s-sphincs128s,1322804,1314926,1349769,346413,1137739,2537094
hqc128,sphincs128s-sphincs128s-sphincs128s,1322815,1314927,1346630,361107,1152823,2547349
hqc128,sphincs128s-sphincs128s-sphincs128s,1322893,1314971,1339216,324549,1116246,2506828
hqc128,sphincs128s-sphincs128s-sphincs128s,1322830,1314937,1340578,363514,1153400,2546659
hqc128,sphincs128s-sphincs128s-sphincs128s,1322844,1314954,1340507,346430,1135957,2537301
hqc128,sphincs128s-sphincs128s-sphincs128s,1322845,1314936,1335616,353740,1144835,2530165
hqc128,sphincs128s-sphincs128s-sphincs128s,1322897,1314969,1346352,356203,1148001,2543572
hqc128,sphincs128s-sphincs128s-sphincs128s,1322818,1314928,1340817,353759,1145507,2536418
hqc128,sphincs128s-sphincs128s-sphincs128s,1322871,1314940,1337255,351313,1142670,2535441
hqc128,sphincs128s-sphincs128s-sphincs128s,1322860,1314973,1340716,339154,1130586,2523029
hqc128,sphincs128s-sphincs128s-sphincs128s,1322862,1314949,1339558,329406,1120478,2509091
hqc128,sphincs128s-sphincs128s-sphincs128s,1322842,1314934,1355253,351342,1142746,2546474
hqc128,sphincs128s-sphincs128s-sphincs128s,1322777,1314918,1341639,331833,1123107,2514304
hqc128,sphincs128s-sphincs128s-sphincs128s,1322856,1314941,1338540,365945,1155980,2542885
hqc128,sphincs128s-sphincs128s-sphincs128s,1322843,1314926,1340330,344007,1135379,2525122
hqc128,sphincs128s-sphincs128s-sphincs128s,1322853,1314931,1341940,336750,1128413,2524764
hqc128,sphincs128s-sphincs128s-sphincs128s,1322867,1314905,1364181,339172,1130710,2546742
hqc128,sphincs128s-sphincs128s-sphincs128s,1322849,1314943,1404496,329382,1121081,2574549
hqc128,sphincs128s-sphincs128s-sphincs128s,1322877,1314913,1339532,348906,1140016,2529975
hqc128,sphincs128s-sphincs128s-sphincs128s,1322898,1314953,1339750,361054,1152512,2541307
hqc128,sphincs128s-sphincs128s-sphincs128s,1322943,1314964,1343193,339157,1128138,2534744
hqc128,sphincs128s-sphincs128s-sphincs128s,1322903,1314950,1348234,344017,1135763,2533759
hqc128,sphincs128s-sphincs128s-sphincs128s,1322854,1314930,1716849,351334,1142725,2954684
hqc128,sphincs128s-sphincs128s-sphincs128s,1322867,1314950,1350482,356169,1147759,2550882
hqc128,sphincs128s-sphincs128s-sphincs128s,1322814,1314925,1344573,322142,1113821,2516484
hqc128,sphincs128s-sphincs128s-sphincs128s,1322831,1314909,1339389,356201,1147637,2536958
hqc128,sphincs128s-sphincs128s-sphincs128s,1322888,1314924,1338061,341598,1130569,2538072
hqc128,sphincs128s-sphincs128s-sphincs128s,1322860,1314943,1352149,358624,1150486,2560266
hqc128,sphincs128s-sphincs128s-sphincs128s,1322839,1314919,1341914,346494,1136321,2532463
hqc128,sphincs128s-sphincs128s-sphincs128s,1323488,1314962,1340186,363493,1155396,2551214
hqc128,sphincs128s-sphincs128s-sphincs128s,1322870,1314941,1339057,370786,1161813,2550764
hqc128,sphincs128s-sphincs128s-sphincs128s,1322870,1314934,1344661,348884,1140613,2536175
hqc128,sphincs128s-sphincs128s-sphincs128s,1322885,1314969,1339368,358613,1150292,2542972
hqc128,sphincs128s-sphincs128s-sphincs128s,1322909,1314961,1346219,336738,1128427,2528816
hqc128,sphincs128s-sphincs128s-sphincs128s,1322821,1314911,1339461,326976,1118134,2506550
hqc128,sphincs128s-sphincs128s-sphincs128s,1322799,1314937,1346047,353772,1144779,2544304
hqc128,sphincs128s-sphincs128s-sphincs128s,1322908,1314952,1336986,361050,1152746,2540518
hqc128,sphincs128s-sphincs128s-sphincs128s,1322856,1314933,1343931,356191,1147916,2550945
hqc128,sphincs128s-sphincs128s-sphincs128s,1322850,1314954,1339418,368386,1160202,2550746
hqc128,sphincs128s-sphincs128s-sphincs128s,1322806,1314920,1339669,336743,1127989,2516439
hqc128,sphincs128s-sphincs128s-sphincs128s,1322831,1314918,1339826,358625,1150075,2539682
hqc128,sphincs128s-sphincs128s-sphincs128s,1322825,1314926,1343328,385394,1177098,2568990
hqc128,sphincs128s-sphincs128s-sphincs128s,1322847,1314948,1344581,334292,1125518,2524742
hqc128,sphincs128s-sphincs128s-sphincs128s,1322847,1314934,1339834,336703,1128126,2518243
hqc128,sphincs128s-sphincs128s-sphincs128s,1322855,1314926,1349270,331828,1123605,2525611
hqc128,sphincs128s-sphincs128s-sphincs128s,1322862,1314966,1339417,339137,1131064,2519451
hqc128,sphincs128s-sphincs128s-sphincs128s,1322859,1314945,1340205,368341,1160130,2550132
hqc128,sphincs128s-sphincs128s-sphincs128s,1322839,1314952,1339841,334287,1125819,2515606
hqc128,sphincs128s-sphincs128s-sphincs128s,1322867,1314959,1338603,356184,1147430,2539550
hqc128,sphincs128s-sphincs128s-sphincs128s,1322850,1314936,1340548,356203,1147216,2542118
hqc128,sphincs128s-sphincs128s-sphincs128s,1322863,1314969,1340251,331831,1122900,2512411
hqc128,sphincs128s-sphincs128s-sphincs128s,1322870,1314950,1339971,365923,1157027,2548876
hqc128,sphincs128s-sphincs128s-sphincs128s,1322807,1314909,1345724,361072,1152846,2548362
hqc128,sphincs128s-sphincs128s-sphincs128s,1322814,1314935,1339790,344025,1135625,2528866
hqc128,sphincs128s-sphincs128s-sphincs128s,1322872,1314929,1338530,375675,1166889,2554285
hqc128,sphincs128s-sphincs128s-sphincs128s,1322904,1314954,1339721,336701,1128302,2525195
hqc128,sphincs128s-sphincs128s-sphincs128s,1322813,1314944,1345614,363493,1155131,2550669
hqc128,sphincs128s-sphincs128s-sphincs128s,1322797,1314922,1339065,363502,1155281,2543630
hqc128,sphincs128s-sphincs128s-sphincs128s,1322836,1314928,1363919,358617,1149955,2572582
hqc128,sphincs128s-sphincs128s-sphincs128s,1322822,1314924,1343089,343991,1133524,2530650
hqc128,sphincs128s-sphincs128s-sphincs128s,1322850,1314936,1340052,368373,1158251,2555831
hqc128,sphincs128s-sphincs128s-sphincs128s,1322811,1314928,1341096,329436,1121180,2531791
hqc128,sphincs128s-sphincs128s-sphincs128s,1322856,1314926,1339237,351335,1142562,2529702
hqc128,sphincs128s-sphincs128s-sphincs128s,1322843,1314949,1339921,346431,1137491,2530675
hqc128,sphincs128s-sphincs128s-sphincs128s,1322807,1314916,1362860,370795,1162055,2572934
hqc128,sphincs128s-sphincs128s-sphincs128s,1322831,1314924,1342276,343998,1135146,2526735
hqc128,sphincs128s-sphincs128s-sphincs128s,1322875,1314941,1342518,348866,1140520,2532404
hqc128,sphincs128s-sphincs128s-sphincs128s,1322849,1314958,1340536,346469,1136325,2525461
hqc128,sphincs128s-sphincs128s-sphincs128s,1322837,1314950,1340388,353727,1145302,2535884
hqc128,sphincs128s-sphincs128s-sphincs128s,1322869,1314928,1340085,348934,1140591,2531258
hqc128,sphincs128s-sphincs128s-sphincs128s,1322827,1314943,1341021,356205,1147962,2539887
hqc128,sphincs128s-sphincs128s-sphincs128s,1322815,1314928,1341544,331873,1123234,2514920
hqc128,sphincs128s-sphincs128s-sphincs128s,1322845,1314934,1343793,363505,1155193,2550416
hqc128,sphincs128s-sphincs128s-sphincs128s,1322846,1314909,1343126,344053,1133963,2528769
hqc128,sphincs128s-sphincs128s-sphincs128s,1322864,1314933,1339206,339162,1130740,2519931
hqc128,sphincs128s-sphincs128s-sphincs128s,1322826,1314919,1340017,361062,1152149,2540450
hqc128,sphincs128s-sphincs128s-sphincs128s,1322855,1314924,1338972,346469,1136071,2525285
hqc128,sphincs128s-sphincs128s-sphincs128s,1322890,1314954,1342765,361056,1152754,2544631
hqc128,sphincs128s-sphincs128s-sphincs128s,1323188,1314950,1341896,336730,1128210,2519066
hqc128,sphincs128s-sphincs128s-sphincs128s,1322822,1314946,1340090,353768,1145478,2536017
hqc128,sphincs128s-sphincs128s-sphincs128s,1322828,1314910,1340159,353771,1145286,2534320
hqc128,sphincs128s-sphincs128s-sphincs128s,1322892,1314965,1341772,375644,1167242,2557556
hqc128,sphincs128s-sphincs128s-sphincs128s,1322812,1314927,1339191,356219,1147389,2536497
hqc128,sphincs128s-sphincs128s-sphincs128s,1322875,1314949,1342131,353767,1144832,2540527
hqc128,sphincs128s-sphincs128s-sphincs128s,1322831,1314930,1339144,348877,1139891,2527851
hqc128,sphincs128s-sphincs128s-sphincs128s,1322840,1314902,1349949,346456,1138166,2537514
hqc128,sphincs128s-sphincs128s-sphincs128s,1322808,1314925,1339162,370800,1162468,2552853
hqc128,sphincs128s-sphincs128s-sphincs128s,1322893,1314960,1340056,363492,1154880,2545547
hqc128,sphincs128s-sphincs128s-sphincs128s,1322849,1314963,1364729,358663,1149773,2616183
hqc128,sphincs128s-sphincs128s-sphincs128s,1322843,1314935,1339467,341578,1133155,2521806
hqc128,sphincs128s-sphincs128s-sphincs128s,1322833,1314923,1338198,356176,1147862,2537926
hqc128,sphincs128s-sphincs128s-sphincs128s,1322846,1314906,1338214,341608,1132688,2520147
hqc128,sphincs128s-sphincs128s-sphincs128s,1322793,1314925,1339505,329421,1121160,2509778
hqc128,sphincs128s-sphincs128s-sphincs128s,1322839,1314939,1338853,358671,1150345,2538989
hqc128,sphincs128s-sphincs128s-sphincs128s,1322931,1314970,1347683,346442,1137844,2535231
hqc128,sphincs128s-sphincs128s-sphincs128s,1322821,1314950,1343464,346434,1137590,2533202
hqc128,sphincs128s-sphincs128s-sphincs128s,1322872,1314946,1340748,353753,1144722,2534926
hqc128,sphincs128s-sphincs128s-sphincs128s,1322825,1314917,1339820,351352,1143015,2532050
hqc128,sphincs128s-sphincs128s-sphincs128s,1322889,1314952,1340732,361048,1152100,2542684
hqc128,sphincs128s-sphincs128s-sphincs128s,1322857,1314930,1340704,351353,1143234,2540942
hqc128,sphincs128s-sphincs128s-sphincs128s,1322834,1314929,1340710,351313,1143084,2532158
hqc128,sphincs128s-sphincs128s-sphincs128s,1322838,1314932,1342680,353752,1145328,2538261
hqc128,sphincs128s-sphincs128s-sphincs128s,1322843,1314940,1340662,348894,1140352,2529925
hqc128,sphincs128s-sphincs128s-sphincs128s,1322873,1314949,1350148,336722,1128543,2528054
hqc128,sphincs128s-sphincs128s-sphincs128s,1322808,1314941,1338114,353773,1145507,2532581
hqc128,sphincs128s-sphincs128s-sphincs128s,1322881,1314962,1343365,341621,1131171,2524414
hqc128,sphincs128s-sphincs128s-sphincs128s,1322842,1314942,1340335,361058,1152901,2542294
hqc128,sphincs128s-sphincs128s-sphincs128s,1322807,1314921,1340526,361046,1152137,2542005
hqc128,sphincs128s-sphincs128s-sphincs128s,1322873,1314956,1341402,341554,1133230,2525080
hqc128,sphincs128s-sphincs128s-sphincs128s,1322865,1314962,1343452,358647,1149722,2544853
hqc128,sphincs128s-sphincs128s-sphincs128s,1322826,1314930,1341537,358627,1148769,2541908
hqc128,sphincs128s-sphincs128s-sphincs128s,1322843,1314942,1345157,365918,1157006,2551545
hqc128,sphincs128s-sphincs128s-sphincs128s,1322869,1314951,1340697,341606,1133366,2522705
hqc128,sphincs128s-sphincs128s-sphincs128s,1322827,1314943,1350596,339160,1128141,2527123
hqc128,sphincs128s-sphincs128s-sphincs128s,1322799,1314908,1339996,348911,1140536,2529262
hqc128,sphincs128s-sphincs128s-sphincs128s,1322863,1314942,1339101,358611,1150223,2539126
hqc128,sphincs128s-sphincs128s-sphincs128s,1322888,1314954,1347329,358615,1150399,2547609
hqc128,sphincs128s-sphincs128s-sphincs128s,1322881,1314965,1339490,331823,1123945,2512415
hqc128,sphincs128s-sphincs128s-sphincs128s,1322811,1314920,1339155,370796,1161830,2554622
hqc128,sphincs128s-sphincs128s-sphincs128s,1322913,1314975,1337005,348860,1139895,2539989
hqc128,sphincs128s-sphincs128s-sphincs128s,1322823,1314922,1341726,344047,1135044,2525774
hqc128,sphincs128s-sphincs128s-sphincs128s,1322798,1314934,1339436,356190,1147381,2537222
hqc128,sphincs128s-sphincs128s-sphincs128s,1322868,1314949,1350213,368365,1160094,2561268
hqc128,sphincs128s-sphincs128s-sphincs128s,1322916,1314962,1339715,346441,1137435,2525803
hqc128,sphincs128s-sphincs128s-sphincs128s,1322825,1314930,1339766,351312,1142363,2530269
hqc128,sphincs128s-sphincs128s-sphincs128s,1322831,1314944,1340169,358639,1150326,2591751
hqc128,sphincs128s-sphincs128s-sphincs128s,1322873,1314959,1337479,331858,1123679,2514491
hqc128,sphincs128s-sphincs128s-sphincs128s,1322847,1314932,1345254,334280,1125541,2523445
hqc128,sphincs128s-sphincs128s-sphincs128s,1322814,1314926,1339494,334299,1125678,2521258
hqc128,sphincs128s-sphincs128s-sphincs128s,1322814,1314921,1342414,339139,1130844,2522429
hqc128,sphincs128s-sphincs128s-sphincs128s,1322830,1314934,1338150,370790,1161845,2553091
hqc128,sphincs128s-sphincs128s-sphincs128s,1322832,1314924,1339713,348902,1140369,2531361
hqc128,sphincs128s-sphincs128s-sphincs128s,1322863,1314961,1342869,336718,1128381,2549891
hqc128,sphincs128s-sphincs128s-sphincs128s,1322846,1314943,1339175,358614,1149738,2541827
hqc128,sphincs128s-sphincs128s-sphincs128s,1322878,1314950,1423079,365916,1155751,2633064
hqc128,sphincs128s-sphincs128s-sphincs128s,1322837,1314952,1338583,361043,1152485,2545650
hqc128,sphincs128s-sphincs128s-sphincs128s,1322831,1314925,1350718,348887,1140485,2571004
hqc128,sphincs128s-sphincs128s-sphincs128s,1322833,1314932,1340098,346460,1138129,2529583
hqc128,sphincs128s-sphincs128s-sphincs128s,1322885,1314940,1340530,356185,1147723,2537530
hqc128,sphincs128s-sphincs128s-sphincs128s,1322791,1314931,1356990,348907,1140463,2547946
hqc128,sphincs128s-sphincs128s-sphincs128s,1322842,1314945,1354708,341576,1133369,2536325
hqc128,sphincs128s-sphincs128s-sphincs128s,1322853,1314924,1343126,326993,1118454,2510852
hqc128,sphincs128s-sphincs128s-sphincs128s,1322875,1314961,1341072,329421,1119091,2509210
hqc128,sphincs128s-sphincs128s-sphincs128s,1322831,1314924,1338492,348907,1140577,2528201
hqc128,sphincs128s-sphincs128s-sphincs128s,1322867,1314931,1339051,351369,1143106,2532489
hqc128,sphincs128s-sphincs128s-sphincs128s,1322848,1314944,1339177,346442,1137989,2525569
hqc128,sphincs128s-sphincs128s-sphincs128s,1322849,1314945,1337608,358640,1148420,2537347
hqc128,sphincs128s-sphincs128s-sphincs128s,1322842,1314949,1341079,356197,1145925,2540287
hqc128,sphincs128s-sphincs128s-sphincs128s,1322867,1314952,1340808,363498,1155280,2545546
hqc128,sphincs128s-sphincs128s-sphincs128s,1322844,1314946,1339973,334273,1125970,2524713
hqc128,sphincs128s-sphincs128s-sphincs128s,1322865,1314938,1340487,341588,1133282,2528171
hqc128,sphincs128s-sphincs128s-sphincs128s,1322828,1314931,1340561,368351,1160070,2552575
hqc128,sphincs128s-sphincs128s-sphincs128s,1322894,1314957,1344475,353769,1145415,2539198
hqc128,sphincs128s-sphincs128s-sphincs128s,1322879,1314970,1342143,346463,1138292,2529801
hqc128,sphincs128s-sphincs128s-sphincs128s,1322868,1314973,1341735,341579,1132688,2525476
hqc128,sphincs128s-sphincs128s-sphincs128s,1322873,1314918,1340618,368382,1159664,2555586
hqc128,sphincs128s-sphincs128s-sphincs128s,1322846,1314943,1339433,365909,1157384,2552531
hqc128,sphincs128s-sphincs128s-sphincs128s,1322887,1314971,1337991,368379,1157374,2545668
hqc128,sphincs128s-sphincs128s-sphincs128s,1322850,1314943,1344441,361061,1150860,2544469
hqc128,sphincs128s-sphincs128s-sphincs128s,1322877,1314942,1385660,344037,1135699,2570240
hqc128,sphincs128s-sphincs128s-sphincs128s,1322831,1314932,1338914,339167,1130940,2524005
hqc128,sphincs128s-sphincs128s-sphincs128s,1322839,1314919,1340152,348869,1139089,2529177
hqc128,sphincs128s-sphincs128s-sphincs128s,1322866,1314934,1363278,348928,1140391,2556989
hqc128,sphincs128s-sphincs128s-sphincs128s,1322785,1314919,1340048,387819,1179605,2570094
hqc128,sphincs128s-sphincs128s-sphincs128s,1322820,1314932,1357057,361084,1152835,2559050
hqc128,sphincs128s-sphincs128s-sphincs128s,1322834,1314933,1349544,358609,1149736,2549897
hqc128,sphincs128s-sphincs128s-sphincs128s,1322876,1314930,1384379,363520,1154683,2588715
hqc128,sphincs128s-sphincs128s-sphincs128s,1322909,1314955,1339107,329420,1121149,2508788
hqc128,sphincs128s-sphincs128s-sphincs128s,1322872,1314954,1348602,358629,1150082,2548401
hqc128,sphincs128s-sphincs128s-sphincs128s,1322871,1314954,1337658,331845,1123038,2514415
hqc128,sphincs128s-sphincs128s-sphincs128s,1322863,1314917,1341905,344019,1135657,2532390
hqc128,sphincs128s-sphincs128s-sphincs128s,1322832,1314935,1340058,346473,1138170,2528113
hqc128,sphincs128s-sphincs128s-sphincs128s,1322858,1314957,1340343,356185,1147198,2544939
hqc128,sphincs128s-sphincs128s-sphincs128s,1322899,1314948,1337598,346464,1138191,2528503
hqc128,sphincs128s-sphincs128s-sphincs128s,1322858,1314950,1341554,339149,1130905,2523064
hqc128,sphincs128s-sphincs128s-sphincs128s,1322800,1314911,1343245,361023,1152610,2545372
hqc128,sphincs128s-sphincs128s-sphincs128s,1322828,1314929,1349699,351341,1142802,2566280
hqc128,sphincs128s-sphincs128s-sphincs128s,1322912,1314964,1340773,322104,1113503,2502998
hqc128,sphincs128s-sphincs128s-sphincs128s,1322891,1314952,1340904,358617,1148463,2541024
hqc128,sphincs128s-sphincs128s-sphincs128s,1322842,1314948,1361852,365934,1157143,2568280
hqc128,sphincs128s-sphincs128s-sphincs128s,1322909,1314961,1340066,368385,1158355,2551219
hqc128,sphincs128s-sphincs128s-sphincs128s,1322885,1314957,1395985,348879,1140346,2584996
hqc128,sphincs128s-sphincs128s-sphincs128s,1322830,1314916,1342066,341583,1133337,2525016
hqc128,sphincs128s-sphincs128s-sphincs128s,1322836,1314935,1341408,361064,1152276,2553940
hqc128,sphincs128s-sphincs128s-sphincs128s,1322852,1314903,1349880,341616,1131064,2529232
hqc128,sphincs128s-sphincs128s-sphincs128s,1322861,1314938,1339893,339148,1130611,2520667
hqc128,sphincs128s-sphincs128s-sphincs128s,1322815,1314953,1344871,341578,1132718,2526974
hqc128,sphincs128s-sphincs128s-sphincs128s,1322890,1314950,1338569,344038,1135734,2524116
hqc128,sphincs128s-sphincs128s-sphincs128s,1322896,1314961,1343024,361061,1152771,2543687
hqc128,sphincs128s-sphincs128s-sphincs128s,1322865,1314947,1344649,346450,1137989,2542048
hqc128,sphincs128s-sphincs128s-sphincs128s,1322810,1314932,1348205,370770,1162441,2559499
hqc128,sphincs128s-sphincs128s-sphincs128s,1322846,1314939,1342091,368367,1160154,2551124
hqc128,sphincs128s-sphincs128s-sphincs128s,1322911,1314962,1339478,331859,1121391,2512263
hqc128,sphincs128s-sphincs128s-sphincs128s,1322816,1314936,1342898,353763,1145714,2542466
hqc128,sphincs128s-sphincs128s-sphincs128s,1322870,1314954,1352761,314808,1106572,2523513
hqc128,sphincs128s-sphincs128s-sphincs128s,1322849,1314940,1343687,361056,1150543,2544391
hqc128,sphincs128s-sphincs128s-sphincs128s,1322883,1314958,1344849,344027,1135425,2532048
hqc128,sphincs128s-sphincs128s-sphincs128s,1322856,1314940,1340393,351326,1143115,2535228
hqc128,sphincs128s-sphincs128s-sphincs128s,1322871,1314952,1350509,358621,1147552,2549063
hqc128,sphincs128s-sphincs128s-sphincs128s,1322850,1314945,1347598,331888,1123205,2523949
hqc128,sphincs128s-sphincs128s-sphincs128s,1322789,1314921,1340710,331846,1123028,2514802
hqc128,sphincs128s-sphincs128s-sphincs128s,1322877,1314948,1364180,329421,1118372,2543605
hqc128,sphincs128s-sphincs128s-sphincs128s,1322877,1314941,1340428,344045,1135634,2526236
hqc128,sphincs128s-sphincs128s-sphincs128s,1322854,1314941,1341444,336687,1128390,2679348
hqc128,sphincs128s-sphincs128s-sphincs128s,1322867,1314931,1342156,341600,1133233,2527377
hqc128,sphincs128s-sphincs128s-sphincs128s,1322888,1314949,1341923,373229,1164799,2564154
hqc128,sphincs128s-sphincs128s-sphincs128s,1323318,1314919,1341042,348882,1140340,2530432
hqc128,sphincs128s-sphincs128s-sphincs128s,1322948,1314969,1340686,353763,1145627,2540614
hqc128,sphincs128s-sphincs128s-sphincs128s,1322846,1314917,1343125,363497,1155002,2553817
hqc128,sphincs128s-sphincs128s-sphincs128s,1322842,1314919,1341110,334299,1125958,2517105
hqc128,sphincs128s-sphincs128s-sphincs128s,1322879,1314933,1339327,353778,1145317,2538550
hqc128,sphincs128s-sphincs128s-sphincs128s,1322879,1314928,1343146,339141,1129064,2527297
hqc128,sphincs128s-sphincs128s-sphincs128s,1322932,1314946,1351194,324546,1115914,2521793
hqc128,sphincs128s-sphincs128s-sphincs128s,1322901,1314948,1345056,353731,1144890,2540934
hqc128,sphincs128s-sphincs128s-sphincs128s,1322904,1314952,1341512,344024,1135948,2526827
hqc128,sphincs128s-sphincs128s-sphincs128s,1322848,1314913,1337681,341570,1132875,2524023
hqc128,sphincs128s-sphincs128s-sphincs128s,1322847,1314938,1352233,353756,1145035,2554325
hqc128,sphincs128s-sphincs128s-sphincs128s,1322850,1314939,1339795,348872,1140627,2529587
hqc128,sphincs128s-sphincs128s-sphincs128s,1322879,1314940,1339219,373239,1164403,2560869
hqc128,sphincs128s-sphincs128s-sphincs128s,1322840,1314943,1342925,336709,1128516,2522385
hqc128,sphincs128s-sphincs128s-sphincs128s,1322811,1314908,1339083,353756,1145129,2543329
hqc128,sphincs128s-sphincs128s-sphincs128s,1322904,1314936,1340875,353792,1145378,2535673
hqc128,sphincs128s-sphincs128s-sphincs128s,1322849,1314924,1339329,363505,1155351,2544050
hqc128,sphincs128s-sphincs128s-sphincs128s,1322900,1314947,1339969,346461,1138089,2528224
hqc128,sphincs128s-sphincs128s-sphincs128s,1322871,1314942,1341012,361060,1152859,2545998
hqc128,sphincs128s-sphincs128s-sphincs128s,1322879,1314929,1341255,341607,1132955,2525047
hqc128,sphincs128s-sphincs128s-sphincs128s,1322888,1314948,1341178,329441,1119234,2514347
hqc128,sphincs128s-sphincs128s-sphincs128s,1322875,1314935,1339615,382953,1174686,2572033
hqc128,sphincs128s-sphincs128s-sphincs128s,1322890,1314938,1343731,341583,1132609,2525111
hqc128,sphincs128s-sphincs128s-sphincs128s,1322889,1314948,1339961,365915,1156975,2546516
hqc128,sphincs128s-sphincs128s-sphincs128s,1322859,1314916,1336814,373250,1165120,2555278
hqc128,sphincs128s-sphincs128s-sphincs128s,1322878,1314960,1341775,348852,1140054,2533915
hqc128,sphincs128s-sphincs128s-sphincs128s,1322909,1314950,1338672,358621,1150265,2547818
hqc128,sphincs128s-sphincs128s-sphincs128s,1322893,1314938,1343377,368362,1160135,2551237
hqc128,sphincs128s-sphincs128s-sphincs128s,1322871,1314927,1358757,351334,1143135,2556714
hqc128,sphincs128s-sphincs128s-sphincs128s,1322918,1314949,1341663,346463,1138212,2536182
hqc128,sphincs128s-sphincs128s-sphincs128s,1322898,1314963,1370261,375698,1167457,2586651
hqc128,sphincs128s-sphincs128s-sphincs128s,1322876,1314937,1342353,344035,1134996,2526701
hqc128,sphincs128s-sphincs128s-sphincs128s,1322881,1314933,1341165,336692,1128615,2519152
hqc128,sphincs128s-sphincs128s-sphincs128s,1322899,1314930,1338916,341614,1133357,2521060
hqc128,sphincs128s-sphincs128s-sphincs128s,1322846,1314942,1339227,365911,1157349,2548692
hqc128,sphincs128s-sphincs128s-sphincs128s,1322915,1314975,1405146,356194,1147438,2602541
hqc128,sphincs128s-sphincs128s-sphincs128s,1322887,1314952,1339398,351347,1141353,2530075
hqc128,sphincs128s-sphincs128s-sphincs128s,1322871,1314929,1342034,358651,1148172,2563789
hqc128,sphincs128s-sphincs128s-sphincs128s,1322870,1314930,1339751,346497,1136096,2524809
hqc128,sphincs128s-sphincs128s-sphincs128s,1322892,1314951,1338791,351318,1140935,2528988
hqc128,sphincs128s-sphincs128s-sphincs128s,1322889,1314944,1344477,341583,1131019,2531885
hqc128,sphincs128s-sphincs128s-sphincs128s,1322896,1314940,1354002,346447,1136078,2538039
hqc128,sphincs128s-sphincs128s-sphincs128s,1322870,1314944,1339523,351328,1140798,2531036
hqc128,sphincs128s-sphincs128s-sphincs128s,1322883,1314938,1345324,353780,1143354,2538749
hqc128,sphincs128s-sphincs128s-sphincs128s,1322917,1314946,1340085,344005,1135539,2528361
hqc128,sphincs128s-sphincs128s-sphincs128s,1322868,1314930,1344623,339199,1130977,2525198
hqc128,sphincs128s-sphincs128s-sphincs128s,1322858,1314929,1339513,356209,1147183,2540689
hqc128,sphincs128s-sphincs128s-sphincs128s,1322883,1314930,1345606,361043,1152736,2547464
hqc128,sphincs128s-sphincs128s-sphincs128s,1322940,1314974,1340178,348874,1140150,2529336
hqc128,sphincs128s-sphincs128s-sphincs128s,1322859,1314944,1386386,363483,1154662,2592820
hqc128,sphincs128s-sphincs128s-sphincs128s,1322874,1314946,1339496,341577,1132659,2521494
hqc128,sphincs128s-sphincs128s-sphincs128s,1322935,1314968,1391661,341575,1132830,2577354
hqc128,sphincs128s-sphincs128s-sphincs128s,1322858,1314926,1338943,353755,1143570,2542650
hqc128,sphincs128s-sphincs128s-sphincs128s,1322841,1314926,1357097,346436,1137987,2548190
hqc128,sphincs128s-sphincs128s-sphincs128s,1322870,1314932,1346003,356183,1147940,2562835
hqc128,sphincs128s-sphincs128s-sphincs128s,1322919,1314944,1345384,348871,1140112,2535727
hqc128,sphincs128s-sphincs128s-sphincs128s,1322912,1314955,1339933,322093,1113292,2511010
hqc128,sphincs128s-sphincs128s-sphincs128s,1322821,1314928,1340629,351313,1142672,2534095
hqc128,sphincs128s-sphincs128s-sphincs128s,1322865,1314924,1345144,344034,1135702,2529487
hqc128,sphincs128s-sphincs128s-sphincs128s,1322918,1314951,1357262,348881,1140203,2547121
hqc128,sphincs128s-sphincs128s-sphincs128s,1322884,1314941,1342088,361070,1152638,2551669
hqc128,sphincs128s-sphincs128s-sphincs128s,1322921,1314949,1336930,361071,1152324,2542090
hqc128,sphincs128s-sphincs128s-sphincs128s,1322865,1314945,1341837,348884,1140496,2532332
hqc128,sphincs128s-sphincs128s-sphincs128s,1322909,1314929,1349996,339149,1130601,2542804
hqc128,sphincs128s-sphincs128s-sphincs128s,1322903,1314941,1340439,358633,1149804,2539900
hqc128,sphincs128s-sphincs128s-sphincs128s,1322909,1314939,1357315,348875,1140490,2547806
hqc128,sphincs128s-sphincs128s-sphincs128s,1322920,1314948,1346141,356203,1145455,2540496
hqc128,sphincs128s-sphincs128s-sphincs128s,1322982,1314964,1363480,346452,1137645,2559531
hqc128,sphincs128s-sphincs128s-sphincs128s,1322891,1314970,1363263,329437,1120984,2581348
hqc128,sphincs128s-sphincs128s-sphincs128s,1322881,1314943,1341710,348917,1140420,2532136
hqc128,sphincs128s-sphincs128s-sphincs128s,1322910,1314943,1340708,378111,1169745,2625811
hqc128,sphincs128s-sphincs128s-sphincs128s,1322876,1314947,1358982,368356,1160252,2581380
hqc128,sphincs128s-sphincs128s-sphincs128s,1323223,1314937,1396984,346456,1137951,2584230
hqc128,sphincs128s-sphincs128s-sphincs128s,1322878,1314959,1376665,373219,1164750,2590197
hqc128,sphincs128s-sphincs128s-sphincs128s,1322850,1314925,1340804,326999,1118074,2510934
hqc128,sphincs128s-sphincs128s-sphincs128s,1322867,1314926,1337824,348922,1139948,2530023
hqc128,sphincs128s-sphincs128s-sphincs128s,1322873,1314945,1344143,351305,1142859,2555312
hqc128,sphincs128s-sphincs128s-sphincs128s,1322839,1314941,1343723,351309,1142651,2554227
hqc128,sphincs128s-sphincs128s-sphincs128s,1322902,1314941,1352491,365908,1157489,2560100
hqc128,sphincs128s-sphincs128s-sphincs128s,1322941,1314951,1348109,348885,1140300,2539826
hqc128,sphincs128s-sphincs128s-sphincs128s,1322902,1314958,1351631,346448,1136027,2537847
hqc128,sphincs128s-sphincs128s-sphincs128s,1322844,1314929,1371384,370773,1160279,2582561
hqc128,sphincs128s-sphincs128s-sphincs128s,1322874,1314950,1342198,370782,1160703,2579449
hqc128,sphincs128s-sphincs128s-sphincs128s,1322913,1314911,1345670,363489,1155102,2554853
hqc128,sphincs128s-sphincs128s-sphincs128s,1322912,1314954,1347504,334276,1123157,2524513
hqc128,sphincs128s-sphincs128s-sphincs128s,1322895,1314958,1336268,336725,1126170,2518981
hqc128,sphincs128s-sphincs128s-sphincs128s,1322874,1314926,1343235,356196,1148050,2552088
hqc128,sphincs128s-sphincs128s-sphincs128s,1322894,1314929,1340640,373263,1164885,2574709
hqc128,sphincs128s-sphincs128s-sphincs128s,1322893,1314971,1366120,375666,1165665,2582047
hqc128,sphincs128s-sphincs128s-sphincs128s,1322889,1314946,1360147,353769,1144805,2582147
hqc128,sphincs128s-sphincs128s-sphincs128s,1322853,1314934,1347873,348935,1140168,2540277
hqc128,sphincs128s-sphincs128s-sphincs128s,1322889,1314931,1338569,356173,1147919,2538839
hqc128,sphincs128s-sphincs128s-sphincs128s,1322903,1314959,1344477,380519,1171679,2566563
hqc128,sphincs128s-sphincs128s-sphincs128s,1322869,1314913,1367975,358615,1150368,2567562
hqc128,sphincs128s-sphincs128s-sphincs128s,1322875,1314923,1340910,334278,1125709,2515187
hqc128,sphincs128s-sphincs128s-sphincs128s,1322906,1314940,1342371,339162,1130410,2521732
hqc128,sphincs128s-sphincs128s-sphincs128s,1322904,1314933,1338722,339137,1130541,2519753
hqc128,sphincs128s-sphincs128s-sphincs128s,1322851,1314910,1344662,341592,1133231,2537188
hqc128,sphincs128s-sphincs128s-sphincs128s,1322889,1314950,1339373,317225,1108656,2498515
hqc128,sphincs128s-sphincs128s-sphincs128s,1322859,1314936,1344322,334294,1125608,2535662
hqc128,sphincs128s-sphincs128s-sphincs128s,1322860,1314941,1339506,336728,1128203,2529432
hqc128,sphincs128s-sphincs128s-sphincs128s,1322898,1314937,1344518,370813,1161873,2554476
hqc128,sphincs128s-sphincs128s-sphincs128s,1322883,1314936,1345933,368349,1159757,2554496
hqc128,sphincs128s-sphincs128s-sphincs128s,1322910,1314965,1340051,339148,1130977,2522359
hqc128,sphincs128s-sphincs128s-sphincs128s,1322843,1314921,1347886,385422,1177169,2577409
hqc128,sphincs128s-sphincs128s-sphincs128s,1322930,1314946,1348702,341582,1131103,2529646
hqc128,sphincs128s-sphincs128s-sphincs128s,1322926,1314940,1342617,348888,1140582,2531940
hqc128,sphincs128s-sphincs128s-sphincs128s,1322904,1314959,1339454,356181,1147602,2549736
hqc128,sphincs128s-sphincs128s-sphincs128s,1322898,1314948,1341316,353778,1143364,2540259
hqc128,sphincs128s-sphincs128s-sphincs128s,1322895,1314939,1340150,363491,1155011,2547168
hqc128,sphincs128s-sphincs128s-sphincs128s,1322903,1314945,1353857,346472,1138211,2558880
hqc128,sphincs128s-sphincs128s-sphincs128s,1322884,1314944,1356284,358631,1150055,2556587
hqc128,sphincs128s-sphincs128s-sphincs128s,1322924,1314951,1341749,365930,1157744,2551053
hqc128,sphincs128s-sphincs128s-sphincs128s,1322925,1314935,1351159,331840,1123513,2559295
hqc128,sphincs128s-sphincs128s-sphincs128s,1322881,1314926,1359389,336701,1128088,2543936
hqc128,sphincs128s-sphincs128s-sphincs128s,1322902,1314938,1366263,341599,1133091,2554919
hqc128,sphincs128s-sphincs128s-sphincs128s,1322850,1314956,1353022,351334,1143004,2553360
hqc128,sphincs128s-sphincs128s-sphincs128s,1322887,1314936,1345147,331857,1123288,2527991
hqc128,sphincs128s-sphincs128s-sphincs128s,1322946,1314975,1352679,334273,1123126,2524922
hqc128,sphincs128s-sphincs128s-sphincs128s,1323249,1314968,1350904,353751,1145194,2552025
hqc128,sphincs128s-sphincs128s-sphincs128s,1322911,1314961,1377132,361073,1152862,2581262
hqc128,sphincs128s-sphincs128s-sphincs128s,1322867,1314919,1343313,348860,1139988,2551220
hqc128,sphincs128s-sphincs128s-sphincs128s,1322923,1314954,1338285,361047,1152676,2541213
hqc128,sphincs128s-sphincs128s-sphincs128s,1322886,1314934,1357474,392706,1184509,2620091
hqc128,sphincs128s-sphincs128s-sphincs128s,1322891,1314937,1355269,363512,1155056,2573301
hqc128,sphincs128s-sphincs128s-sphincs128s,1322896,1314934,1348045,361082,1153032,2555442
hqc128,sphincs128s-sphincs128s-sphincs128s,1322844,1314927,1348060,339153,1130698,2531381
hqc128,sphincs128s-sphincs128s-sphincs128s,1322845,1314920,1378265,339154,1130730,2559388
hqc128,sphincs128s-sphincs128s-sphincs128s,1322858,1314939,1341310,336722,1128299,2547217
hqc128,sphincs128s-sphincs128s-sphincs128s,1322936,1314953,1345770,331826,1123202,2517830
hqc128,sphincs128s-sphincs128s-sphincs128s,1322906,1314932,1342626,329425,1120858,2594181
hqc128,sphincs128s-sphincs128s-sphincs128s,1322921,1314973,1353669,356196,1147691,2550564
hqc128,sphincs128s-sphincs128s-sphincs128s,1323319,1314930,1367597,368367,1160143,2581386
hqc128,sphincs128s-sphincs128s-sphincs128s,1322922,1314928,1342514,344019,1135720,2531596
hqc128,sphincs128s-sphincs128s-sphincs128s,1322922,1314948,1362233,331844,1121783,2537650
hqc128,sphincs128s-sphincs128s-sphincs128s,1322882,1314934,1359901,339166,1130900,2540220
hqc128,sphincs128s-sphincs128s-sphincs128s,1322880,1314951,1347419,351342,1140827,2551425
hqc128,sphincs128s-sphincs128s-sphincs128s,1322901,1314933,1347575,363491,1154819,2576731
hqc128,sphincs128s-sphincs128s-sphincs128s,1322865,1314915,1342378,358610,1150505,2564016
hqc128,sphincs128s-sphincs128s-sphincs128s,1322901,1314969,1364196,339132,1130511,2555076
hqc128,sphincs128s-sphincs128s-sphincs128s,1322932,1314949,1346722,368378,1159967,2561149
hqc128,sphincs128s-sphincs128s-sphincs128s,1322933,1314956,1349102,353746,1145225,2550816
hqc128,sphincs128s-sphincs128s-sphincs128s,1322853,1314923,1344534,343991,1135548,2530566
hqc128,sphincs128s-sphincs128s-sphincs128s,1322911,1314960,1342027,363489,1154884,2559197
hqc128,sphincs128s-sphincs128s-sphincs128s,1322855,1314916,1357190,358657,1148283,2560922
hqc128,sphincs128s-sphincs128s-sphincs128s,1322880,1314905,1341119,341596,1130572,2527706
hqc128,sphincs128s-sphincs128s-sphincs128s,1322922,1314960,1359117,334263,1125987,2534547
hqc128,sphincs128s-sphincs128s-sphincs128s,1322891,1314936,1345071,346457,1137963,2546901
hqc128,sphincs128s-sphincs128s-sphincs128s,1322958,1314983,1343402,368342,1159775,2553469
hqc128,sphincs128s-sphincs128s-sphincs128s,1322967,1314970,1338817,344017,1132921,2525659
hqc128,sphincs128s-sphincs128s-sphincs128s,1322853,1314931,1342914,344030,1135170,2530787
hqc128,sphincs128s-sphincs128s-sphincs128s,1322900,1314954,1339894,346437,1137769,2526753
hqc128,sphincs128s-sphincs128s-sphincs128s,1322918,1314952,1340211,336720,1128365,2519269
hqc128,sphincs128s-sphincs128s-sphincs128s,1322838,1314932,1346718,348892,1140642,2545042
hqc128,sphincs128s-sphincs128s-sphincs128s,1322871,1314920,1389324,326990,1118458,2587771
hqc128,sphincs128s-sphincs128s-sphincs128s,1322865,1314941,1348139,370799,1159743,2568997
hqc128,sphincs128s-sphincs128s-sphincs128s,1322904,1314941,1338977,329441,1118457,2523858
hqc128,sphincs128s-sphincs128s-sphincs128s,1322870,1314944,1352864,336715,1128186,2530630
hqc128,sphincs128s-sphincs128s-sphincs128s,1322878,1314944,1337189,339135,1130856,2528212
hqc128,sphincs128s-sphincs128s-sphincs128s,1322892,1314961,1367612,324577,1113429,2541588
hqc128,sphincs128s-sphincs128s-sphincs128s,1322931,1314953,1345833,356181,1147550,2571069
hqc128,sphincs128s-sphincs128s-sphincs128s,1322860,1314926,1363138,336700,1127890,2620607
hqc128,sphincs128s-sphincs128s-sphincs128s,1322864,1314934,1345108,348906,1140445,2537098
hqc128,sphincs128s-sphincs128s-sphincs128s,1322829,1314898,1340579,380516,1172147,2564227
hqc128,sphincs128s-sphincs128s-sphincs128s,1322921,1314942,1341731,329413,1118344,2520592
hqc128,sphincs128s-sphincs128s-sphincs128s,1322926,1314968,1339380,356201,1148029,2537221
hqc128,sphincs128s-sphincs128s-sphincs128s,1322893,1314947,1337653,363495,1155150,2540967
hqc128,sphincs128s-sphincs128s-sphincs128s,1322809,1314924,1390559,339145,1130595,2571737
hqc128,sphincs128s-sphincs128s-sphincs128s,1322932,1314981,1358467,331861,1121805,2531791
hqc128,sphincs128s-sphincs128s-sphincs128s,1322869,1314956,1344774,331835,1121665,2521416
hqc128,sphincs128s-sphincs128s-sphincs128s,1322881,1314932,1340495,339153,1130554,2536924
hqc128,sphincs128s-sphincs128s-sphincs128s,1322860,1314951,1382539,336716,1128023,2582569
hqc128,sphincs128s-sphincs128s-sphincs128s,1322882,1314941,1340898,353765,1145638,2551632
hqc128,sphincs128s-sphincs128s-sphincs128s,1322892,1314949,1339875,334290,1125839,2516067
hqc128,sphincs128s-sphincs128s-sphincs128s,1322926,1314952,1344056,344045,1135435,2528335
hqc128,sphincs128s-sphincs128s-sphincs128s,1322857,1314927,1339661,353766,1145273,2534185
hqc128,sphincs128s-sphincs128s-sphincs128s,1323509,1314965,1365037,353774,1143747,2564004
hqc128,sphincs128s-sphincs128s-sphincs128s,1322876,1314948,1349674,322123,1113788,2525355
hqc128,sphincs128s-sphincs128s-sphincs128s,1322902,1314933,1343747,344036,1135769,2530908
hqc128,sphincs128s-sphincs128s-sphincs128s,1322902,1314941,1354099,336725,1125636,2529850
hqc128,sphincs128s-sphincs128s-sphincs128s,1322853,1314928,1343204,331824,1122880,2518493
hqc128,sphincs128s-sphincs128s-sphincs128s,1322889,1314950,1382305,356223,1147974,2577547
hqc128,sphincs128s-sphincs128s-sphincs128s,1322867,1314939,1344053,382992,1174811,2599095
hqc128,sphincs128s-sphincs128s-sphincs128s,1322937,1314960,1352343,373222,1164928,2569996
hqc128,sphincs128s-sphincs128s-sphincs128s,1322925,1314933,1340130,351336,1140372,2541083
hqc128,sphincs128s-sphincs128s-sphincs128s,1322865,1314951,1342088,368387,1160056,2580564
hqc128,sphincs128s-sphincs128s-sphincs128s,1322867,1314915,1340706,358638,1150467,2557747
hqc128,sphincs128s-sphincs128s-sphincs128s,1322960,1314964,1337396,380540,1172049,2563251
hqc128,sphincs128s-sphincs128s-sphincs128s,1322848,1314958,1343618,339156,1130570,2524895
hqc128,sphincs128s-sphincs128s-sphincs128s,1322862,1314937,1358240,361059,1152502,2570803
hqc128,sphincs128s-sphincs128s-sphincs128s,1322865,1314948,1346507,336708,1128256,2525264
hqc128,sphincs128s-sphincs128s-sphincs128s,1322858,1314910,1339319,353739,1143903,2533381
hqc128,sphincs128s-sphincs128s-sphincs128s,1322847,1314939,1343813,351318,1143077,2560256
hqc128,sphincs128s-sphincs128s-sphincs128s,1322910,1314948,1342589,336704,1126608,2536617
hqc128,sphincs128s-sphincs128s-sphincs128s,1322929,1314957,1361246,334304,1125804,2549761
hqc128,sphincs128s-sphincs128s-sphincs128s,1322908,1314946,1350400,341578,1131535,2532106
hqc128,sphincs128s-sphincs128s-sphincs128s,1322884,1314961,1352104,361064,1152497,2558533
hqc128,sphincs128s-sphincs128s-sphincs128s,1322863,1314958,1341008,356198,1145696,2545340
hqc128,sphincs128s-sphincs128s-sphincs128s,1323482,1314932,1343250,363518,1154615,2546920
hqc128,sphincs128s-sphincs128s-sphincs128s,1322900,1314916,1340343,346450,1137955,2533726
hqc128,sphincs128s-sphincs128s-sphincs128s,1322889,1314931,1344339,348887,1138587,2532327
hqc128,sphincs128s-sphincs128s-sphincs128s,1322866,1314937,1345403,358641,1148517,2545771
hqc128,sphincs128s-sphincs128s-sphincs128s,1322910,1314945,1343885,351331,1142818,2544044
hqc128,sphincs128s-sphincs128s-sphincs128s,1322897,1314913,1343997,334284,1125749,2526405
hqc128,sphincs128s-sphincs128s-sphincs128s,1322892,1314958,1337890,365914,1157651,2549727
hqc128,sphincs128s-sphincs128s-sphincs128s,1322890,1314942,1342728,331858,1123689,2516314
hqc128,sphincs128s-sphincs128s-sphincs128s,1322926,1314940,1351675,339162,1130713,2530698
hqc128,sphincs128s-sphincs128s-sphincs128s,1322903,1314957,1444488,341612,1133159,2627961
hqc128,sphincs128s-sphincs128s-sphincs128s,1322864,1314933,1339440,356173,1147822,2537576
hqc128,sphincs128s-sphincs128s-sphincs128s,1322827,1314943,1342189,373238,1164582,2559951
hqc128,sphincs128s-sphincs128s-sphincs128s,1322951,1314945,1343137,331868,1121732,2524098
hqc128,sphincs128s-sphincs128s-sphincs128s,1322851,1314926,1341159,341573,1133065,2525614
hqc128,sphincs128s-sphincs128s-sphincs128s,1322867,1314930,1339417,339167,1130788,2519451
hqc128,sphincs128s-sphincs128s-sphincs128s,1322891,1314933,1341917,348877,1140554,2530887
hqc128,sphincs128s-sphincs128s-sphincs128s,1322916,1314967,1344368,329421,1120996,2515454
hqc128,sphincs128s-sphincs128s-sphincs128s,1322898,1314969,1339639,361057,1152557,2551710
hqc128,sphincs128s-sphincs128s-sphincs128s,1322904,1314975,1340016,341596,1131476,2540521
hqc128,sphincs128s-sphincs128s-sphincs128s,1322915,1314948,1339798,353770,1143311,2532319
hqc128,sphincs128s-sphincs128s-sphincs128s,1322884,1314957,1342303,324561,1116384,2566370
hqc128,sphincs128s-sphincs128s-sphincs128s,1322865,1314938,1336611,336693,1126871,2514789
hqc128,sphincs128s-sphincs128s-sphincs128s,1323371,1314946,1345294,327001,1116886,2511262
hqc128,sphincs128s-sphincs128s-sphincs128s,1322862,1314934,1339099,356216,1147549,2537384
hqc128,sphincs128s-sphincs128s-sphincs128s,1322850,1314939,1342910,378110,1169908,2570585
hqc128,sphincs128s-sphincs128s-sphincs128s,1322790,1314939,1346518,353780,1145509,2541962
hqc128,sphincs128s-sphincs128s-sphincs128s,1322857,1314951,1340505,322119,1112004,2503327
hqc128,sphincs128s-sphincs128s-sphincs128s,1322876,1314945,1339864,339182,1130407,2519507
hqc128,sphincs128s-sphincs128s-sphincs128s,1322857,1314924,1340592,361052,1152417,2543339
hqc128,sphincs128s-sphincs128s-sphincs128s,1322851,1314933,1357106,351309,1142661,2549792
hqc128,sphincs128s-sphincs128s-sphincs128s,1322867,1314946,1335988,327012,1116671,2502367
hqc128,sphincs128s-sphincs128s-sphincs128s,1322867,1314920,1347891,351338,1143057,2546470
hqc128,sphincs128s-sphincs128s-sphincs128s,1322867,1314953,1345992,361071,1152802,2551738
hqc128,sphincs128s-sphincs128s-sphincs128s,1322856,1314930,1347194,353763,1145573,2542415
hqc128,sphincs128s-sphincs128s-sphincs128s,1322912,1314946,1353920,358620,1150447,2553521
hqc128,sphincs128s-sphincs128s-sphincs128s,1322881,1314945,1340013,365940,1156978,2549806
hqc128,sphincs128s-sphincs128s-sphincs128s,1322864,1314948,1345730,336719,1128191,2525445
hqc128,sphincs128s-sphincs128s-sphincs128s,1322853,1314936,1342148,341586,1130663,2562463
hqc128,sphincs128s-sphincs128s-sphincs128s,1322924,1314939,1339555,331828,1123292,2521541
hqc128,sphincs128s-sphincs128s-sphincs128s,1322852,1314906,1342440,331859,1123602,2555239
hqc128,sphincs128s-sphincs128s-sphincs128s,1322899,1314930,1348678,344023,1135858,2538232
hqc128,sphincs128s-sphincs128s-sphincs128s,1322835,1314925,1349148,358648,1148621,2545884
hqc128,sphincs128s-sphincs128s-sphincs128s,1322890,1314928,1342915,353762,1145345,2558200
hqc128,sphincs128s-sphincs128s-sphincs128s,1322920,1314944,1339690,351337,1142513,2535580
hqc128,sphincs128s-sphincs128s-sphincs128s,1322885,1314933,1369460,363489,1155192,2590346
hqc128,sphincs128s-sphincs128s-sphincs128s,1322947,1314967,1336888,329407,1121210,2519567
hqc128,sphincs128s-sphincs128s-sphincs128s,1322901,1314931,1353760,353747,1145412,2549203
hqc128,sphincs128s-sphincs128s-sphincs128s,1322862,1314931,1374642,351312,1140332,2575674
hqc128,sphincs128s-sphincs128s-sphincs128s,1322869,1314944,1337977,363510,1153026,2544073
hqc128,sphincs128s-sphincs128s-sphincs128s,1322946,1314943,1342078,373225,1164615,2555909
hqc128,sphincs128s-sphincs128s-sphincs128s,1322913,1314952,1341139,346470,1137920,2534669
hqc128,sphincs128s-sphincs128s-sphincs128s,1322855,1314913,1341597,353801,1145273,2546531
hqc128,sphincs128s-sphincs128s-sphincs128s,1322903,1314962,1341535,370781,1162371,2553688
hqc128,sphincs128s-sphincs128s-sphincs128s,1322908,1314936,1342120,329417,1118224,2518808
hqc128,sphincs128s-sphincs128s-sphincs128s,1322908,1314963,1357897,353774,1145455,2603628
hqc128,sphincs128s-sphincs128s-sphincs128s,1322892,1314934,1347636,341614,1133281,2566787
hqc128,sphincs128s-sphincs128s-sphincs128s,1322859,1314928,1376802,370794,1159575,2583849
hqc128,sphincs128s-sphincs128s-sphincs128s,1322894,1314937,1344627,341566,1133050,2527470
hqc128,sphincs128s-sphincs128s-sphincs128s,1322921,1314940,1345655,363495,1154861,2585473
hqc128,sphincs128s-sphincs128s-sphincs128s,1322848,1314920,1350858,356198,1148136,2548791
hqc128,sphincs128s-sphincs128s-sphincs128s,1322892,1314951,1340473,344028,1135649,2526143
hqc128,sphincs128s-sphincs128s-sphincs128s,1322897,1314954,1402295,375675,1166738,2634758
hqc128,sphincs128s-sphincs128s-sphincs128s,1322877,1314921,1370049,348895,1140413,2595641
hqc128,sphincs128s-sphincs128s-sphincs128s,1322836,1314917,1338684,322118,1113195,2502200
hqc128,sphincs128s-sphincs128s-sphincs128s,1322851,1314936,1343061,356171,1147911,2541428
hqc128,sphincs128s-sphincs128s-sphincs128s,1322922,1314954,1336967,370827,1162618,2552174
hqc128,sphincs128s-sphincs128s-sphincs128s,1323542,1314948,1342956,361044,1152468,2544406
hqc128,sphincs128s-sphincs128s-sphincs128s,1322890,1314976,1339371,341591,1133390,2536571
hqc128,sphincs128s-sphincs128s-sphincs128s,1322890,1314956,1391934,348887,1140280,2581983
hqc128,sphincs128s-sphincs128s-sphincs128s,1322913,1314945,1350878,327004,1118534,2535836
hqc128,sphincs128s-sphincs128s-sphincs128s,1322853,1314946,1350314,341578,1133346,2534974
hqc128,sphincs128s-sphincs128s-sphincs128s,1322813,1314918,1337722,348892,1137906,2534307
hqc128,sphincs128s-sphincs128s-sphincs128s,1322849,1314918,1338730,361072,1152759,2540585
hqc128,sphincs128s-sphincs128s-sphincs128s,1322885,1314944,1346355,344068,1135202,2537448
hqc128,sphincs128s-sphincs128s-sphincs128s,1322881,1314947,1340079,368352,1159787,2552147
hqc128,sphincs128s-sphincs128s-sphincs128s,1322874,1314937,1340312,353766,1145554,2536095
hqc128,sphincs128s-sphincs128s-sphincs128s,1322829,1314945,1340442,346451,1138280,2528422
hqc128,sphincs128s-sphincs128s-sphincs128s,1322863,1314949,1355094,370829,1162282,2566654
hqc128,sphincs128s-sphincs128s-sphincs128s,1322814,1314937,1342789,363507,1155200,2548574
hqc128,sphincs128s-sphincs128s-sphincs128s,1322852,1314933,1392495,331837,1122886,2571690
hqc128,sphincs128s-sphincs128s-sphincs128s,1322840,1314937,1340026,348903,1140470,2533111
hqc128,sphincs128s-sphincs128s-sphincs128s,1322892,1314950,1366694,339147,1130485,2548179
hqc128,sphincs128s-sphincs128s-sphincs128s,1322840,1314926,1368223,370819,1162515,2580480
hqc128,sphincs128s-sphincs128s-sphincs128s,1322838,1314964,1350826,363486,1154687,2555856
hqc128,sphincs128s-sphincs128s-sphincs128s,1322851,1314944,1353689,370803,1162463,2564159
hqc128,sphincs128s-sphincs128s-sphincs128s,1322863,1314957,1339505,368370,1160082,2555849
hqc128,sphincs128s-sphincs128s-sphincs128s,1322816,1314945,1337714,353767,1144998,2538831
hqc128,sphincs128s-sphincs128s-sphincs128s,1322874,1314957,1347710,363508,1155142,2564853
hqc128,sphincs128s-sphincs128s-sphincs128s,1322881,1314929,1339086,344007,1135229,2528383
hqc128,sphincs128s-sphincs128s-sphincs128s,1322849,1314934,1340359,341564,1133012,2523049
hqc128,sphincs128s-sphincs128s-sphincs128s,1322823,1314938,1340019,353751,1145096,2534940
hqc128,sphincs128s-sphincs128s-sphincs128s,1323207,1314954,1358912,373247,1164687,2573400
hqc128,sphincs128s-sphincs128s-sphincs128s,1322901,1314941,1345243,346433,1137611,2532132
hqc128,sphincs128s-sphincs128s-sphincs128s,1322773,1314907,1342205,353755,1145559,2538127
hqc128,sphincs128s-sphincs128s-sphincs128s,1322830,1314908,1343118,334301,1125340,2516688
hqc128,sphincs128s-sphincs128s-sphincs128s,1322892,1314962,1377069,358654,1149947,2575612
hqc128,sphincs128s-sphincs128s-sphincs128s,1322892,1314937,1347861,344030,1135537,2536240
hqc128,sphincs128s-sphincs128s-sphincs128s,1322910,1314966,1355015,344046,1132919,2542269
hqc128,sphincs128s-sphincs128s-sphincs128s,1322860,1314944,1341594,368377,1160174,2563188
hqc128,sphincs128s-sphincs128s-sphincs128s,1322851,1314912,1337269,339140,1130474,2526106
hqc128,sphincs128s-sphincs128s-sphincs128s,1322910,1314944,1340361,344027,1135153,2525670
hqc128,sphincs128s-sphincs128s-sphincs128s,1322809,1314946,1339413,361058,1152260,2542736
hqc128,sphincs128s-sphincs128s-sphincs128s,1322864,1314971,1339004,365924,1157556,2549524
hqc128,sphincs128s-sphincs128s-sphincs128s,1322886,1314946,1337078,375665,1167408,2557470
hqc128,sphincs128s-sphincs128s-sphincs128s,1322870,1314943,1339815,319675,1111420,2501236
hqc128,sphincs128s-sphincs128s-sphincs128s,1322832,1314937,1335474,348911,1137901,2522975
hqc128,sphincs128s-sphincs128s-sphincs128s,1322872,1314948,1338832,356170,1147761,2538330
hqc128,sphincs128s-sphincs128s-sphincs128s,1322891,1314952,1342952,324537,1115905,2511192
hqc128,sphincs128s-sphincs128s-sphincs128s,1322854,1314956,1340563,353746,1145240,2580691
hqc128,sphincs128s-sphincs128s-sphincs128s,1322804,1314937,1347554,341582,1133087,2530263
hqc128,sphincs128s-sphincs128s-sphincs128s,1323469,1314951,1346046,322122,1113817,2508849
hqc128,sphincs128s-sphincs128s-sphincs128s,1322823,1314944,1338730,363461,1155413,2543397
hqc128,sphincs128s-sphincs128s-sphincs128s,1322875,1314946,1342455,346462,1138052,2540185
hqc128,sphincs128s-sphincs128s-sphincs128s,1322830,1314932,1351171,353771,1145454,2546670
hqc128,sphincs128s-sphincs128s-sphincs128s,1322835,1314928,1350015,334294,1124285,2522909
hqc128,sphincs128s-sphincs128s-sphincs128s,1322822,1314935,1338730,368378,1157349,2554822
hqc128,sphincs128s-sphincs128s-sphincs128s,1322817,1314926,1381126,353744,1145537,2579600
hqc128,sphincs128s-sphincs128s-sphincs128s,1322876,1314947,1338051,326979,1117914,2508689
hqc128,sphincs128s-sphincs128s-sphincs128s,1322826,1314951,1340863,348916,1138370,2528305
hqc128,sphincs128s-sphincs128s-sphincs128s,1322848,1314960,1337554,351285,1140272,2528399
hqc128,sphincs128s-sphincs128s-sphincs128s,1322871,1314939,1341810,344045,1135728,2528014
hqc128,sphincs128s-sphincs128s-sphincs128s,1322880,1314947,1345574,346462,1137571,2532648
hqc128,sphincs128s-sphincs128s-sphincs128s,1322889,1314952,1339753,351306,1143125,2545836
hqc128,sphincs128s-sphincs128s-sphincs128s,1322865,1314964,1338207,339150,1130865,2521428
hqc128,sphincs128s-sphincs128s-sphincs128s,1322872,1314934,1337570,348894,1140148,2531331
hqc128,sphincs128s-sphincs128s-sphincs128s,1322808,1314943,1344363,358647,1150302,2543779
hqc128,sphincs128s-sphincs128s-sphincs128s,1322867,1314950,1343322,361080,1150964,2547155
hqc128,sphincs128s-sphincs128s-sphincs128s,1322877,1314961,1366487,336721,1128290,2556542
hqc128,sphincs128s-sphincs128s-sphincs128s,1322834,1314933,1340513,346442,1137816,2528155
hqc128,sphincs128s-sphincs128s-sphincs128s,1322875,1314950,1342902,361091,1152828,2548086
hqc128,sphincs128s-sphincs128s-sphincs128s,1322800,1314940,1340586,370792,1161942,2553981
hqc128,sphincs128s-sphincs128s-sphincs128s,1322800,1314917,1367341,361034,1151392,2568128
hqc128,sphincs128s-sphincs128s-sphincs128s,1322839,1314930,1339415,341590,1132665,2540844
hqc128,sphincs128s-sphincs128s-sphincs128s,1322907,1314959,1338797,326987,1118728,2509177
hqc128,sphincs128s-sphincs128s-sphincs128s,1322840,1314942,1359382,336725,1128492,2546226
hqc128,sphincs128s-sphincs128s-sphincs128s,1322830,1314928,1352560,346457,1135420,2538706
hqc128,sphincs128s-sphincs128s-sphincs128s,1322857,1314939,1343335,336724,1126611,2536470
hqc128,sphincs128s-sphincs128s-sphincs128s,1322836,1314920,1357005,351315,1142983,2549296
hqc128,sphincs128s-sphincs128s-sphincs128s,1322834,1314931,1339949,358635,1149872,2538948
hqc128,sphincs128s-sphincs128s-sphincs128s,1322929,1314963,1341141,363496,1155130,2558990
hqc128,sphincs128s-sphincs128s-sphincs128s,1322878,1314939,1343230,331860,1121251,2515145
hqc128,sphincs128s-sphincs128s-sphincs128s,1322791,1314932,1347624,361052,1152355,2556880
hqc128,sphincs128s-sphincs128s-sphincs128s,1322882,1314983,1340572,351349,1140946,2535790
hqc128,sphincs128s-sphincs128s-sphincs128s,1322943,1314936,1341630,344040,1133929,2526094
hqc128,sphincs128s-sphincs128s-sphincs128s,1322840,1314944,1337776,348867,1140190,2528099
hqc128,sphincs128s-sphincs128s-sphincs128s,1322800,1314913,1339320,341569,1133367,2534686
hqc128,sphincs128s-sphincs128s-sphincs128s,1322851,1314953,1342828,346457,1137884,2528880
hqc128,sphincs128s-sphincs128s-sphincs128s,1322831,1314945,1349801,356178,1147681,2557447
hqc128,sphincs128s-sphincs128s-sphincs128s,1322793,1314931,1341762,344010,1135625,2525444
hqc128,sphincs128s-sphincs128s-sphincs128s,1322833,1314951,1352820,365939,1155508,2562454
hqc128,sphincs128s-sphincs128s-sphincs128s,1322836,1314919,1344450,348886,1140018,2545594
hqc128,sphincs128s-sphincs128s-sphincs128s,1322833,1314945,1339048,326976,1116777,2505460
hqc128,sphincs128s-sphincs128s-sphincs128s,1322835,1314932,1340100,344003,1135913,2525435
hqc128,sphincs128s-sphincs128s-sphincs128s,1322895,1314950,1340156,365919,1156977,2546355
hqc128,sphincs128s-sphincs128s-sphincs128s,1322866,1314927,1371061,363519,1154995,2577812
hqc128,sphincs128s-sphincs128s-sphincs128s,1322836,1314944,1339687,370768,1162280,2556412
hqc128,sphincs128s-sphincs128s-sphincs128s,1322865,1314960,1344853,329400,1121147,2518555
hqc128,sphincs128s-sphincs128s-sphincs128s,1322885,1314949,1342866,339142,1130762,2528837
hqc128,sphincs128s-sphincs128s-sphincs128s,1322851,1314943,1343120,356197,1146198,2544028
hqc128,sphincs128s-sphincs128s-sphincs128s,1322848,1314942,1342517,361039,1152717,2546571
hqc128,sphincs128s-sphincs128s-sphincs128s,1322818,1314919,1343844,351323,1142747,2538768
hqc128,sphincs128s-sphincs128s-sphincs128s,1322908,1314973,1353347,348884,1140484,2542505
hqc128,sphincs128s-sphincs128s-sphincs128s,1323181,1314953,1351262,344016,1135719,2537240
hqc128,sphincs128s-sphincs128s-sphincs128s,1322833,1314960,1339632,353763,1145122,2535754
hqc128,sphincs128s-sphincs128s-sphincs128s,1322850,1314926,1339403,334314,1125995,2517267
hqc128,sphincs128s-sphincs128s-sphincs128s,1322853,1314947,1340685,334282,1125977,2516239
hqc128,sphincs128s-sphincs128s-sphincs128s,1322879,1314949,1340481,365909,1157601,2556348
hqc128,sphincs128s-sphincs128s-sphincs128s,1322843,1314943,1382663,370787,1162341,2596099
hqc128,sphincs128s-sphincs128s-sphincs128s,1322883,1314959,1338066,361045,1152495,2539408
hqc128,sphincs128s-sphincs128s-sphincs128s,1322866,1314948,1339321,351335,1142867,2533614
hqc128,sphincs128s-sphincs128s-sphincs128s,1322891,1314950,1368121,331835,1123488,2544601
hqc128,sphincs128s-sphincs128s-sphincs128s,1322882,1314948,1351974,348890,1140555,2545955
hqc128,sphincs128s-sphincs128s-sphincs128s,1322921,1314973,1340458,331826,1123163,2523012
hqc128,sphincs128s-sphincs128s-sphincs128s,1322823,1314937,1338371,344012,1135796,2523787
hqc128,sphincs128s-sphincs128s-sphincs128s,1322784,1314924,1342386,370782,1160479,2559824
hqc128,sphincs128s-sphincs128s-sphincs128s,1322878,1314953,1340731,361063,1152798,2545939
hqc128,sphincs128s-sphincs128s-sphincs128s,1322884,1314936,1339079,353759,1143338,2532001
hqc128,sphincs128s-sphincs128s-sphincs128s,1322794,1314933,1343436,351320,1142818,2535799
hqc128,sphincs128s-sphincs128s-sphincs128s,1322827,1314932,1355134,331832,1123191,2538839
hqc128,sphincs128s-sphincs128s-sphincs128s,1322886,1314935,1336800,375664,1167363,2557908
hqc128,sphincs128s-sphincs128s-sphincs128s,1322874,1314943,1338440,334278,1125424,2513429
hqc128,sphincs128s-sphincs128s-sphincs128s,1322847,1314964,1343901,353773,1144792,2536669
hqc128,sphincs128s-sphincs128s-sphincs128s,1322813,1314923,1351855,341616,1133033,2567687
hqc128,sphincs128s-sphincs128s-sphincs128s,1322862,1314925,1339620,356167,1147811,2537272
hqc128,sphincs128s-sphincs128s-sphincs128s,1322859,1314910,1338977,348882,1140498,2534526
hqc128,sphincs128s-sphincs128s-sphincs128s,1322816,1314935,1340564,363471,1153086,2544190
hqc128,sphincs128s-sphincs128s-sphincs128s,1322827,1314954,1340922,341593,1133509,2527168
hqc128,sphincs128s-sphincs128s-sphincs128s,1322878,1314967,1343252,348885,1138583,2541885
hqc128,sphincs128s-sphincs128s-sphincs128s,1322838,1314938,1392599,336750,1128120,2578179
hqc128,sphincs128s-sphincs128s-sphincs128s,1322824,1314927,1364884,331835,1120813,2547452
hqc128,sphincs128s-sphincs128s-sphincs128s,1322858,1314949,1339464,361045,1150561,2539727
hqc128,sphincs128s-sphincs128s-sphincs128s,1322898,1314934,1374945,356199,1147442,2574327
hqc128,sphincs128s-sphincs128s-sphincs128s,1322840,1314927,1350286,363502,1154560,2552940
hqc128,sphincs128s-sphincs128s-sphincs128s,1322838,1314947,1350993,353799,1143661,2546290
hqc128,sphincs128s-sphincs128s-sphincs128s,1322859,1314933,1370915,334279,1125640,2548077
hqc128,sphincs128s-sphincs128s-sphincs128s,1322898,1314954,1338589,331874,1123217,2510753
hqc128,sphincs128s-sphincs128s-sphincs128s,1322845,1314934,1359203,368355,1160106,2585154
hqc128,sphincs128s-sphincs128s-sphincs128s,1322843,1314924,1354991,353759,1145295,2550243
hqc128,sphincs128s-sphincs128s-sphincs128s,1322855,1314948,1339504,365906,1156987,2554014
hqc128,sphincs128s-sphincs128s-sphincs128s,1322907,1314971,1336837,363509,1154910,2550580
hqc128,sphincs128s-sphincs128s-sphincs128s,1322819,1314939,1342509,356182,1147973,2542839
hqc128,sphincs128s-sphincs128s-sphincs128s,1322813,1314925,1342680,346454,1136413,2536565
hqc128,sphincs128s-sphincs128s-sphincs128s,1322819,1314915,1340560,358627,1150339,2541087
hqc128,sphincs128s-sphincs128s-sphincs128s,1322853,1314936,1351469,339191,1130775,2533237
hqc128,sphincs128s-sphincs128s-sphincs128s,1322847,1314952,1344908,336741,1128113,2522744
hqc128,sphincs128s-sphincs128s-sphincs128s,1322846,1314933,1357079,344043,1135935,2547033
hqc128,sphincs128s-sphincs128s-sphincs128s,1322869,1314926,1341322,363489,1155162,2556600
hqc128,sphincs128s-sphincs128s-sphincs128s,1322838,1314952,1348560,344038,1135426,2533353
hqc128,sphincs128s-sphincs128s-sphincs128s,1322847,1314936,1363463,351337,1141365,2554418
hqc128,sphincs128s-sphincs128s-sphincs128s,1322850,1314937,1343841,329436,1121112,2518507
hqc128,sphincs128s-sphincs128s-sphincs128s,1322831,1314933,1344277,344037,1132963,2551470
hqc128,sphincs128s-sphincs128s-sphincs128s,1322866,1314957,1343420,363533,1155270,2555222
hqc128,sphincs128s-sphincs128s-sphincs128s,1322854,1314938,1344765,339141,1130784,2527889
hqc128,sphincs128s-sphincs128s-sphincs128s,1322865,1314967,1338979,336719,1128471,2544424
hqc128,sphincs128s-sphincs128s-sphincs128s,1322881,1314959,1346989,351299,1140832,2536654
hqc128,sphincs128s-sphincs128s-sphincs128s,1322836,1314942,1343760,351346,1142798,2536286
hqc128,sphincs128s-sphincs128s-sphincs128s,1322836,1314949,1343034,368344,1160056,2553297
hqc128,sphincs128s-sphincs128s-sphincs128s,1322869,1314951,1339479,368366,1159975,2549710
hqc128,sphincs128s-sphincs128s-sphincs128s,1322801,1314897,1339654,327015,1116411,2508144
hqc128,sphincs128s-sphincs128s-sphincs128s,1322807,1314917,1338332,368365,1157920,2545979
hqc128,sphincs128s-sphincs128s-sphincs128s,1322862,1314929,1340176,336731,1126637,2516392
hqc128,sphincs128s-sphincs128s-sphincs128s,1322859,1314946,1339422,351327,1141119,2540625
hqc128,sphincs128s-sphincs128s-sphincs128s,1322831,1314940,1340153,336714,1126738,2519299
hqc128,sphincs128s-sphincs128s-sphincs128s,1322829,1314944,1347205,351342,1141462,2542241
hqc128,sphincs128s-sphincs128s-sphincs128s,1322875,1314928,1337270,363505,1153079,2548066
hqc128,sphincs128s-sphincs128s-sphincs128s,1322802,1314921,1340401,361025,1150973,2542359
hqc128,sphincs128s-sphincs128s-sphincs128s,1322856,1314938,1345989,336726,1126635,2525233
hqc128,sphincs128s-sphincs128s-sphincs128s,1322866,1314939,1358356,353760,1143698,2555922
hqc128,sphincs128s-sphincs128s-sphincs128s,1322860,1314941,1341310,361060,1150872,2540831
hqc128,sphincs128s-sphincs128s-sphincs128s,1322842,1314936,1339129,334296,1123673,2511596
hqc128,sphincs128s-sphincs128s-sphincs128s,1322863,1314931,1342306,361057,1150472,2545401
hqc128,sphincs128s-sphincs128s-sphincs128s,1322879,1314960,1340080,339145,1128509,2521354
hqc128,sphincs128s-sphincs128s-sphincs128s,1322883,1314927,1344598,348882,1138341,2531906
hqc128,sphincs128s-sphincs128s-sphincs128s,1322838,1314958,1345248,334285,1123781,2528994
hqc128,sphincs128s-sphincs128s-sphincs128s,1322854,1314930,1340078,339151,1130558,2519606
hqc128,sphincs128s-sphincs128s-sphincs128s,1322858,1314936,1339860,356210,1147279,2547937
hqc128,sphincs128s-sphincs128s-sphincs128s,1322835,1314921,1353538,356168,1147880,2566837
hqc128,sphincs128s-sphincs128s-sphincs128s,1322843,1314947,1340255,361050,1152396,2554995
hqc128,sphincs128s-sphincs128s-sphincs128s,1322878,1314956,1341035,363500,1154988,2547710
hqc128,sphincs128s-sphincs128s-sphincs128s,1322822,1314929,1337859,341594,1133396,2525335
hqc128,sphincs128s-sphincs128s-sphincs128s,1322803,1314923,1344526,334269,1125781,2520979
hqc128,sphincs128s-sphincs128s-sphincs128s,1322798,1314940,1343274,363500,1155204,2551676
hqc128,sphincs128s-sphincs128s-sphincs128s,1322834,1314937,1339587,341603,1132762,2523457
hqc128,sphincs128s-sphincs128s-sphincs128s,1322791,1314940,1360235,375673,1167204,2588446
hqc128,sphincs128s-sphincs128s-sphincs128s,1322865,1314928,1341125,358639,1149920,2544107
hqc128,sphincs128s-sphincs128s-sphincs128s,1322849,1314943,1388483,361063,1152484,2624058
hqc128,sphincs128s-sphincs128s-sphincs128s,1322874,1314945,1363773,336708,1128091,2543544
hqc128,sphincs128s-sphincs128s-sphincs128s,1322802,1314950,1349630,356191,1147901,2559851
hqc128,sphincs128s-sphincs128s-sphincs128s,1322821,1314905,1339326,378098,1167676,2556997
hqc128,sphincs128s-sphincs128s-sphincs128s,1322917,1314969,1338895,356204,1145912,2534149
hqc128,sphincs128s-sphincs128s-sphincs128s,1322826,1314911,1340719,341606,1133395,2523211
hqc128,sphincs128s-sphincs128s-sphincs128s,1322839,1314938,1341266,348874,1140014,2541386
hqc128,sphincs128s-sphincs128s-sphincs128s,1322829,1314943,1341316,334290,1125534,2515927
hqc128,sphincs128s-sphincs128s-sphincs128s,1322865,1314927,1338399,356201,1147315,2539070
hqc128,sphincs128s-sphincs128s-sphincs128s,1322871,1314931,1346768,363504,1155140,2550293
hqc128,sphincs128s-sphincs128s-sphincs128s,1322894,1314963,1344170,334270,1126108,2523392
hqc128,sphincs128s-sphincs128s-sphincs128s,1322881,1314931,1340317,346460,1137740,2528302
hqc128,sphincs128s-sphincs128s-sphincs128s,1322903,1314941,1345153,353749,1145309,2539383
hqc128,sphincs128s-sphincs128s-sphincs128s,1322910,1314946,1341126,351320,1142759,2533191
hqc128,sphincs128s-sphincs128s-sphincs128s,1322847,1314945,1366202,365953,1157719,2574852
hqc128,sphincs128s-sphincs128s-sphincs128s,1322883,1314935,1343144,348899,1138734,2541679
hqc128,sphincs128s-sphincs128s-sphincs128s,1322859,1314947,1370262,380524,1172113,2610326
hqc128,sphincs128s-sphincs128s-sphincs128s,1322890,1314962,1344994,358639,1150769,2550798
hqc128,sphincs128s-sphincs128s-sphincs128s,1322827,1314947,1349973,368370,1159904,2560532
hqc128,sphincs128s-sphincs128s-sphincs128s,1322904,1314970,1343375,341587,1133292,2533199
hqc128,sphincs128s-sphincs128s-sphincs128s,1322906,1314958,1372908,341575,1132894,2564315
hqc128,sphincs128s-sphincs128s-sphincs128s,1322866,1314966,1347832,353738,1145598,2543594
hqc128,sphincs128s-sphincs128s-sphincs128s,1322838,1314936,1341900,348889,1140029,2552890
hqc128,sphincs128s-sphincs128s-sphincs128s,1322894,1314961,1382182,356158,1147586,2588376
hqc128,sphincs128s-sphincs128s-sphincs128s,1322881,1314925,1361499,334274,1125712,2555563
hqc128,sphincs128s-sphincs128s-sphincs128s,1322836,1314935,1368759,341585,1132960,2550262
hqc128,sphincs128s-sphincs128s-sphincs128s,1322857,1314952,1339431,344043,1134068,2527659
hqc128,sphincs128s-sphincs128s-sphincs128s,1322875,1314941,1363194,344007,1135669,2559047
hqc128,sphincs128s-sphincs128s-sphincs128s,1322860,1314946,1341109,351322,1142856,2543052
hqc128,sphincs128s-sphincs128s-sphincs128s,1322878,1314954,1344456,373225,1162153,2558498
hqc128,sphincs128s-sphincs128s-sphincs128s,1322844,1314919,1353048,351330,1140125,2542123
hqc128,sphincs128s-sphincs128s-sphincs128s,1322860,1314951,1355993,356181,1147658,2564310
hqc128,sphincs128s-sphincs128s-sphincs128s,1322851,1314910,1348785,344011,1135564,2538206
hqc128,sphincs128s-sphincs128s-sphincs128s,1322830,1314942,1341728,348897,1140503,2531831
hqc128,sphincs128s-sphincs128s-sphincs128s,1322861,1314950,1364719,348879,1140325,2560966
hqc128,sphincs128s-sphincs128s-sphincs128s,1322889,1314958,1344133,346446,1137852,2531693
hqc128,sphincs128s-sphincs128s-sphincs128s,1322838,1314933,1350929,361073,1152498,2553201
hqc128,sphincs128s-sphincs128s-sphincs128s,1322841,1314935,1344800,346461,1138216,2547729
hqc128,sphincs128s-sphincs128s-sphincs128s,1322841,1314946,1342813,353748,1145579,2566795
hqc128,sphincs128s-sphincs128s-sphincs128s,1322927,1314963,1356561,375664,1165021,2573590
hqc128,sphincs128s-sphincs128s-sphincs128s,1322931,1314956,1354761,348896,1137737,2551795
hqc128,sphincs128s-sphincs128s-sphincs128s,1322864,1314943,1343072,344045,1135707,2531748
hqc128,sphincs128s-sphincs128s-sphincs128s,1322885,1314949,1355575,348871,1140259,2554401
hqc128,sphincs128s-sphincs128s-sphincs128s,1322923,1314948,1348115,339165,1130950,2531218
hqc128,sphincs128s-sphincs128s-sphincs128s,1322903,1314924,1403168,329393,1119243,2571758
hqc128,sphincs128s-sphincs128s-sphincs128s,1322889,1314950,1339133,363488,1155063,2559075
hqc128,sphincs128s-sphincs128s-sphincs128s,1322893,1314949,1354429,353748,1145437,2549617
hqc128,sphincs128s-sphincs128s-sphincs128s,1322899,1314945,1413956,358629,1150014,2638481
hqc128,sphincs128s-sphincs128s-sphincs128s,1322895,1314939,1358688,361062,1152423,2566724
hqc128,sphincs128s-sphincs128s-sphincs128s,1322886,1314958,1374811,353766,1145558,2572533
hqc128,sphincs128s-sphincs128s-sphincs128s,1322868,1314937,1358471,356193,1147753,2555956
hqc128,sphincs128s-sphincs128s-sphincs128s,1322929,1314957,1345726,348910,1140470,2535568
hqc128,sphincs128s-sphincs128s-sphincs128s,1322934,1314928,1372439,344010,1135084,2558542
hqc128,sphincs128s-sphincs128s-sphincs128s,1322882,1314920,1359740,334289,1125862,2545186
hqc128,sphincs128s-sphincs128s-sphincs128s,1322852,1314938,1339363,329435,1121146,2516111
hqc128,sphincs128s-sphincs128s-sphincs128s,1322928,1314942,1353193,363494,1154741,2563845
hqc128,sphincs128s-sphincs128s-sphincs128s,1322948,1314962,1357364,339160,1130738,2568611
hqc128,sphincs128s-sphincs128s-sphincs128s,1322892,1314956,1432600,344030,1135945,2652546
hqc128,sphincs128s-sphincs128s-sphincs128s,1322802,1314921,1348168,346488,1138122,2540799
hqc128,sphincs128s-sphincs128s-sphincs128s,1322850,1314937,1368813,346432,1137768,2558946
hqc128,sphincs128s-sphincs128s-sphincs128s,1322848,1314934,1344265,378081,1169161,2570817
hqc128,sphincs128s-sphincs128s-sphincs128s,1322882,1314952,1350487,348873,1140239,2550548
hqc128,sphincs128s-sphincs128s-sphincs128s,1322869,1314971,1360624,344011,1133010,2546957
hqc128,sphincs128s-sphincs128s-sphincs128s,1322879,1314951,1340621,351323,1143022,2533809
hqc128,sphincs128s-sphincs128s-sphincs128s,1322853,1314943,1363432,344026,1135400,2575884
hqc128,sphincs128s-sphincs128s-sphincs128s,1322940,1314941,1342429,368378,1159939,2611946
hqc128,sphincs128s-sphincs128s-sphincs128s,1322914,1314936,1369071,370826,1162308,2601452
hqc128,sphincs128s-sphincs128s-sphincs128s,1322897,1314955,1347218,373268,1164999,2561698
hqc128,sphincs128s-sphincs128s-sphincs128s,1322868,1314949,1364988,358620,1150167,2572850
hqc128,sphincs128s-sphincs128s-sphincs128s,1322955,1314958,1354771,365931,1154800,2557556
hqc128,sphincs128s-sphincs128s-sphincs128s,1322858,1314927,1359717,382952,1174554,2584227
hqc128,sphincs128s-sphincs128s-sphincs128s,1322849,1314949,1390762,344008,1135539,2592969
hqc128,sphincs128s-sphincs128s-sphincs128s,1322866,1314933,1340145,361064,1152613,2545751
hqc128,sphincs128s-sphincs128s-sphincs128s,1322925,1314942,1345351,358628,1150176,2565935
hqc128,sphincs128s-sphincs128s-sphincs128s,1322844,1314924,1348150,351336,1142658,2553571
hqc128,sphincs128s-sphincs128s-sphincs128s,1322843,1314936,1343921,356204,1147871,2540134
hqc128,sphincs128s-sphincs128s-sphincs128s,1322868,1314913,1383592,336733,1128057,2572410
hqc128,sphincs128s-sphincs128s-sphincs128s,1322906,1314939,1343905,373216,1164743,2586239
hqc128,sphincs128s-sphincs128s-sphincs128s,1322901,1314909,1341371,339136,1130546,2536025
hqc128,sphincs128s-sphincs128s-sphincs128s,1322871,1314934,1338473,370801,1162335,2551247
hqc128,sphincs128s-sphincs128s-sphincs128s,1322902,1314948,1347604,341612,1133368,2547731
hqc128,sphincs128s-sphincs128s-sphincs128s,1322893,1314954,1362569,326973,1118282,2529869
hqc128,sphincs128s-sphincs128s-sphincs128s,1322889,1314929,1339101,358611,1150071,2542145
hqc128,sphincs128s-sphincs128s-sphincs128s,1322898,1314917,1347089,368350,1159767,2558765
hqc128,sphincs128s-sphincs128s-sphincs128s,1322896,1314952,1339369,356171,1147963,2538271
hqc128,sphincs128s-sphincs128s-sphincs128s,1322878,1314937,1339460,356204,1145763,2534341
hqc128,sphincs128s-sphincs128s-sphincs128s,1322871,1314916,1357429,378118,1169520,2584296
hqc128,sphincs128s-sphincs128s-sphincs128s,1322927,1314973,1339992,358603,1149863,2538509
hqc128,sphincs128s-sphincs128s-sphincs128s,1322898,1314942,1341005,356184,1147991,2553948
hqc128,sphincs128s-sphincs128s-sphincs128s,1322917,1314959,1354362,356198,1147592,2572346
hqc128,sphincs128s-sphincs128s-sphincs128s,1322900,1314948,1339019,351323,1142991,2530769
hqc128,sphincs128s-sphincs128s-sphincs128s,1322906,1314944,1363362,344011,1135371,2548343
hqc128,sphincs128s-sphincs128s-sphincs128s,1322884,1314946,1345348,361051,1152555,2559138
hqc128,sphincs128s-sphincs128s-sphincs128s,1322940,1314965,1340464,353764,1144921,2534471
hqc128,sphincs128s-sphincs128s-sphincs128s,1322859,1314901,1346394,346449,1137894,2553136
hqc128,sphincs128s-sphincs128s-sphincs128s,1322911,1314948,1374172,353768,1145466,2581419
hqc128,sphincs128s-sphincs128s-sphincs128s,1322885,1314948,1365460,378136,1167971,2593518
hqc128,sphincs128s-sphincs128s-sphincs128s,1322840,1314929,1351118,358635,1149849,2561101
hqc128,sphincs128s-sphincs128s-sphincs128s,1322849,1314938,1343492,344055,1135477,2537117
hqc128,sphincs128s-sphincs128s-sphincs128s,1322809,1314916,1355332,358655,1147567,2555174
hqc128,sphincs128s-sphincs128s-sphincs128s,1322797,1314920,1340995,348894,1140069,2532957
hqc128,sphincs128s-sphincs128s-sphincs128s,1322876,1314934,1368680,334269,1126016,2581542
hqc128,sphincs128s-sphincs128s-sphincs128s,1322825,1314920,1338439,361055,1152850,2541146
hqc128,sphincs128s-sphincs128s-sphincs128s,1322817,1314933,1340585,334281,1125838,2517763
hqc128,sphincs128s-sphincs128s-sphincs128s,1322821,1314926,1346264,351346,1142597,2543445
hqc128,sphincs128s-sphincs128s-sphincs128s,1322848,1314946,1336691,344008,1135118,2524923
hqc128,sphincs128s-sphincs128s-sphincs128s,1322843,1314935,1347581,351319,1142403,2544202
hqc128,sphincs128s-sphincs128s-sphincs128s,1322830,1314948,1342147,344043,1135864,2530287
hqc128,sphincs128s-sphincs128s-sphincs128s,1322867,1314947,1341378,331861,1122970,2512863
hqc128,sphincs128s-sphincs128s-sphincs128s,1322866,1314946,1343262,351341,1142673,2534114
hqc128,sphincs128s-sphincs128s-sphincs128s,1322799,1314944,1344863,358615,1147974,2542419
hqc128,sphincs128s-sphincs128s-sphincs128s,1322841,1314939,1354973,339155,1129104,2533615
hqc128,sphincs128s-sphincs128s-sphincs128s,1322922,1314981,1336680,344040,1135369,2539053
hqc128,sphincs128s-sphincs128s-sphincs128s,1322854,1314970,1341608,351337,1142982,2558930
hqc128,sphincs128s-sphincs128s-sphincs128s,1322843,1314924,1340419,361057,1153015,2543760
hqc128,sphincs128s-sphincs128s-sphincs128s,1322876,1314950,1347993,329429,1121136,2518736
hqc128,sphincs128s-sphincs128s-sphincs128s,1322908,1314941,1343623,339142,1130670,2526073
hqc128,sphincs128s-sphincs128s-sphincs128s,1322846,1314914,1346588,341578,1131229,2533281
hqc128,sphincs128s-sphincs128s-sphincs128s,1322837,1314947,1339288,346475,1136300,2527809
hqc128,sphincs128s-sphincs128s-sphincs128s,1322859,1314921,1340544,363488,1155177,2545263
hqc128,sphincs128s-sphincs128s-sphincs128s,1322853,1314943,1340410,361082,1152617,2544089
hqc128,sphincs128s-sphincs128s-sphincs128s,1322871,1314919,1340956,339142,1130448,2527562
hqc128,sphincs128s-sphincs128s-sphincs128s,1322868,1314943,1346463,346455,1138181,2540646
hqc128,sphincs128s-sphincs128s-sphincs128s,1322891,1314949,1340117,341598,1133251,2524340
hqc128,sphincs128s-sphincs128s-sphincs128s,1322818,1314937,1347188,370811,1162697,2567368
hqc128,sphincs128s-sphincs128s-sphincs128s,1322814,1314942,1342389,358593,1150363,2542445
hqc128,sphincs128s-sphincs128s-sphincs128s,1322904,1314951,1342691,356199,1147830,2553007
hqc128,sphincs128s-sphincs128s-sphincs128s,1322786,1314924,1338668,348871,1137950,2527934
hqc128,sphincs128s-sphincs128s-sphincs128s,1322861,1314939,1340167,344011,1135471,2531010
hqc128,sphincs128s-sphincs128s-sphincs128s,1322847,1314939,1341162,336711,1128025,2517201
hqc128,sphincs128s-sphincs128s-sphincs128s,1322842,1314920,1340703,344016,1132903,2523295
hqc128,sphincs128s-sphincs128s-sphincs128s,1322835,1314928,1352698,351322,1143009,2546446
hqc128,sphincs128s-sphincs128s-sphincs128s,1322809,1314906,1341096,351359,1142879,2535647
hqc128,sphincs128s-sphincs128s-sphincs128s,1322886,1314951,1343904,331862,1123242,2536767
hqc128,sphincs128s-sphincs128s-sphincs128s,1322845,1314949,1342629,326979,1118818,2514372
hqc128,sphincs128s-sphincs128s-sphincs128s,1322813,1314946,1351161,339168,1130785,2531353
hqc128,sphincs128s-sphincs128s-sphincs128s,1322825,1314943,1353164,363491,1155291,2608308
hqc128,sphincs128s-sphincs128s-sphincs128s,1322860,1314930,1347258,334278,1125798,2521970
hqc128,sphincs128s-sphincs128s-sphincs128s,1322891,1314951,1342859,348886,1140033,2530877
hqc128,sphincs128s-sphincs128s-sphincs128s,1322868,1314977,1351173,353747,1145376,2546033
hqc128,sphincs128s-sphincs128s-sphincs128s,1322862,1314939,1343044,370784,1162526,2562638
hqc128,sphincs128s-sphincs128s-sphincs128s,1322893,1314923,1347568,344019,1135316,2533522
hqc128,sphincs128s-sphincs128s-sphincs128s,1322839,1314950,1343628,331834,1123047,2515197
hqc128,sphincs128s-sphincs128s-sphincs128s,1322858,1314939,1352980,346470,1137483,2540502
hqc128,sphincs128s-sphincs128s-sphincs128s,1322876,1314927,1342794,344037,1135529,2544310
hqc128,sphincs128s-sphincs128s-sphincs128s,1322888,1314924,1336726,348910,1140104,2537157
hqc128,sphincs128s-sphincs128s-sphincs128s,1322838,1314978,1369160,348890,1140751,2590722
hqc128,sphincs128s-sphincs128s-sphincs128s,1322838,1314941,1345213,346461,1138089,2533596
hqc128,sphincs128s-sphincs128s-sphincs128s,1322859,1314947,1372026,344020,1135762,2558567
hqc128,sphincs128s-sphincs128s-sphincs128s,1322796,1314939,1341606,353751,1145128,2537446
hqc128,sphincs128s-sphincs128s-sphincs128s,1322825,1314956,1342117,348898,1140328,2532432
hqc128,sphincs128s-sphincs128s-sphincs128s,1323194,1314965,1366448,375687,1166974,2581609
hqc128,sphincs128s-sphincs128s-sphincs128s,1322893,1314943,1339320,378086,1169454,2556349
hqc128,sphincs128s-sphincs128s-sphincs128s,1322876,1314952,1344387,363531,1154659,2547910
hqc128,sphincs128s-sphincs128s-sphincs128s,1322804,1314941,1341039,356189,1146162,2538723
hqc128,sphincs128s-sphincs128s-sphincs128s,1322863,1314952,1481975,346444,1137488,2675253
hqc128,sphincs128s-sphincs128s-sphincs128s,1322879,1314938,1357308,351330,1143054,2569956
hqc128,sphincs128s-sphincs128s-sphincs128s,1322870,1314952,1349810,351352,1142607,2544516
hqc128,sphincs128s-sphincs128s-sphincs128s,1322902,1314947,1345400,339151,1130987,2528407
hqc128,sphincs128s-sphincs128s-sphincs128s,1322904,1314951,1348760,334268,1126027,2526312
hqc128,sphincs128s-sphincs128s-sphincs128s,1322898,1314934,1338994,351333,1143216,2532061
hqc128,sphincs128s-sphincs128s-sphincs128s,1322935,1314938,1359258,346456,1138222,2548470
hqc128,sphincs128s-sphincs128s-sphincs128s,1322870,1314921,1350010,375680,1167392,2576648
hqc128,sphincs128s-sphincs128s-sphincs128s,1322896,1314946,1339371,353747,1145677,2532977
hqc128,sphincs128s-sphincs128s-sphincs128s,1322917,1314935,1340571,358616,1150482,2602027
hqc128,sphincs128s-sphincs128s-sphincs128s,1322852,1314941,1343043,336730,1128288,2519739
hqc128,sphincs128s-sphincs128s-sphincs128s,1322875,1314957,1341540,353766,1145590,2536494
hqc128,sphincs128s-sphincs128s-sphincs128s,1322852,1314928,1341847,339136,1130729,2530242
hqc128,sphincs128s-sphincs128s-sphincs128s,1322877,1314939,1357676,326980,1118290,2543495
hqc128,sphincs128s-sphincs128s-sphincs128s,1322912,1314969,1343488,353747,1143359,2536654
hqc128,sphincs128s-sphincs128s-sphincs128s,1322827,1314908,1338266,356191,1147998,2538924
hqc128,sphincs128s-sphincs128s-sphincs128s,1322854,1314915,1348057,348860,1140563,2572508
hqc128,sphincs128s-sphincs128s-sphincs128s,1322886,1314919,1340220,344014,1135793,2525076
hqc128,sphincs128s-sphincs128s-sphincs128s,1322836,1314952,1342372,334293,1125916,2518204
hqc128,sphincs128s-sphincs128s-sphincs128s,1322831,1314920,1347278,361058,1152769,2549131
hqc128,sphincs128s-sphincs128s-sphincs128s,1322880,1314943,1334265,358634,1147580,2531036
hqc128,sphincs128s-sphincs128s-sphincs128s,1322864,1314943,1362059,348887,1137772,2549677
hqc128,sphincs128s-sphincs128s-sphincs128s,1322845,1314937,1338894,351361,1142920,2532223
hqc128,sphincs128s-sphincs128s-sphincs128s,1322820,1314930,1365291,341607,1131210,2549369
hqc128,sphincs128s-sphincs128s-sphincs128s,1322878,1314947,1350817,341602,1131413,2533590
hqc128,sphincs128s-sphincs128s-sphincs128s,1322919,1314951,1345224,353781,1143637,2540808
hqc128,sphincs128s-sphincs128s-sphincs128s,1322836,1314938,1355260,344022,1133528,2537401
hqc128,sphincs128s-sphincs128s-sphincs128s,1322825,1314916,1336722,351326,1142666,2532929
hqc128,sphincs128s-sphincs128s-sphincs128s,1322887,1314961,1349228,353756,1145376,2551622
hqc128,sphincs128s-sphincs128s-sphincs128s,1322817,1314926,1334739,341568,1133039,2524565
hqc128,sphincs128s-sphincs128s-sphincs128s,1322869,1314955,1336076,341598,1133218,2525050
hqc128,sphincs128s-sphincs128s-sphincs128s,1322867,1314930,1340033,358612,1150069,2543947
hqc128,sphincs128s-sphincs128s-sphincs128s,1322870,1314950,1337604,339165,1130824,2527134
hqc128,sphincs128s-sphincs128s-sphincs128s,1322842,1314938,1347951,331859,1123577,2521604
hqc128,sphincs128s-sphincs128s-sphincs128s,1322791,1314937,1341017,346469,1138198,2533229
hqc128,sphincs128s-sphincs128s-sphincs128s,1322882,1314947,1346923,348895,1138397,2534966
hqc128,sphincs128s-sphincs128s-sphincs128s,1322880,1314929,1343666,346465,1138274,2531019
hqc128,sphincs128s-sphincs128s-sphincs128s,1322883,1314961,1338033,353780,1142796,2532235
hqc128,sphincs128s-sphincs128s-sphincs128s,1322874,1314923,1340103,363481,1154593,2547280
hqc128,sphincs128s-sphincs128s-sphincs128s,1322931,1314954,1343198,336736,1128256,2554558
hqc128,sphincs128s-sphincs128s-sphincs128s,1322918,1314949,1341641,356191,1147739,2540049
hqc128,sphincs128s-sphincs128s-sphincs128s,1322904,1314963,1358769,353779,1144952,2552052
hqc128,sphincs128s-sphincs128s-sphincs128s,1322894,1314942,1349889,334284,1125917,2525773
hqc128,sphincs128s-sphincs128s-sphincs128s,1322898,1314920,1338656,344029,1135166,2522655
hqc128,sphincs128s-sphincs128s-sphincs128s,1322860,1314951,1351129,356192,1147705,2550817
hqc128,sphincs128s-sphincs128s-sphincs128s,1322890,1314946,1341395,353764,1143566,2536779
hqc128,sphincs128s-sphincs128s-sphincs128s,1322899,1314925,1359823,356174,1147714,2576301
hqc128,sphincs128s-sphincs128s-sphincs128s,1322899,1314950,1342893,344009,1135628,2528777
hqc128,sphincs128s-sphincs128s-sphincs128s,1322881,1314962,1344585,356207,1147704,2540389
hqc128,sphincs128s-sphincs128s-sphincs128s,1322887,1314956,1350007,373239,1164848,2564755
hqc128,sphincs128s-sphincs128s-sphincs128s,1322903,1314923,1338418,346430,1137849,2525810
hqc128,sphincs128s-sphincs128s-sphincs128s,1322865,1314923,1335759,353768,1143558,2529446
hqc128,sphincs128s-sphincs128s-sphincs128s,1322928,1314973,1345161,334274,1125852,2541707
hqc128,sphincs128s-sphincs128s-sphincs128s,1322895,1314948,1340474,344033,1135727,2526110
hqc128,sphincs128s-sphincs128s-sphincs128s,1322872,1314959,1344701,353747,1145429,2542239
hqc128,sphincs128s-sphincs128s-sphincs128s,1322873,1314946,1336432,363495,1155298,2544542
hqc128,sphincs128s-sphincs128s-sphincs128s,1322873,1314956,1341975,344029,1135643,2552057
hqc128,sphincs128s-sphincs128s-sphincs128s,1322801,1314918,1341581,324553,1116125,2506687
hqc128,sphincs128s-sphincs128s-sphincs128s,1322868,1314930,1341246,365933,1157292,2550777
hqc128,sphincs128s-sphincs128s-sphincs128s,1322802,1314938,1339561,358625,1148207,2540787
hqc128,sphincs128s-sphincs128s-sphincs128s,1322846,1314935,1339544,334266,1125660,2524412
hqc128,sphincs128s-sphincs128s-sphincs128s,1322875,1314960,1382316,324554,1115933,2560678
hqc128,sphincs128s-sphincs128s-sphincs128s,1322888,1314935,1358478,331839,1123584,2531445
hqc128,sphincs128s-sphincs128s-sphincs128s,1322853,1314932,1359336,358598,1149856,2559387
hqc128,sphincs128s-sphincs128s-sphincs128s,1322821,1314929,1337198,339156,1130541,2518426
hqc128,sphincs128s-sphincs128s-sphincs128s,1322884,1314939,1338765,341571,1133245,2524922
hqc128,sphincs128s-sphincs128s-sphincs128s,1322863,1314935,1351719,348889,1140124,2552860
hqc128,sphincs128s-sphincs128s-sphincs128s,1322819,1314933,1339807,348903,1140246,2530945
hqc128,sphincs128s-sphincs128s-sphincs128s,1322820,1314954,1337521,368358,1160215,2552341
hqc128,sphincs128s-sphincs128s-sphincs128s,1322898,1314948,1376009,314809,1106478,2544584
hqc128,sphincs128s-sphincs128s-sphincs128s,1322820,1314929,1341414,363480,1153059,2542939
hqc128,sphincs128s-sphincs128s-sphincs128s,1322881,1314934,1344466,341579,1133263,2531114
hqc128,sphincs128s-sphincs128s-sphincs128s,1322881,1314944,1339503,353757,1145269,2542182
hqc128,sphincs128s-sphincs128s-sphincs128s,1322890,1314947,1340646,331832,1121835,2511575
hqc128,sphincs128s-sphincs128s-sphincs128s,1322805,1314938,1339845,353783,1145262,2537281
hqc128,sphincs128s-sphincs128s-sphincs128s,1322843,1314932,1341491,336715,1127715,2520095
hqc128,sphincs128s-sphincs128s-sphincs128s,1322880,1314937,1339558,339176,1130715,2525714
hqc128,sphincs128s-sphincs128s-sphincs128s,1322835,1314940,1338760,363497,1154580,2546122
hqc128,sphincs128s-sphincs128s-sphincs128s,1322835,1314931,1338780,363491,1155284,2545820
hqc128,sphincs128s-sphincs128s-sphincs128s,1322835,1314921,1356943,334256,1125927,2534946
hqc128,sphincs128s-sphincs128s-sphincs128s,1322866,1314960,1376076,365924,1157648,2585021
hqc128,sphincs128s-sphincs128s-sphincs128s,1322837,1314962,1339954,322123,1113493,2503342
hqc128,sphincs128s-sphincs128s-sphincs128s,1322819,1314947,1337058,329417,1119141,2507524
hqc128,sphincs128s-sphincs128s-sphincs128s,1322881,1314951,1347355,358645,1150468,2555873
hqc128,sphincs128s-sphincs128s-sphincs128s,1322827,1314941,1346696,341591,1132743,2568579
hqc128,sphincs128s-sphincs128s-sphincs128s,1322801,1314935,1340147,351345,1142710,2532613
hqc128,sphincs128s-sphincs128s-sphincs128s,1322839,1314927,1337812,346465,1138143,2530311
hqc128,sphincs128s-sphincs128s-sphincs128s,1322904,1314949,1340510,370806,1161884,2551995
hqc128,sphincs128s-sphincs128s-sphincs128s,1322823,1314944,1354483,331819,1123055,2527451
hqc128,sphincs128s-sphincs128s-sphincs128s,1322835,1314955,1349731,356210,1145676,2549568
hqc128,sphincs128s-sphincs128s-sphincs128s,1322860,1314927,1339938,375649,1167266,2557360
hqc128,sphincs128s-sphincs128s-sphincs128s,1322876,1314927,1339477,361075,1152171,2541491
hqc128,sphincs128s-sphincs128s-sphincs128s,1322865,1314946,1359729,365935,1154890,2566420
hqc128,sphincs128s-sphincs128s-sphincs128s,1322841,1314924,1338519,334272,1125395,2514566
hqc128,sphincs128s-sphincs128s-sphincs128s,1322848,1314943,1340090,346477,1138245,2528524
hqc128,sphincs128s-sphincs128s-sphincs128s,1322804,1314957,1336087,339142,1130822,2518241
hqc128,sphincs128s-sphincs128s-sphincs128s,1322869,1314945,1340164,353767,1145206,2535419
hqc128,sphincs128s-sphincs128s-sphincs128s,1322849,1314942,1342536,341570,1133313,2530241
hqc128,sphincs128s-sphincs128s-sphincs128s,1322855,1314960,1344685,339166,1131120,2540489
hqc128,sphincs128s-sphincs128s-sphincs128s,1322891,1314954,1339725,368382,1159690,2551508
hqc128,sphincs128s-sphincs128s-sphincs128s,1322883,1314964,1346950,353776,1145523,2542241
hqc128,sphincs128s-sphincs128s-sphincs128s,1322869,1314956,1341282,358609,1150259,2573929
hqc128,sphincs128s-sphincs128s-sphincs128s,1322872,1314943,1339532,351334,1142475,2534273
hqc128,sphincs128s-sphincs128s-sphincs128s,1322844,1314942,1340162,358623,1150024,2566208
hqc128,sphincs128s-sphincs128s-sphincs128s,1323546,1314964,1345245,344026,1135587,2531447
hqc128,sphincs128s-sphincs128s-sphincs128s,1322829,1314951,1341590,331832,1121435,2555600
hqc128,sphincs128s-sphincs128s-sphincs128s,1322888,1314960,1341297,385396,1177131,2568308
hqc128,sphincs128s-sphincs128s-sphincs128s,1322892,1314950,1342242,343978,1135553,2539169
hqc128,sphincs128s-sphincs128s-sphincs128s,1322813,1314942,1338479,363503,1155314,2544106
hqc128,sphincs128s-sphincs128s-sphincs128s,1322831,1314955,1346324,348889,1140613,2536562
hqc128,sphincs128s-sphincs128s-sphincs128s,1322892,1314954,1340483,334308,1125493,2517170
hqc128,sphincs128s-sphincs128s-sphincs128s,1322881,1314954,1340221,356182,1147384,2536965
hqc128,sphincs128s-sphincs128s-sphincs128s,1322832,1314946,1334513,348898,1139988,2527179
hqc128,sphincs128s-sphincs128s-sphincs128s,1322841,1314953,1342993,348884,1140351,2536255
hqc128,sphincs128s-sphincs128s-sphincs128s,1322897,1314937,1349666,370763,1161825,2562802
hqc128,sphincs128s-sphincs128s-sphincs128s,1322833,1314941,1342860,363498,1154678,2585612
hqc128,sphincs128s-sphincs128s-sphincs128s,1322802,1314920,1341588,370795,1161945,2560103
hqc128,sphincs128s-sphincs128s-sphincs128s,1322864,1314934,1340035,346445,1135845,2523826
hqc128,sphincs128s-sphincs128s-sphincs128s,1322853,1314917,1370738,344044,1135137,2613548
hqc128,sphincs128s-sphincs128s-sphincs128s,1322873,1314937,1339453,344037,1135170,2541193
hqc128,sphincs128s-sphincs128s-sphincs128s,1322805,1314932,1341500,373233,1164338,2564140
hqc128,sphincs128s-sphincs128s-sphincs128s,1322822,1314933,1342227,346457,1138127,2536382
hqc128,sphincs128s-sphincs128s-sphincs128s,1322865,1314949,1353730,346471,1135981,2546057
hqc128,sphincs128s-sphincs128s-sphincs128s,1322840,1314954,1350945,326968,1118678,2518805
hqc128,sphincs128s-sphincs128s-sphincs128s,1322833,1314929,1341402,346466,1138112,2530549
hqc128,sphincs128s-sphincs128s-sphincs128s,1322830,1314940,1339165,365921,1157068,2548499
hqc128,sphincs128s-sphincs128s-sphincs128s,1323300,1314936,1340362,351317,1142752,2533809
hqc128,sphincs128s-sphincs128s-sphincs128s,1322837,1314934,1349150,348878,1137877,2534820
hqc128,sphincs128s-sphincs128s-sphincs128s,1322831,1314927,1340240,351353,1142781,2531953
hqc128,sphincs128s-sphincs128s-sphincs128s,1322865,1314931,1339854,351319,1142639,2553712
hqc128,sphincs128s-sphincs128s-sphincs128s,1322805,1314924,1339459,344025,1135485,2529318
hqc128,sphincs128s-sphincs128s-sphincs128s,1322881,1314960,1377917,363487,1155225,2583912
hqc128,sphincs128s-sphincs128s-sphincs128s,1322837,1314936,1343505,348882,1138184,2546507
hqc128,sphincs128s-sphincs128s-sphincs128s,1322870,1314929,1472767,334261,1125998,2648943
hqc128,sphincs128s-sphincs128s-sphincs128s,1322900,1314945,1339422,358647,1148350,2538240
hqc128,sphincs128s-sphincs128s-sphincs128s,1322839,1314938,1343726,353749,1145343,2540727
hqc128,sphincs128s-sphincs128s-sphincs128s,1322834,1314931,1349351,348884,1140091,2537734
hqc128,sphincs128s-sphincs128s-sphincs128s,1322875,1314921,1335555,365904,1157507,2542678
hqc128,sphincs128s-sphincs128s-sphincs128s,1322825,1314925,1334470,351309,1142198,2529768
hqc128,sphincs128s-sphincs128s-sphincs128s,1322800,1314940,1338419,346438,1138219,2525905
hqc128,sphincs128s-sphincs128s-sphincs128s,1322823,1314941,1344284,358631,1147566,2541587
hqc128,sphincs128s-sphincs128s-sphincs128s,1322893,1314958,1344913,341571,1133129,2533610
hqc128,sphincs128s-sphincs128s-sphincs128s,1322846,1314947,1346625,387841,1177736,2578262
hqc128,sphincs128s-sphincs128s-sphincs128s,1322834,1314933,1350347,368359,1159659,2563433
hqc128,sphincs128s-sphincs128s-sphincs128s,1322887,1314955,1346854,353756,1145233,2541705
hqc128,sphincs128s-sphincs128s-sphincs128s,1322891,1314955,1360144,344007,1133609,2548929
hqc128,sphincs128s-sphincs128s-sphincs128s,1322829,1314965,1349432,368347,1160194,2579921
hqc128,sphincs128s-sphincs128s-sphincs128s,1322858,1314954,1339020,356164,1147511,2536269
hqc128,sphincs128s-sphincs128s-sphincs128s,1322840,1314928,1348312,326978,1118758,2518714
hqc128,sphincs128s-sphincs128s-sphincs128s,1322837,1314942,1341887,339166,1130314,2523255
hqc128,sphincs128s-sphincs128s-sphincs128s,1322854,1314953,1340086,375677,1167408,2582186
hqc128,sphincs128s-sphincs128s-sphincs128s,1322804,1314924,1341145,365917,1156960,2547551
hqc128,sphincs128s-sphincs128s-sphincs128s,1322887,1314948,1336866,368342,1157518,2549261
hqc128,sphincs128s-sphincs128s-sphincs128s,1322830,1314942,1341663,351328,1143187,2533745
hqc128,sphincs128s-sphincs128s-sphincs128s,1322877,1314942,1340100,353758,1145371,2534568
hqc128,sphincs128s-sphincs128s-sphincs128s,1322892,1314976,1342375,358622,1150106,2553375
hqc128,sphincs128s-sphincs128s-sphincs128s,1322857,1314925,1343975,346483,1137840,2531873
hqc128,sphincs128s-sphincs128s-sphincs128s,1322823,1314931,1339225,375634,1167420,2556109
hqc128,sphincs128s-sphincs128s-sphincs128s,1322887,1314965,1337623,336709,1125661,2514952
hqc128,sphincs128s-sphincs128s-sphincs128s,1322849,1314928,1345979,380555,1169569,2564884
hqc128,sphincs128s-sphincs128s-sphincs128s,1322869,1314930,1337160,370815,1162387,2551853
hqc128,sphincs128s-sphincs128s-sphincs128s,1322872,1314951,1343734,344038,1135763,2544188
hqc128,sphincs128s-sphincs128s-sphincs128s,1322842,1314954,1358861,363496,1155168,2565437
hqc128,sphincs128s-sphincs128s-sphincs128s,1322838,1314937,1337853,351334,1143005,2535259
hqc128,sphincs128s-sphincs128s-sphincs128s,1322818,1314926,1364694,331831,1123679,2539417
hqc128,sphincs128s-sphincs128s-sphincs128s,1322812,1314940,1341362,358620,1147475,2538634
hqc128,sphincs128s-sphincs128s-sphincs128s,1322843,1314942,1361167,322111,1113557,2530762
hqc128,sphincs128s-sphincs128s-sphincs128s,1322878,1314916,1342846,358639,1148132,2541349
hqc128,sphincs128s-sphincs128s-sphincs128s,1322795,1314920,1339675,370794,1162436,2555559
hqc128,sphincs128s-sphincs128s-sphincs128s,1322875,1314938,1346795,351294,1142414,2542965
hqc128,sphincs128s-sphincs128s-sphincs128s,1322899,1314942,1338559,365941,1155549,2548681
hqc128,sphincs128s-sphincs128s-sphincs128s,1322854,1314948,1339290,336714,1128094,2516366
hqc128,sphincs128s-sphincs128s-sphincs128s,1322856,1314962,1344062,361077,1150697,2548594
hqc128,sphincs128s-sphincs128s-sphincs128s,1322866,1314958,1339003,341589,1132941,2522865
hqc128,sphincs128s-sphincs128s-sphincs128s,1322884,1314927,1341938,353763,1145557,2536672
hqc128,sphincs128s-sphincs128s-sphincs128s,1322822,1314951,1339023,358604,1149849,2540787
hqc128,sphincs128s-sphincs128s-sphincs128s,1322832,1314950,1339462,348891,1140650,2543491
hqc128,sphincs128s-sphincs128s-sphincs128s,1322880,1314955,1345711,370815,1162602,2557790
hqc128,sphincs128s-sphincs128s-sphincs128s,1322859,1314920,1347209,358611,1150206,2550616
hqc128,sphincs128s-sphincs128s-sphincs128s,1322850,1314940,1338390,356218,1147992,2535948
hqc128,sphincs128s-sphincs128s-sphincs128s,1322777,1314930,1367269,363476,1155133,2573367
hqc128,sphincs128s-sphincs128s-sphincs128s,1322840,1314934,1341459,346476,1137867,2534067
hqc128,sphincs128s-sphincs128s-sphincs128s,1322903,1314943,1340640,344058,1135462,2525311
hqc128,sphincs128s-sphincs128s-sphincs128s,1322811,1314934,1342084,336703,1128260,2519586
hqc128,sphincs128s-sphincs128s-sphincs128s,1322808,1314937,1342193,344010,1135035,2527483
hqc128,sphincs128s-sphincs128s-sphincs128s,1322865,1314939,1345434,346430,1138091,2539459
hqc128,sphincs128s-sphincs128s-sphincs128s,1322827,1314940,1356055,329429,1118452,2523991
hqc128,sphincs128s-sphincs128s-sphincs128s,1322851,1314950,1336655,341597,1133275,2532093
hqc128,sphincs128s-sphincs128s-sphincs128s,1322864,1314935,1336722,336736,1128161,2538738
hqc128,sphincs128s-sphincs128s-sphincs128s,1322820,1314905,1354766,329406,1120986,2526509
hqc128,sphincs128s-sphincs128s-sphincs128s,1322855,1314930,1340050,353783,1145442,2539435
hqc128,sphincs128s-sphincs128s-sphincs128s,1322856,1314931,1339664,341554,1133336,2529614
hqc128,sphincs128s-sphincs128s-sphincs128s,1322856,1314941,1343920,339179,1130191,2523922
hqc128,sphincs128s-sphincs128s-sphincs128s,1322839,1314932,1356590,348913,1140735,2553756
hqc128,sphincs128s-sphincs128s-sphincs128s,1322849,1314952,1344736,344021,1135725,2531275
hqc128,sphincs128s-sphincs128s-sphincs128s,1322826,1314941,1342093,356171,1147958,2543403
hqc128,sphincs128s-sphincs128s-sphincs128s,1322864,1314939,1340282,365921,1157150,2549629
hqc128,sphincs128s-sphincs128s-sphincs128s,1322833,1314920,1335859,329425,1121207,2506770
hqc128,sphincs128s-sphincs128s-sphincs128s,1322833,1314943,1348280,344018,1135407,2533166
hqc128,sphincs128s-sphincs128s-sphincs128s,1322874,1314941,1340113,370785,1159717,2554993
hqc128,sphincs128s-sphincs128s-sphincs128s,1322820,1314928,1372460,351327,1143070,2565284
hqc128,sphincs128s-sphincs128s-sphincs128s,1322838,1314918,1346529,380564,1172448,2581116
hqc128,sphincs128s-sphincs128s-sphincs128s,1322863,1314949,1340674,341589,1133225,2523328
hqc128,sphincs128s-sphincs128s-sphincs128s,1322871,1314950,1345172,346496,1137872,2534603
hqc128,sphincs128s-sphincs128s-sphincs128s,1322904,1314967,1340827,351320,1142656,2548380
hqc128,sphincs128s-sphincs128s-sphincs128s,1322823,1314920,1344436,346487,1137743,2534760
hqc128,sphincs128s-sphincs128s-sphincs128s,1322830,1314947,1350338,348885,1140294,2545281
hqc128,sphincs128s-sphincs128s-sphincs128s,1322889,1314934,1340675,331840,1123510,2533291
hqc128,sphincs128s-sphincs128s-sphincs128s,1322897,1314940,1342512,346451,1136310,2531932
hqc128,sphincs128s-sphincs128s-sphincs128s,1322871,1314937,1343231,351336,1140322,2538890
hqc128,sphincs128s-sphincs128s-sphincs128s,1322876,1314919,1363487,356192,1147731,2580038
hqc128,sphincs128s-sphincs128s-sphincs128s,1322923,1314955,1396641,356228,1146053,2647438
hqc128,sphincs128s-sphincs128s-sphincs128s,1322906,1314946,1343242,326970,1116550,2509330
hqc128,sphincs128s-sphincs128s-sphincs128s,1322889,1314968,1343015,346454,1137825,2532574
hqc128,sphincs128s-sphincs128s-sphincs128s,1322887,1314952,1343158,358605,1150235,2566129
hqc128,sphincs128s-sphincs128s-sphincs128s,1322878,1314935,1337612,334308,1125492,2518236
hqc128,sphincs128s-sphincs128s-sphincs128s,1322853,1314919,1337358,339165,1129295,2519117
hqc128,sphincs128s-sphincs128s-sphincs128s,1322829,1314908,1340613,346455,1137931,2533771
hqc128,sphincs128s-sphincs128s-sphincs128s,1322879,1314908,1374675,322126,1113546,2577445
hqc128,sphincs128s-sphincs128s-sphincs128s,1322907,1314938,1369464,353744,1145151,2571381
hqc128,sphincs128s-sphincs128s-sphincs128s,1323229,1314974,1361446,346419,1137683,2549380
hqc128,sphincs128s-sphincs128s-sphincs128s,1322903,1314961,1340736,348889,1138862,2533142
hqc128,sphincs128s-sphincs128s-sphincs128s,1322916,1314945,1340268,356208,1147334,2541052
hqc128,sphincs128s-sphincs128s-sphincs128s,1322890,1314954,1344624,361052,1150500,2553795
hqc128,sphincs128s-sphincs128s-sphincs128s,1322885,1314926,1343133,356167,1145759,2537325
hqc128,sphincs128s-sphincs128s-sphincs128s,1322874,1314935,1339304,314797,1105982,2495731
hqc128,sphincs128s-sphincs128s-sphincs128s,1322917,1314943,1339023,322105,1113231,2507548
hqc128,sphincs128s-sphincs128s-sphincs128s,1322897,1314938,1340736,327000,1118075,2507891
hqc128,sphincs128s-sphincs128s-sphincs128s,1322859,1314938,1342243,346452,1138310,2533060
hqc128,sphincs128s-sphincs128s-sphincs128s,1322924,1314932,1340089,356179,1145484,2552873
hqc128,sphincs128s-sphincs128s-sphincs128s,1322898,1314952,1345821,348877,1140798,2538943
hqc128,sphincs128s-sphincs128s-sphincs128s,1322866,1314935,1337444,346468,1138017,2528139
hqc128,sphincs128s-sphincs128s-sphincs128s,1322853,1314919,1342060,380522,1171746,2562759
hqc128,sphincs128s-sphincs128s-sphincs128s,1322946,1314956,1354705,344036,1135190,2539065
hqc128,sphincs128s-sphincs128s-sphincs128s,1322876,1314966,1336765,346452,1138364,2527100
hqc128,sphincs128s-sphincs128s-sphincs128s,1322877,1314923,1343413,353740,1145498,2538882
hqc128,sphincs128s-sphincs128s-sphincs128s,1322953,1314958,1343031,368402,1158047,2553858
hqc128,sphincs128s-sphincs128s-sphincs128s,1322896,1314936,1346479,358603,1150355,2545970
hqc128,sphincs128s-sphincs128s-sphincs128s,1322844,1314925,1339293,356211,1145689,2536247
hqc128,sphincs128s-sphincs128s-sphincs128s,1322859,1314959,1338890,373222,1165025,2554228
hqc128,sphincs128s-sphincs128s-sphincs128s,1322965,1314968,1339377,334277,1126010,2519497
hqc128,sphincs128s-sphincs128s-sphincs128s,1322857,1314930,1334132,331856,1123703,2510607
hqc128,sphincs128s-sphincs128s-sphincs128s,1322925,1314946,1344992,358637,1150235,2544928
hqc128,sphincs128s-sphincs128s-sphincs128s,1322938,1314951,1346513,378121,1169359,2568220
hqc128,sphincs128s-sphincs128s-sphincs128s,1322920,1314948,1338326,346489,1136107,2524039
hqc128,sphincs128s-sphincs128s-sphincs128s,1322900,1314941,1341499,344017,1135783,2525507
hqc128,sphincs128s-sphincs128s-sphincs128s,1322823,1314916,1339013,348901,1137867,2527639
hqc128,sphincs128s-sphincs128s-sphincs128s,1322877,1314922,1340080,375646,1167313,2559095
hqc128,sphincs128s-sphincs128s-sphincs128s,1322908,1314945,1362456,363485,1154998,2566378
hqc128,sphincs128s-sphincs128s-sphincs128s,1322907,1314948,1341409,373233,1163108,2554154
hqc128,sphincs128s-sphincs128s-sphincs128s,1322876,1314936,1338554,351343,1140161,2527506
hqc128,sphincs128s-sphincs128s-sphincs128s,1322884,1314914,1343534,348870,1140456,2534772
hqc128,sphincs128s-sphincs128s-sphincs128s,1322880,1314941,1339196,344026,1133611,2522031
hqc128,sphincs128s-sphincs128s-sphincs128s,1322907,1314939,1338457,351312,1140132,2528339
hqc128,sphincs128s-sphincs128s-sphincs128s,1322889,1314942,1378735,326972,1118779,2547352
hqc128,sphincs128s-sphincs128s-sphincs128s,1322895,1314957,1341485,346484,1137765,2535704
hqc128,sphincs128s-sphincs128s-sphincs128s,1322844,1314933,1340581,348904,1140539,2533718
hqc128,sphincs128s-sphincs128s-sphincs128s,1322807,1314935,1352422,336734,1126556,2531567
hqc128,sphincs128s-sphincs128s-sphincs128s,1322861,1314943,1342487,334271,1126399,2526956
hqc128,sphincs128s-sphincs128s-sphincs128s,1322804,1314945,1341448,339170,1131039,2521739
hqc128,sphincs128s-sphincs128s-sphincs128s,1322851,1314954,1339358,346417,1136368,2531205
hqc128,sphincs128s-sphincs128s-sphincs128s,1322846,1314933,1344458,339163,1130625,2524026
hqc128,sphincs128s-sphincs128s-sphincs128s,1322871,1314928,1383083,346452,1138006,2615196
hqc128,sphincs128s-sphincs128s-sphincs128s,1322849,1314943,1339782,341600,1132949,2668522
hqc128,sphincs128s-sphincs128s-sphincs128s,1322875,1314943,1344477,370817,1162092,2572413
hqc128,sphincs128s-sphincs128s-sphincs128s,1322841,1314919,1360417,336706,1128585,2541284
hqc128,sphincs128s-sphincs128s-sphincs128s,1322899,1314936,1343790,346478,1138370,2535932
hqc128,sphincs128s-sphincs128s-sphincs128s,1322916,1314962,1341997,380511,1171951,2562394
hqc128,sphincs128s-sphincs128s-sphincs128s,1322848,1314938,1340556,348884,1140665,2531899
hqc128,sphincs128s-sphincs128s-sphincs128s,1322888,1314946,1335305,341593,1133103,2517144
hqc128,sphincs128s-sphincs128s-sphincs128s,1322892,1314941,1337401,324532,1115982,2512927
hqc128,sphincs128s-sphincs128s-sphincs128s,1322870,1314944,1352942,353750,1142674,2550320
hqc128,sphincs128s-sphincs128s-sphincs128s,1322920,1314973,1360838,336712,1128462,2541734
hqc128,sphincs128s-sphincs128s-sphincs128s,1322929,1314948,1369656,351318,1142880,2567141
hqc128,sphincs128s-sphincs128s-sphincs128s,1322928,1314957,1352284,341578,1133206,2558205
hqc128,sphincs128s-sphincs128s-sphincs128s,1322925,1314947,1352742,361059,1151089,2554959
hqc128,sphincs128s-sphincs128s-sphincs128s,1322878,1314952,1355890,336734,1128439,2541063
hqc128,sphincs128s-sphincs128s-sphincs128s,1322879,1314935,1340870,368370,1160076,2550181
hqc128,sphincs128s-sphincs128s-sphincs128s,1322908,1314925,1351322,344008,1135642,2561208
hqc128,sphincs128s-sphincs128s-sphincs128s,1322832,1314917,1341147,356199,1147600,2539540
hqc128,sphincs128s-sphincs128s-sphincs128s,1322871,1314946,1347180,341583,1130847,2527362
hqc128,sphincs128s-sphincs128s-sphincs128s,1322901,1314952,1356436,370775,1161824,2566216
hqc128,sphincs128s-sphincs128s-sphincs128s,1322902,1314947,1419780,361076,1150606,2618356
hqc128,sphincs128s-sphincs128s-sphincs128s,1322888,1314945,1338707,351323,1140362,2539179
hqc128,sphincs128s-sphincs128s-sphincs128s,1322901,1314933,1347381,361069,1151120,2547299
hqc128,sphincs128s-sphincs128s-sphincs128s,1322914,1314977,1356896,365941,1155644,2590948
hqc128,sphincs128s-sphincs128s-sphincs128s,1322881,1314946,1344842,348912,1140229,2532770
hqc128,sphincs128s-sphincs128s-sphincs128s,1322888,1314926,1338524,341585,1130260,2524166
hqc128,sphincs128s-sphincs128s-sphincs128s,1322908,1314943,1343171,341578,1133082,2526145
hqc128,sphincs128s-sphincs128s-sphincs128s,1322948,1314945,5368836,346437,1137639,6557849
hqc128,sphincs128s-sphincs128s-sphincs128s,1322864,1314938,1339001,351329,1143152,2530889
hqc128,sphincs128s-sphincs128s-sphincs128s,1322837,1314925,1357289,351291,1142306,2548190
hqc128,sphincs128s-sphincs128s-sphincs128s,1322926,1314953,1339830,363496,1154965,2544609
hqc128,sphincs128s-sphincs128s-sphincs128s,1322934,1314956,1354344,353768,1145453,2548900
hqc128,sphincs128s-sphincs128s-sphincs128s,1322893,1314938,1341386,365897,1157070,2547827
hqc128,sphincs128s-sphincs128s-sphincs128s,1322910,1314945,1340360,324525,1116229,2506947
hqc128,sphincs128s-sphincs128s-sphincs128s,1322926,1314941,1342358,334290,1126022,2518128
hqc128,sphincs128s-sphincs128s-sphincs128s,1322889,1314945,1336847,348888,1140030,2532759
hqc128,sphincs128s-sphincs128s-sphincs128s,1322847,1314930,1339458,341574,1132982,2530875
hqc128,sphincs128s-sphincs128s-sphincs128s,1322876,1314920,1340072,353764,1145530,2553568
hqc128,sphincs128s-sphincs128s-sphincs128s,1322890,1314943,1340505,351340,1142824,2593204
hqc128,sphincs128s-sphincs128s-sphincs128s,1322915,1314950,1348063,341594,1132650,2529947
hqc128,sphincs128s-sphincs128s-sphincs128s,1322912,1314941,1339619,361075,1152196,2541887
hqc128,sphincs128s-sphincs128s-sphincs128s,1322859,1314921,1382973,334292,1126017,2558499
hqc128,sphincs128s-sphincs128s-sphincs128s,1322904,1314934,1350932,346421,1137813,2617351
hqc128,sphincs128s-sphincs128s-sphincs128s,1322895,1314967,1340428,370805,1162519,2551113
hqc128,sphincs128s-sphincs128s-sphincs128s,1322891,1314938,1340051,356224,1146160,2539252
hqc128,sphincs128s-sphincs128s-sphincs128s,1322899,1314938,1349191,370817,1161974,2565713
hqc128,sphincs128s-sphincs128s-sphincs128s,1322907,1314951,1372522,339145,1129161,2550959
hqc128,sphincs128s-sphincs128s-sphincs128s,1322856,1314938,1343793,324562,1116358,2511945
hqc128,sphincs128s-sphincs128s-sphincs128s,1322872,1314976,1363895,331845,1121480,2540349
hqc128,sphincs128s-sphincs128s-sphincs128s,1322910,1314944,1339727,336728,1125636,2515012
hqc128,sphincs128s-sphincs128s-sphincs128s,1322892,1314957,1342918,353773,1144944,2570741
hqc128,sphincs128s-sphincs128s-sphincs128s,1322869,1314930,1338917,339175,1130366,2544033
hqc128,sphincs128s-sphincs128s-sphincs128s,1322864,1314918,1342197,375651,1166717,2560031
hqc128,sphincs128s-sphincs128s-sphincs128s,1322967,1314946,1339644,326970,1116415,2511960
hqc128,sphincs128s-sphincs128s-sphincs128s,1322901,1314933,1341501,344044,1134008,2525995
hqc128,sphincs128s-sphincs128s-sphincs128s,1322885,1314956,1339780,351334,1142843,2532309
hqc128,sphincs128s-sphincs128s-sphincs128s,1322880,1314954,1340342,361091,1152065,2544391
hqc128,sphincs128s-sphincs128s-sphincs128s,1322958,1314973,1338920,331846,1123620,2523023
hqc128,sphincs128s-sphincs128s-sphincs128s,1322907,1314955,1339031,331860,1123096,2514024
hqc128,sphincs128s-sphincs128s-sphincs128s,1322861,1314932,1343898,334275,1125678,2524669
hqc128,sphincs128s-sphincs128s-sphincs128s,1322918,1314943,1348059,344031,1135599,2564022
hqc128,sphincs128s-sphincs128s-sphincs128s,1322838,1314948,1340304,358624,1148119,2538542
hqc128,sphincs128s-sphincs128s-sphincs128s,1322844,1314935,1338699,339181,1128729,2516372
hqc128,sphincs128s-sphincs128s-sphincs128s,1322907,1314950,1348208,363489,1155190,2556482
hqc128,sphincs128s-sphincs128s-sphincs128s,1322890,1314936,1339672,378087,1167765,2558645
hqc128,sphincs128s-sphincs128s-sphincs128s,1322884,1314941,1342697,351323,1143088,2537105
hqc128,sphincs128s-sphincs128s-sphincs128s,1322879,1314936,1345134,358634,1150438,2545066
hqc128,sphincs128s-sphincs128s-sphincs128s,1322889,1314943,1344889,356205,1147267,2541239
hqc128,sphincs128s-sphincs128s-sphincs128s,1322927,1314933,1340755,329412,1120490,2583697
hqc128,sphincs128s-sphincs128s-sphincs128s,1322892,1314956,1342178,378099,1167720,2559888
hqc128,sphincs128s-sphincs128s-sphincs128s,1322834,1314920,1343337,344012,1133570,2540800
hqc128,sphincs128s-sphincs128s-sphincs128s,1322946,1314962,1343213,368352,1159417,2553248
hqc128,sphincs128s-sphincs128s-sphincs128s,1322941,1314966,1360356,348893,1140367,2561451
hqc128,sphincs128s-sphincs128s-sphincs128s,1322911,1314953,1339094,346449,1138362,2527915
hqc128,sphincs128s-sphincs128s-sphincs128s,1322890,1314969,1340577,344037,1135314,2526219
hqc128,sphincs128s-sphincs128s-sphincs128s,1322873,1314943,1345995,375681,1166937,2562843
hqc128,sphincs128s-sphincs128s-sphincs128s,1322908,1314952,1341647,341595,1132633,2526653
hqc128,sphincs128s-sphincs128s-sphincs128s,1322884,1314963,1342601,329396,1120467,2533942
hqc128,sphincs128s-sphincs128s-sphincs128s,1322875,1314930,1344257,334293,1125347,2538751
hqc128,sphincs128s-sphincs128s-sphincs128s,1322878,1314929,1340573,324540,1116124,2506700
hqc128,sphincs128s-sphincs128s-sphincs128s,1322888,1314953,1339133,331827,1123518,2512141
hqc128,sphincs128s-sphincs128s-sphincs128s,1322893,1314939,1340735,356187,1148056,2537210
hqc128,sphincs128s-sphincs128s-sphincs128s,1322919,1314936,1349543,344012,1135243,2535011
hqc128,sphincs128s-sphincs128s-sphincs128s,1322870,1314927,1339836,363487,1155367,2545666
hqc128,sphincs128s-sphincs128s-sphincs128s,1322898,1314947,1339323,344018,1135517,2523880
hqc128,sphincs128s-sphincs128s-sphincs128s,1322925,1314943,1365756,324522,1115660,2534795
hqc128,sphincs128s-sphincs128s-sphincs128s,1322877,1314952,1339589,370794,1160701,2550290
hqc128,sphincs128s-sphincs128s-sphincs128s,1322869,1314935,1339792,331835,1123733,2512592
hqc128,sphincs128s-sphincs128s-sphincs128s,1322874,1314936,1339268,361087,1152994,2543681
hqc128,sphincs128s-sphincs128s-sphincs128s,1322875,1314932,1338805,348871,1140152,2580826
hqc128,sphincs128s-sphincs128s-sphincs128s,1322866,1314925,1341162,319689,1111191,2501363
hqc128,sphincs128s-sphincs128s-sphincs128s,1322861,1314933,1349874,339137,1130967,2530309
hqc128,sphincs128s-sphincs128s-sphincs128s,1322932,1314957,1342276,363492,1154941,2546908
hqc128,sphincs128s-sphincs128s-sphincs128s,1322905,1314917,1340311,363500,1154738,2545446
hqc128,sphincs128s-sphincs128s-sphincs128s,1322894,1314926,1339355,336732,1128361,2519523
hqc128,sphincs128s-sphincs128s-sphincs128s,1322873,1314947,1343729,353772,1145423,2539420
hqc128,sphincs128s-sphincs128s-sphincs128s,1322931,1314939,1343713,361061,1152636,2545298
hqc128,sphincs128s-sphincs128s-sphincs128s,1322897,1314963,1340005,339147,1130806,2522533
hqc128,sphincs128s-sphincs128s-sphincs128s,1322897,1314937,1348121,361099,1152986,2553613
hqc128,sphincs128s-sphincs128s-sphincs128s,1322904,1314948,1339889,356191,1147314,2536968
hqc128,sphincs128s-sphincs128s-sphincs128s,1322924,1314953,1342111,353778,1145628,2539375
hqc128,sphincs128s-sphincs128s-sphincs128s,1322905,1314966,1338231,351340,1142595,2534644
hqc128,sphincs128s-sphincs128s-sphincs128s,1322875,1314943,1339746,324538,1114455,2503695
hqc128,sphincs128s-sphincs128s-sphincs128s,1322875,1314951,1339502,346468,1137475,2528168
hqc128,sphincs128s-sphincs128s-sphincs128s,1322862,1314927,1338778,346477,1138139,2530528
hqc128,sphincs128s-sphincs128s-sphincs128s,1322855,1314927,1339643,363490,1155380,2544971
hqc128,sphincs128s-sphincs128s-sphincs128s,1322901,1314966,1342146,363499,1154734,2547137
hqc128,sphincs128s-sphincs128s-sphincs128s,1322891,1314933,1339337,351346,1141370,2540606
hqc128,sphincs128s-sphincs128s-sphincs128s,1322944,1314961,1340228,344016,1135306,2525414
hqc128,sphincs128s-sphincs128s-sphincs128s,1322912,1314954,1337711,356226,1145292,2542692
hqc128,sphincs128s-sphincs128s-sphincs128s,1322897,1314938,1347506,348880,1140508,2550134
hqc128,sphincs128s-sphincs128s-sphincs128s,1322853,1314919,1346383,329385,1118289,2522387
hqc128,sphincs128s-sphincs128s-sphincs128s,1322887,1314953,1341331,373229,1164931,2560064
hqc128,sphincs128s-sphincs128s-sphincs128s,1322881,1314950,1342711,331845,1123537,2519336
hqc128,sphincs128s-sphincs128s-sphincs128s,1322924,1314955,1339710,348912,1140662,2529252
hqc128,sphincs128s-sphincs128s-sphincs128s,1322909,1314954,1354951,356198,1145234,2550014
hqc128,sphincs128s-sphincs128s-sphincs128s,1322897,1314951,1343828,351329,1142501,2545200
hqc128,sphincs128s-sphincs128s-sphincs128s,1322846,1314912,1347740,324579,1116300,2532515
hqc128,sphincs128s-sphincs128s-sphincs128s,1322888,1314927,1345776,363498,1155028,2565012
hqc128,sphincs128s-sphincs128s-sphincs128s,1322903,1314944,1340611,346442,1137913,2528194
hqc128,sphincs128s-sphincs128s-sphincs128s,1322851,1314926,1340878,365929,1157733,2548232
hqc128,sphincs128s-sphincs128s-sphincs128s,1322907,1314956,1339741,363506,1154701,2548433
hqc128,sphincs128s-sphincs128s-sphincs128s,1322860,1314945,1339438,348906,1139823,2541089
hqc128,sphincs128s-sphincs128s-sphincs128s,1322861,1314930,1339414,373245,1164479,2564811
hqc128,sphincs128s-sphincs128s-sphincs128s,1322875,1314933,1338676,351329,1142948,2534271
hqc128,sphincs128s-sphincs128s-sphincs128s,1322933,1314947,1340300,346447,1138298,2528905
hqc128,sphincs128s-sphincs128s-sphincs128s,1322857,1314949,1352123,363515,1155359,2565882
hqc128,sphincs128s-sphincs128s-sphincs128s,1322839,1314938,1337260,358620,1147669,2534766
hqc128,sphincs128s-sphincs128s-sphincs128s,1322914,1314931,1339560,351330,1143030,2531510
hqc128,sphincs128s-sphincs128s-sphincs128s,1322914,1314959,1337749,356206,1145070,2531266
hqc128,sphincs128s-sphincs128s-sphincs128s,1322856,1314935,1341023,348904,1138867,2530786
hqc128,sphincs128s-sphincs128s-sphincs128s,1322872,1314962,1340631,344025,1135198,2525401
hqc128,sphincs128s-sphincs128s-sphincs128s,1322889,1314933,1339482,375670,1167393,2556178
hqc128,sphincs128s-sphincs128s-sphincs128s,1322879,1314933,1340192,363499,1155060,2543712
hqc128,sphincs128s-sphincs128s-sphincs128s,1322860,1314931,1339836,356167,1146028,2536637
hqc128,sphincs128s-sphincs128s-sphincs128s,1322869,1314922,1341426,356197,1147713,2540827
hqc128,sphincs128s-sphincs128s-sphincs128s,1322890,1314939,1339818,344018,1135878,2526004
hqc128,sphincs128s-sphincs128s-sphincs128s,1322867,1314924,1339172,358617,1150304,2541184
hqc128,sphincs128s-sphincs128s-sphincs128s,1322874,1314938,1338940,348868,1138694,2527627
hqc128,sphincs128s-sphincs128s-sphincs128s,1322872,1314966,1340516,361078,1152270,2543583
hqc128,sphincs128s-sphincs128s-sphincs128s,1322872,1314939,1337692,351312,1142964,2530130
hqc128,sphincs128s-sphincs128s-sphincs128s,1322903,1314954,1340746,365944,1157116,2561220
hqc128,sphincs128s-sphincs128s-sphincs128s,1322866,1314933,1348643,356192,1148106,2546433
hqc128,sphincs128s-sphincs128s-sphincs128s,1322919,1314966,1337251,351315,1142997,2534971
hqc128,sphincs128s-sphincs128s-sphincs128s,1322908,1314942,1338512,346467,1138122,2526359
hqc128,sphincs128s-sphincs128s-sphincs128s,1322902,1314968,1370476,353769,1145099,2579736
hqc128,sphincs128s-sphincs128s-sphincs128s,1322902,1314933,1340921,341593,1133003,2551664
hqc128,sphincs128s-sphincs128s-sphincs128s,1322914,1314946,1342593,351319,1143158,2537665
hqc128,sphincs128s-sphincs128s-sphincs128s,1322848,1314929,1339090,339144,1130870,2518725
hqc128,sphincs128s-sphincs128s-sphincs128s,1322847,1314916,1340648,361048,1152635,2542724
hqc128,sphincs128s-sphincs128s-sphincs128s,1322864,1314928,1338870,326981,1118175,2506151
hqc128,sphincs128s-sphincs128s-sphincs128s,1322883,1314924,1339254,344021,1135041,2527914
hqc128,sphincs128s-sphincs128s-sphincs128s,1322947,1314969,1338974,361057,1152879,2542911
hqc128,sphincs128s-sphincs128s-sphincs128s,1322914,1314963,1341001,361094,1152598,2542443
hqc128,sphincs128s-sphincs128s-sphincs128s,1322935,1314930,1371711,341596,1133416,2558439
hqc128,sphincs128s-sphincs128s-sphincs128s,1322902,1314940,1335965,368371,1159411,2544989
hqc128,sphincs128s-sphincs128s-sphincs128s,1322861,1314935,1335442,346437,1138058,2522715
hqc128,sphincs128s-sphincs128s-sphincs128s,1322922,1314941,1339740,341603,1133231,2522228
hqc128,sphincs128s-sphincs128s-sphincs128s,1322869,1314934,1341743,341602,1132734,2523403
hqc128,sphincs128s-sphincs128s-sphincs128s,1322856,1314936,1341999,326999,1118677,2512183
hqc128,sphincs128s-sphincs128s-sphincs128s,1322928,1314939,1340928,363493,1154939,2546352
hqc128,sphincs128s-sphincs128s-sphincs128s,1322876,1314953,1339341,380522,1172003,2560805
hqc128,sphincs128s-sphincs128s-sphincs128s,1322872,1314926,1344455,370790,1162165,2556543
hqc128,sphincs128s-sphincs128s-sphincs128s,1322870,1314923,1348122,346450,1138057,2556244
hqc128,sphincs128s-sphincs128s-sphincs128s,1322905,1314943,1342149,365909,1157627,2549231
hqc128,sphincs128s-sphincs128s-sphincs128s,1322894,1314938,1336974,365947,1157139,2543324
hqc128,sphincs128s-sphincs128s-sphincs128s,1322861,1314953,1343403,351323,1142938,2536313
hqc128,sphincs128s-sphincs128s-sphincs128s,1322871,1314927,1338798,358622,1149769,2542624
hqc128,sphincs128s-sphincs128s-sphincs128s,1323276,1314967,1340155,356185,1148056,2540128
hqc128,sphincs128s-sphincs128s-sphincs128s,1322864,1314943,1340949,353741,1145488,2535404
hqc128,sphincs128s-sphincs128s-sphincs128s,1322860,1314937,1338846,341573,1131176,2519207
hqc128,sphincs128s-sphincs128s-sphincs128s,1322857,1314942,1341454,370824,1162314,2558705
hqc128,sphincs128s-sphincs128s-sphincs128s,1322873,1314951,1337097,363501,1155195,2545533
hqc128,sphincs128s-sphincs128s-sphincs128s,1322850,1314934,1346462,363521,1155346,2551597
hqc128,sphincs128s-sphincs128s-sphincs128s,1322891,1314967,1342313,346466,1138246,2530313
hqc128,sphincs128s-sphincs128s-sphincs128s,1322862,1314922,1340645,368358,1160001,2549950
hqc128,sphincs128s-sphincs128s-sphincs128s,1322916,1314951,1361682,358628,1150412,2562939
hqc128,sphincs128s-sphincs128s-sphincs128s,1322889,1314954,1336476,344026,1135116,2524230
hqc128,sphincs128s-sphincs128s-sphincs128s,1322913,1314958,1358205,348888,1140623,2549405
hqc128,sphincs128s-sphincs128s-sphincs128s,1322932,1314935,1354241,358652,1150134,2584173
hqc128,sphincs128s-sphincs128s-sphincs128s,1322873,1314951,1338763,344003,1135755,2559866
hqc128,sphincs128s-sphincs128s-sphincs128s,1322887,1314935,1346180,353749,1143303,2539508
hqc128,sphincs128s-sphincs128s-sphincs128s,1322919,1314955,1340539,331858,1121713,2513050
hqc128,sphincs128s-sphincs128s-sphincs128s,1322872,1314936,1354872,370790,1162472,2593105
hqc128,sphincs128s-sphincs128s-sphincs128s,1322882,1314955,1339153,363496,1155057,2543001
hqc128,sphincs128s-sphincs128s-sphincs128s,1322880,1314928,1341065,361067,1152407,2543192
hqc128,sphincs128s-sphincs128s-sphincs128s,1322944,1314947,1339283,348862,1137693,2525932
hqc128,sphincs128s-sphincs128s-sphincs128s,1322917,1314941,1362900,348885,1140301,2552853
hqc128,sphincs128s-sphincs128s-sphincs128s,1322878,1314939,1351994,344003,1135158,2551419
hqc128,sphincs128s-sphincs128s-sphincs128s,1322853,1314937,1338461,353756,1144976,2532726
hqc128,sphincs128s-sphincs128s-sphincs128s,1322869,1314919,1346148,344030,1135673,2535825
hqc128,sphincs128s-sphincs128s-sphincs128s,1322885,1314952,1339624,361054,1150689,2543788
hqc128,sphincs128s-sphincs128s-sphincs128s,1322905,1314948,1337853,351288,1142979,2532944
hqc128,sphincs128s-sphincs128s-sphincs128s,1322938,1314941,1348981,361075,1153142,2555191
hqc128,sphincs128s-sphincs128s-sphincs128s,1322912,1314931,1339688,341577,1132987,2532577
hqc128,sphincs128s-sphincs128s-sphincs128s,1322880,1314942,1342373,346492,1137581,2528063
hqc128,sphincs128s-sphincs128s-sphincs128s,1322857,1314927,1339733,331838,1123557,2512541
hqc128,sphincs128s-sphincs128s-sphincs128s,1322882,1314929,1349398,348927,1138621,2539174
hqc128,sphincs128s-sphincs128s-sphincs128s,1322912,1314954,1340531,344008,1133442,2526513
hqc128,sphincs128s-sphincs128s-sphincs128s,1322891,1314934,1341961,341582,1132874,2527529
hqc128,sphincs128s-sphincs128s-sphincs128s,1322894,1314932,1343174,365942,1157116,2550499
hqc128,sphincs128s-sphincs128s-sphincs128s,1322901,1314967,1339713,344010,1135809,2528045
hqc128,sphincs128s-sphincs128s-sphincs128s,1322852,1314949,1340802,358615,1150348,2541295
hqc128,sphincs128s-sphincs128s-sphincs128s,1322867,1314935,1351267,351306,1142768,2542882
hqc128,sphincs128s-sphincs128s-sphincs128s,1322928,1314947,1336825,344018,1135427,2526212
hqc128,sphincs128s-sphincs128s-sphincs128s,1322909,1314963,1340560,353724,1145429,2534355
hqc128,sphincs128s-sphincs128s-sphincs128s,1322837,1314941,1502229,358603,1150237,2702545
hqc128,sphincs128s-sphincs128s-sphincs128s,1322845,1314945,1340496,346498,1137660,2526664
hqc128,sphincs128s-sphincs128s-sphincs128s,1323243,1314969,1340999,334293,1125978,2515239
hqc128,sphincs128s-sphincs128s-sphincs128s,1322875,1314948,1339546,334305,1126067,2513545
hqc128,sphincs128s-sphincs128s-sphincs128s,1322879,1314945,1342319,339159,1130868,2523654
hqc128,sphincs128s-sphincs128s-sphincs128s,1322828,1314919,1340291,326984,1118513,2507237
hqc128,sphincs128s-sphincs128s-sphincs128s,1322873,1314924,1342113,375655,1167431,2560962
hqc128,sphincs128s-sphincs128s-sphincs128s,1322825,1314953,1338842,339164,1130926,2522366
hqc128,sphincs128s-sphincs128s-sphincs128s,1322818,1314914,1342501,353772,1145034,2538119
hqc128,sphincs128s-sphincs128s-sphincs128s,1322866,1314950,1339044,344005,1136312,2526238
hqc128,sphincs128s-sphincs128s-sphincs128s,1322836,1314956,1337867,348896,1140748,2531660
hqc128,sphincs128s-sphincs128s-sphincs128s,1322853,1314944,1339274,356183,1147755,2536318
hqc128,sphincs128s-sphincs128s-sphincs128s,1322845,1314958,1340705,344032,1135692,2526825
hqc128,sphincs128s-sphincs128s-sphincs128s,1322858,1314957,1337156,356184,1147756,2537796
hqc128,sphincs128s-sphincs128s-sphincs128s,1322895,1314942,1341321,339148,1130917,2523611
hqc128,sphincs128s-sphincs128s-sphincs128s,1322862,1314923,1342039,329429,1119238,2514068
hqc128,sphincs128s-sphincs128s-sphincs128s,1322857,1314934,1337639,351350,1142488,2534414
hqc128,sphincs128s-sphincs128s-sphincs128s,1322821,1314927,1341711,356190,1147963,2538121
hqc128,sphincs128s-sphincs128s-sphincs128s,1322852,1314940,1344335,329427,1121136,2515568
hqc128,sphincs128s-sphincs128s-sphincs128s,1322910,1314950,1339965,346465,1137578,2527142
hqc128,sphincs128s-sphincs128s-sphincs128s,1322894,1314935,1354154,361070,1150064,2554450
hqc128,sphincs128s-sphincs128s-sphincs128s,1322845,1314929,1340728,368372,1159595,2550052
hqc128,sphincs128s-sphincs128s-sphincs128s,1322788,1314924,1351066,358617,1150032,2554090
hqc128,sphincs128s-sphincs128s-sphincs128s,1322853,1314931,1339368,346445,1135890,2524788
hqc128,sphincs128s-sphincs128s-sphincs128s,1322834,1314928,1339447,361049,1152221,2542013
hqc128,sphincs128s-sphincs128s-sphincs128s,1322860,1314960,1340716,356170,1147307,2537687
hqc128,sphincs128s-sphincs128s-sphincs128s,1322828,1314930,1342238,356185,1147563,2538146
hqc128,sphincs128s-sphincs128s-sphincs128s,1322868,1314955,1342765,346467,1137638,2532112
hqc128,sphincs128s-sphincs128s-sphincs128s,1322801,1314923,1338564,344009,1135674,2524080
hqc128,sphincs128s-sphincs128s-sphincs128s,1322838,1314950,1338834,370810,1162379,2550767
hqc128,sphincs128s-sphincs128s-sphincs128s,1322835,1314936,1350050,353739,1143699,2543542
hqc128,sphincs128s-sphincs128s-sphincs128s,1322810,1314930,1340244,351344,1142736,2534758
hqc128,sphincs128s-sphincs128s-sphincs128s,1323468,1314948,1342630,356201,1147638,2538322
hqc128,sphincs128s-sphincs128s-sphincs128s,1322894,1314951,1339529,351340,1143051,2534130
hqc128,sphincs128s-sphincs128s-sphincs128s,1322909,1314956,1338593,317215,1108944,2498304
hqc128,sphincs128s-sphincs128s-sphincs128s,1322832,1314937,1339374,361087,1152422,2540797
hqc128,sphincs128s-sphincs128s-sphincs128s,1322819,1314915,1347188,363491,1155178,2551904
hqc128,sphincs128s-sphincs128s-sphincs128s,1322821,1314927,1341038,373224,1164355,2583639
hqc128,sphincs128s-sphincs128s-sphincs128s,1322851,1314944,1338501,353777,1144967,2537051
hqc128,sphincs128s-sphincs128s-sphincs128s,1322859,1314955,1352919,336709,1128570,2531531
hqc128,sphincs128s-sphincs128s-sphincs128s,1322792,1314930,1339673,336720,1128422,2519548
hqc128,sphincs128s-sphincs128s-sphincs128s,1322928,1314961,1340202,361070,1152711,2542870
hqc128,sphincs128s-sphincs128s-sphincs128s,1322855,1314935,1341769,344039,1135159,2528567
hqc128,sphincs128s-sphincs128s-sphincs128s,1322844,1314955,1341369,353760,1143555,2536961
hqc128,sphincs128s-sphincs128s-sphincs128s,1322862,1314932,1342283,344007,1135471,2548682
hqc128,sphincs128s-sphincs128s-sphincs128s,1322898,1314982,1349460,353782,1143702,2542076
hqc128,sphincs128s-sphincs128s-sphincs128s,1322820,1314923,1340288,351313,1142699,2536160
hqc128,sphincs128s-sphincs128s-sphincs128s,1322832,1314924,1359726,363505,1154880,2578813
hqc128,sphincs128s-sphincs128s-sphincs128s,1322891,1314953,1339624,336689,1127935,2592198
hqc128,sphincs128s-sphincs128s-sphincs128s,1322885,1314956,1347122,351317,1143190,2538500
hqc128,sphincs128s-sphincs128s-sphincs128s,1322909,1314983,1340137,365915,1157616,2559330
hqc128,sphincs128s-sphincs128s-sphincs128s,1322794,1314936,1339475,341620,1133002,2523220
hqc128,sphincs128s-sphincs128s-sphincs128s,1322875,1314947,1343178,370821,1162670,2558149
hqc128,sphincs128s-sphincs128s-sphincs128s,1323497,1314979,1356988,356175,1148127,2553239
hqc128,sphincs128s-sphincs128s-sphincs128s,1322824,1314951,1340498,358657,1149967,2542061
hqc128,sphincs128s-sphincs128s-sphincs128s,1322827,1314932,1342592,373236,1164824,2556917
hqc128,sphincs128s-sphincs128s-sphincs128s,1322902,1314968,1337592,348870,1140358,2531422
hqc128,sphincs128s-sphincs128s-sphincs128s,1322858,1314933,1340868,341596,1133268,2524378
hqc128,sphincs128s-sphincs128s-sphincs128s,1322794,1314908,1356210,334294,1125617,2531612
hqc128,sphincs128s-sphincs128s-sphincs128s,1322862,1314960,1339989,356208,1147401,2537460
hqc128,sphincs128s-sphincs128s-sphincs128s,1322851,1314927,1348622,336715,1127883,2525616
hqc128,sphincs128s-sphincs128s-sphincs128s,1322827,1314939,1339097,329406,1120879,2509155
hqc128,sphincs128s-sphincs128s-sphincs128s,1322881,1314935,1339694,346454,1137548,2530737
hqc128,sphincs128s-sphincs128s-sphincs128s,1322883,1314938,1346736,356195,1147913,2545232
hqc128,sphincs128s-sphincs128s-sphincs128s,1322840,1314932,1340736,363485,1154652,2548865
hqc128,sphincs128s-sphincs128s-sphincs128s,1322815,1314931,1335351,331818,1123499,2507820
hqc128,sphincs128s-sphincs128s-sphincs128s,1322881,1314951,1345906,351292,1142810,2541914
hqc128,sphincs128s-sphincs128s-sphincs128s,1322810,1314928,1341020,329424,1121058,2517712
hqc128,sphincs128s-sphincs128s-sphincs128s,1322840,1314942,1340547,356192,1147929,2538157
hqc128,sphincs128s-sphincs128s-sphincs128s,1322822,1314927,1339065,363491,1154575,2543697
hqc128,sphincs128s-sphincs128s-sphincs128s,1322860,1314929,1391316,353767,1143707,2583905
hqc128,sphincs128s-sphincs128s-hqc128,1322985,1314986,1341126,663891,1519588,2913695
hqc128,sphincs128s-sphincs128s-hqc128,1322902,1314940,1348274,663903,1481686,2882015
hqc128,sphincs128s-sphincs128s-hqc128,1322906,1314948,1343472,663837,1523253,2918668
hqc128,sphincs128s-sphincs128s-hqc128,1322863,1314962,1342821,663933,1516727,2920146
hqc128,sphincs128s-sphincs128s-hqc128,1322908,1314940,1341758,663951,1517400,2913349
hqc128,sphincs128s-sphincs128s-hqc128,1322908,1314946,1339560,663877,1497217,2982759
hqc128,sphincs128s-sphincs128s-hqc128,1322932,1314957,1345411,663869,1477309,2882206
hqc128,sphincs128s-sphincs128s-hqc128,1322910,1314953,1339239,663876,1516705,2908577
hqc128,sphincs128s-sphincs128s-hqc128,1322965,1314948,1345517,663901,1516299,2914254
hqc128,sphincs128s-sphincs128s-hqc128,1322901,1314976,1336842,663892,1517458,2910284
hqc128,sphincs128s-sphincs128s-hqc128,1322869,1314935,1344902,663908,1515651,2913182
hqc128,sphincs128s-sphincs128s-hqc128,1322835,1314929,1340012,663918,1515673,2908420
hqc128,sphincs128s-sphincs128s-hqc128,1322901,1314956,1346027,663907,1476032,2883754
hqc128,sphincs128s-sphincs128s-hqc128,1322840,1314924,1340344,663907,1583689,2976613
hqc128,sphincs128s-sphincs128s-hqc128,1322875,1314925,1358828,663828,1483693,2895106
hqc128,sphincs128s-sphincs128s-hqc128,1322930,1314951,1420342,663964,1482389,2955211
hqc128,sphincs128s-sphincs128s-hqc128,1322884,1314952,1369072,663869,1516151,2939197
hqc128,sphincs128s-sphincs128s-hqc128,1322928,1314935,1344588,663888,1479418,2875912
hqc128,sphincs128s-sphincs128s-hqc128,1322887,1314949,1362780,663886,1486913,2913731
hqc128,sphincs128s-sphincs128s-hqc128,1322897,1314930,1337249,663895,1522083,2915291
hqc128,sphincs128s-sphincs128s-hqc128,1322896,1314937,1349180,663854,1520090,2921790
hqc128,sphincs128s-sphincs128s-hqc128,1322901,1314956,1337498,663849,1519606,2913109
hqc128,sphincs128s-sphincs128s-hqc128,1322896,1314958,1342007,663877,1476754,2874020
hqc128,sphincs128s-sphincs128s-hqc128,1322894,1314951,1347587,663870,1514930,2915334
hqc128,sphincs128s-sphincs128s-hqc128,1322819,1314899,1339133,663855,1515118,2908627
hqc128,sphincs128s-sphincs128s-hqc128,1322904,1314945,1371717,663936,1533584,2958614
hqc128,sphincs128s-sphincs128s-hqc128,1322890,1314959,1338944,663884,1476722,2873458
hqc128,sphincs128s-sphincs128s-hqc128,1322883,1314926,1341583,663929,1482037,2876446
hqc128,sphincs128s-sphincs128s-hqc128,1322916,1314948,1339149,663858,1519635,2913459
hqc128,sphincs128s-sphincs128s-hqc128,1322948,1314967,1339521,663848,1478683,2876261
hqc128,sphincs128s-sphincs128s-hqc128,1322901,1314945,1340366,663871,1477597,2871743
hqc128,sphincs128s-sphincs128s-hqc128,1322936,1314953,1342472,663893,1533988,2932095
hqc128,sphincs128s-sphincs128s-hqc128,1322912,1314970,1351152,663909,1517046,2920208
hqc128,sphincs128s-sphincs128s-hqc128,1322999,1314964,1341195,663948,1477488,2874406
hqc128,sphincs128s-sphincs128s-hqc128,1322895,1314959,1340576,663827,1516236,2909996
hqc128,sphincs128s-sphincs128s-hqc128,1322945,1314969,1346014,663830,1519222,2917788
hqc128,sphincs128s-sphincs128s-hqc128,1322890,1314947,1347365,663895,1519967,2926901
hqc128,sphincs128s-sphincs128s-hqc128,1322886,1314929,1353047,663934,1481313,2892099
hqc128,sphincs128s-sphincs128s-hqc128,1322948,1314964,1347268,663915,1560519,2962673
hqc128,sphincs128s-sphincs128s-hqc128,1322922,1314949,1339589,663904,1481379,2875420
hqc128,sphincs128s-sphincs128s-hqc128,1322854,1314950,1343755,663895,1515213,2922400
hqc128,sphincs128s-sphincs128s-hqc128,1322887,1314964,1369918,663870,1516958,2963165
hqc128,sphincs128s-sphincs128s-hqc128,1322867,1314932,1339841,663958,1517343,2926093
hqc128,sphincs128s-sphincs128s-hqc128,1322945,1314949,1345016,663903,1518610,2916677
hqc128,sphincs128s-sphincs128s-hqc128,1322843,1314933,1339864,663896,1515317,2909122
hqc128,sphincs128s-sphincs128s-hqc128,1322936,1314947,1340617,663928,1519460,2912515
hqc128,sphincs128s-sphincs128s-hqc128,1322862,1314929,1340378,663882,1531681,2936357
hqc128,sphincs128s-sphincs128s-hqc128,1322973,1314963,1346134,663909,1479023,2887260
hqc128,sphincs128s-sphincs128s-hqc128,1322851,1314923,1356123,663900,1548315,2961970
hqc128,sphincs128s-sphincs128s-hqc128,1322888,1314933,1345839,663877,1536237,2934640
hqc128,sphincs128s-sphincs128s-hqc128,1322892,1314954,1340967,663864,1492485,2887492
hqc128,sphincs128s-sphincs128s-hqc128,1322895,1314921,1385077,663880,1476946,3012744
hqc128,sphincs128s-sphincs128s-hqc128,1322855,1314958,1375052,663880,1531142,2974661
hqc128,sphincs128s-sphincs128s-hqc128,1322965,1314979,1359717,663886,1515385,2927096
hqc128,sphincs128s-sphincs128s-hqc128,1322850,1314940,1347360,663918,1539480,2938072
hqc128,sphincs128s-sphincs128s-hqc128,1322901,1314933,1376590,663988,1517817,2953879
hqc128,sphincs128s-sphincs128s-hqc128,1322868,1314948,1340130,663896,1477546,2869007
hqc128,sphincs128s-sphincs128s-hqc128,1322949,1314941,1349929,663917,1487520,2895146
hqc128,sphincs128s-sphincs128s-hqc128,1322848,1314953,1342537,663914,1529465,2929657
hqc128,sphincs128s-sphincs128s-hqc128,1322895,1314951,1341548,663906,1476252,2873329
hqc128,sphincs128s-sphincs128s-hqc128,1322840,1314913,1346715,663872,1516828,2923576
hqc128,sphincs128s-sphincs128s-hqc128,1322917,1314954,1339943,663892,1520334,2921492
hqc128,sphincs128s-sphincs128s-hqc128,1322852,1314938,1359998,663898,1546227,2957635
hqc128,sphincs128s-sphincs128s-hqc128,1322923,1314949,1358850,663880,1516041,2931881
hqc128,sphincs128s-sphincs128s-hqc128,1322858,1314944,1337819,663872,1476755,2903986
hqc128,sphincs128s-sphincs128s-hqc128,1322896,1314927,1340328,663859,1480772,2873732
hqc128,sphincs128s-sphincs128s-hqc128,1322857,1314950,1339766,663858,1479264,2871401
hqc128,sphincs128s-sphincs128s-hqc128,1322910,1314932,1342915,663873,1521692,2925396
hqc128,sphincs128s-sphincs128s-hqc128,1322906,1314962,1350152,663842,1519064,2936187
hqc128,sphincs128s-sphincs128s-hqc128,1322973,1314967,1347785,663900,1476372,2879995
hqc128,sphincs128s-sphincs128s-hqc128,1322846,1314936,1337981,663864,1523563,2917450
hqc128,sphincs128s-sphincs128s-hqc128,1322928,1314961,1347118,663837,1478535,2878205
hqc128,sphincs128s-sphincs128s-hqc128,1322846,1314918,1341111,663968,1528678,2923145
hqc128,sphincs128s-sphincs128s-hqc128,1322937,1314964,1339742,663928,1519189,2911871
hqc128,sphincs128s-sphincs128s-hqc128,1322900,1314963,1340662,663872,1515162,2912249
hqc128,sphincs128s-sphincs128s-hqc128,1322919,1314939,1341099,663913,1515958,2909469
hqc128,sphincs128s-sphincs128s-hqc128,1322870,1314947,1337770,663830,1477509,2872120
hqc128,sphincs128s-sphincs128s-hqc128,1322890,1314936,1339370,663947,1515222,2906085
hqc128,sphincs128s-sphincs128s-hqc128,1322892,1314956,1338163,663909,1522095,2917026
hqc128,sphincs128s-sphincs128s-hqc128,1322909,1314949,1341036,663867,1521992,2922500
hqc128,sphincs128s-sphincs128s-hqc128,1322895,1314945,1347199,663860,1518972,2922406
hqc128,sphincs128s-sphincs128s-hqc128,1322951,1314955,1348717,663887,1514859,2920075
hqc128,sphincs128s-sphincs128s-hqc128,1322843,1314956,1339593,663851,1523917,2917034
hqc128,sphincs128s-sphincs128s-hqc128,1322941,1314947,1348356,663886,1522620,2922733
hqc128,sphincs128s-sphincs128s-hqc128,1322883,1314959,1395805,663898,1517678,2984336
hqc128,sphincs128s-sphincs128s-hqc128,1322979,1314958,1342842,663878,1593710,2989606
hqc128,sphincs128s-sphincs128s-hqc128,1322914,1314949,1340947,663895,1513274,2937415
hqc128,sphincs128s-sphincs128s-hqc128,1322876,1314953,1356580,663907,1531677,2946773
hqc128,sphincs128s-sphincs128s-hqc128,1322905,1314927,1351833,663878,1517267,2927699
hqc128,sphincs128s-sphincs128s-hqc128,1322900,1314960,1363116,663832,1491550,2909237
hqc128,sphincs128s-sphincs128s-hqc128,1322955,1314957,1341432,663883,1538825,2935777
hqc128,sphincs128s-sphincs128s-hqc128,1322938,1314975,1346759,663911,1489812,2888620
hqc128,sphincs128s-sphincs128s-hqc128,1322884,1314952,1355341,663890,1522873,2937655
hqc128,sphincs128s-sphincs128s-hqc128,1322936,1314956,1436866,663877,1526088,3020508
hqc128,sphincs128s-sphincs128s-hqc128,1322924,1314970,1345718,663854,1482931,2881046
hqc128,sphincs128s-sphincs128s-hqc128,1322911,1314938,1350035,663865,1540722,2942896
hqc128,sphincs128s-sphincs128s-hqc128,1322832,1314927,1350595,663884,1531544,2941240
hqc128,sphincs128s-sphincs128s-hqc128,1322871,1314958,1341382,663917,1516580,2914144
hqc128,sphincs128s-sphincs128s-hqc128,1322937,1314967,1344958,663811,1481121,2880538
hqc128,sphincs128s-sphincs128s-hqc128,1322905,1314969,1339458,663897,1528924,2921126
hqc128,sphincs128s-sphincs128s-hqc128,1322907,1314945,1338569,663865,1519773,2916800
hqc128,sphincs128s-sphincs128s-hqc128,1322837,1314928,1361469,663918,1485435,2909550
hqc128,sphincs128s-sphincs128s-hqc128,1322914,1314948,1362266,663884,1518453,2941767
hqc128,sphincs128s-sphincs128s-hqc128,1322882,1314951,1355003,663825,1531247,2955904
hqc128,sphincs128s-sphincs128s-hqc128,1322908,1314924,1355812,663890,1522041,2931908
hqc128,sphincs128s-sphincs128s-hqc128,1322863,1314918,1346312,663891,1499776,2897257
hqc128,sphincs128s-sphincs128s-hqc128,1322889,1314945,1348427,663857,1531441,2949900
hqc128,sphincs128s-sphincs128s-hqc128,1322904,1314951,1391448,663929,1496364,2951648
hqc128,sphincs128s-sphincs128s-hqc128,1322925,1314956,1371719,663882,1528740,2972472
hqc128,sphincs128s-sphincs128s-hqc128,1322865,1314947,1354026,663923,1523921,2929858
hqc128,sphincs128s-sphincs128s-hqc128,1322934,1314952,1344564,663916,1519714,2916126
hqc128,sphincs128s-sphincs128s-hqc128,1322855,1314921,1344425,663883,1477294,2878493
hqc128,sphincs128s-sphincs128s-hqc128,1322878,1314935,1341058,663884,1477563,2874388
hqc128,sphincs128s-sphincs128s-hqc128,1322908,1314961,1366851,663858,1478228,2987724
hqc128,sphincs128s-sphincs128s-hqc128,1322920,1314944,1357183,663859,1552529,2962797
hqc128,sphincs128s-sphincs128s-hqc128,1322895,1314916,1339841,663854,1520179,2913467
hqc128,sphincs128s-sphincs128s-hqc128,1322908,1314968,1342628,663912,1563232,2958447
hqc128,sphincs128s-sphincs128s-hqc128,1322938,1314948,1350538,663903,1476690,2919791
hqc128,sphincs128s-sphincs128s-hqc128,1322843,1314916,1343986,663954,1494685,2891085
hqc128,sphincs128s-sphincs128s-hqc128,1322966,1314947,1359586,663854,1482901,2896505
hqc128,sphincs128s-sphincs128s-hqc128,1322912,1314978,6112591,663853,1537524,7794493
hqc128,sphincs128s-sphincs128s-hqc128,1322898,1314968,1352120,663873,1532300,3006191
hqc128,sphincs128s-sphincs128s-hqc128,1322910,1314969,1346239,663909,1519150,2922569
hqc128,sphincs128s-sphincs128s-hqc128,1322898,1314952,1342030,663920,1479746,2875884
hqc128,sphincs128s-sphincs128s-hqc128,1322913,1314927,1341497,663851,1517165,2913497
hqc128,sphincs128s-sphincs128s-hqc128,1322920,1314979,1349274,663905,1479119,2887023
hqc128,sphincs128s-sphincs128s-hqc128,1322910,1314963,1347180,663868,1520633,2924268
hqc128,sphincs128s-sphincs128s-hqc128,1322891,1314959,1349985,663857,1515442,2921896
hqc128,sphincs128s-sphincs128s-hqc128,1322948,1314981,1355251,663932,1530093,2936768
hqc128,sphincs128s-sphincs128s-hqc128,1322886,1314943,1354480,663905,1484262,2890829
hqc128,sphincs128s-sphincs128s-hqc128,1322914,1314969,1342861,663865,1515145,2914384
hqc128,sphincs128s-sphincs128s-hqc128,1322872,1314940,1338142,663895,1518587,2908918
hqc128,sphincs128s-sphincs128s-hqc128,1322910,1314931,1353476,663902,1518920,2931227
hqc128,sphincs128s-sphincs128s-hqc128,1322864,1314929,1358843,663907,1516156,2931990
hqc128,sphincs128s-sphincs128s-hqc128,1322911,1314949,1339453,663884,1515780,2908171
hqc128,sphincs128s-sphincs128s-hqc128,1322885,1314964,1339036,663926,1518800,2910890
hqc128,sphincs128s-sphincs128s-hqc128,1322906,1314943,1336741,663936,1506249,2900122
hqc128,sphincs128s-sphincs128s-hqc128,1322888,1314971,1342055,663925,1524143,2920973
hqc128,sphincs128s-sphincs128s-hqc128,1322917,1314952,1341850,663919,1516637,2927752
hqc128,sphincs128s-sphincs128s-hqc128,1322847,1314961,1342653,663857,1481282,2876293
hqc128,sphincs128s-sphincs128s-hqc128,1322922,1314949,1341341,663877,1516618,2922436
hqc128,sphincs128s-sphincs128s-hqc128,1322876,1314955,1341004,663916,1516782,2911891
hqc128,sphincs128s-sphincs128s-hqc128,1322915,1314952,1339355,663834,1515373,2910714
hqc128,sphincs128s-sphincs128s-hqc128,1322858,1314944,1339398,663874,1517068,2913469
hqc128,sphincs128s-sphincs128s-hqc128,1322872,1314926,1358894,663861,1516943,2927460
hqc128,sphincs128s-sphincs128s-hqc128,1322879,1314946,1350811,663876,1480195,2892614
hqc128,sphincs128s-sphincs128s-hqc128,1322916,1314941,1346198,663868,1492977,2893569
hqc128,sphincs128s-sphincs128s-hqc128,1322855,1314933,1341582,663958,1478081,2875824
hqc128,sphincs128s-sphincs128s-hqc128,1322930,1314946,1339550,663892,1515985,2911076
hqc128,sphincs128s-sphincs128s-hqc128,1322882,1314928,1341800,663861,1520339,2914051
hqc128,sphincs128s-sphincs128s-hqc128,1322937,1314944,1340910,663948,1479169,2878180
hqc128,sphincs128s-sphincs128s-hqc128,1322874,1314931,1374181,663904,1518866,2950191
hqc128,sphincs128s-sphincs128s-hqc128,1322910,1314964,1339064,663828,1476371,2869883
hqc128,sphincs128s-sphincs128s-hqc128,1322893,1314958,1339843,663896,1536267,2928695
hqc128,sphincs128s-sphincs128s-hqc128,1322867,1314908,1341912,663913,1479356,2878960
hqc128,sphincs128s-sphincs128s-hqc128,1322904,1314951,1340702,663927,1519509,2922329
hqc128,sphincs128s-sphincs128s-hqc128,1322897,1314950,1341911,663853,1480618,2876685
hqc128,sphincs128s-sphincs128s-hqc128,1322901,1314937,1344821,663900,1515265,2915099
hqc128,sphincs128s-sphincs128s-hqc128,1322949,1314956,1339938,663834,1496774,2890011
hqc128,sphincs128s-sphincs128s-hqc128,1322862,1314966,1341381,663919,1535548,2932113
hqc128,sphincs128s-sphincs128s-hqc128,1322926,1314952,1343813,663870,1478471,2877046
hqc128,sphincs128s-sphincs128s-hqc128,1322894,1314952,1341118,663866,1516751,2913764
hqc128,sphincs128s-sphincs128s-hqc128,1322938,1314946,1338580,663885,1515348,2906867
hqc128,sphincs128s-sphincs128s-hqc128,1322913,1314952,1348512,663863,1478705,2878147
hqc128,sphincs128s-sphincs128s-hqc128,1322891,1314930,1387594,663910,1522943,2963288
hqc128,sphincs128s-sphincs128s-hqc128,1322864,1314962,1339351,663910,1476340,2874271
hqc128,sphincs128s-sphincs128s-hqc128,1322893,1314949,1340125,663908,1496746,2895217
hqc128,sphincs128s-sphincs128s-hqc128,1322875,1314952,1340151,663912,1496880,2888571
hqc128,sphincs128s-sphincs128s-hqc128,1322894,1314946,1365980,663876,1519564,2938685
hqc128,sphincs128s-sphincs128s-hqc128,1323242,1314967,1340690,663863,1518170,2920472
hqc128,sphincs128s-sphincs128s-hqc128,1322914,1314945,1361916,663860,1516507,2931339
hqc128,sphincs128s-sphincs128s-hqc128,1322874,1314953,1339488,663928,1516607,2930234
hqc128,sphincs128s-sphincs128s-hqc128,1322929,1314937,1348557,663910,1543210,2947627
hqc128,sphincs128s-sphincs128s-hqc128,1322895,1314958,1354120,663832,1517046,2926039
hqc128,sphincs128s-sphincs128s-hqc128,1322916,1314941,1340524,663898,1516497,2917123
hqc128,sphincs128s-sphincs128s-hqc128,1322879,1314958,1344134,663863,1516098,2915846
hqc128,sphincs128s-sphincs128s-hqc128,1322941,1314952,1342138,663841,1521097,2917653
hqc128,sphincs128s-sphincs128s-hqc128,1322869,1314923,1430287,663902,1517477,3022195
hqc128,sphincs128s-sphincs128s-hqc128,1322930,1314944,1346398,663890,1521388,2920813
hqc128,sphincs128s-sphincs128s-hqc128,1322907,1314959,1342574,663873,1478193,2879016
hqc128,sphincs128s-sphincs128s-hqc128,1322911,1314960,1341247,663891,1476925,2919955
hqc128,sphincs128s-sphincs128s-hqc128,1322904,1314951,1341293,663899,1484947,2910897
hqc128,sphincs128s-sphincs128s-hqc128,1322890,1314938,1345221,663904,1531932,2929180
hqc128,sphincs128s-sphincs128s-hqc128,1322875,1314958,1338202,663839,1475729,2864874
hqc128,sphincs128s-sphincs128s-hqc128,1322910,1314944,1340401,663859,1523271,2919804
hqc128,sphincs128s-sphincs128s-hqc128,1322875,1314957,1341354,663879,1522171,2925603
hqc128,sphincs128s-sphincs128s-hqc128,1322885,1314945,1348272,663851,1515549,2920226
hqc128,sphincs128s-sphincs128s-hqc128,1322851,1314953,1339563,663901,1498155,2891860
hqc128,sphincs128s-sphincs128s-hqc128,1322912,1314959,1340529,663890,1518216,2910806
hqc128,sphincs128s-sphincs128s-hqc128,1322903,1314957,1341825,663870,1518993,2926123
hqc128,sphincs128s-sphincs128s-hqc128,1322865,1314939,1339968,663889,1480866,2874990
hqc128,sphincs128s-sphincs128s-hqc128,1322872,1314944,1343100,663873,1514209,2947318
hqc128,sphincs128s-sphincs128s-hqc128,1322935,1314953,1340184,663853,1477383,2870740
hqc128,sphincs128s-sphincs128s-hqc128,1322920,1314974,1339404,663894,1519473,2912577
hqc128,sphincs128s-sphincs128s-hqc128,1322900,1314949,1342417,663876,1518189,2912732
hqc128,sphincs128s-sphincs128s-hqc128,1322879,1314934,1343431,663953,1514684,2914171
hqc128,sphincs128s-sphincs128s-hqc128,1322945,1314941,1339536,663908,1517547,2908945
hqc128,sphincs128s-sphincs128s-hqc128,1322890,1314947,1338881,663879,1516840,2908160
hqc128,sphincs128s-sphincs128s-hqc128,1322932,1314955,1339053,663937,1528259,2920887
hqc128,sphincs128s-sphincs128s-hqc128,1322861,1314929,1343617,663897,1477134,2880802
hqc128,sphincs128s-sphincs128s-hqc128,1322917,1314958,1347619,663887,1547067,2952165
hqc128,sphincs128s-sphincs128s-hqc128,1322849,1314932,1354682,663881,1525632,2940026
hqc128,sphincs128s-sphincs128s-hqc128,1322982,1314964,1343938,663882,1528844,2926216
hqc128,sphincs128s-sphincs128s-hqc128,1322873,1314952,1339719,663961,1527577,2923796
hqc128,sphincs128s-sphincs128s-hqc128,1322932,1314960,1340820,663888,1504933,2907824
hqc128,sphincs128s-sphincs128s-hqc128,1322863,1314952,1340556,663937,1515474,2923055
hqc128,sphincs128s-sphincs128s-hqc128,1322951,1314971,1362666,663908,1517940,2934363
hqc128,sphincs128s-sphincs128s-hqc128,1322844,1314939,1344816,663887,1521488,2918592
hqc128,sphincs128s-sphincs128s-hqc128,1322949,1314950,1392407,663916,1481031,2926371
hqc128,sphincs128s-sphincs128s-hqc128,1322886,1314951,1341974,663866,1479373,2878360
hqc128,sphincs128s-sphincs128s-hqc128,1322967,1314969,1346678,663864,1515784,2918159
hqc128,sphincs128s-sphincs128s-hqc128,1322871,1314943,1344542,663848,1490576,2888539
hqc128,sphincs128s-sphincs128s-hqc128,1322973,1314983,1341122,663852,1550067,2944158
hqc128,sphincs128s-sphincs128s-hqc128,1322877,1314962,1341904,663908,1480073,2885404
hqc128,sphincs128s-sphincs128s-hqc128,1322913,1314962,1341990,663897,1477660,2871421
hqc128,sphincs128s-sphincs128s-hqc128,1322848,1314955,1339322,663894,1476883,2870722
hqc128,sphincs128s-sphincs128s-hqc128,1322910,1314914,1339716,663914,1516415,2909469
hqc128,sphincs128s-sphincs128s-hqc128,1322868,1314940,1350728,663896,1485930,2897372
hqc128,sphincs128s-sphincs128s-hqc128,1322882,1314902,1347851,663938,1570380,2991594
hqc128,sphincs128s-sphincs128s-hqc128,1322875,1314935,1342536,663854,1515271,2925770
hqc128,sphincs128s-sphincs128s-hqc128,1322897,1314956,1344739,663906,1517471,2913061
hqc128,sphincs128s-sphincs128s-hqc128,1322928,1314943,1341054,663843,1519349,2912481
hqc128,sphincs128s-sphincs128s-hqc128,1322911,1314958,1344748,663909,1522866,2933914
hqc128,sphincs128s-sphincs128s-hqc128,1322904,1314943,1341672,663929,1547077,2948443
hqc128,sphincs128s-sphincs128s-hqc128,1322824,1314929,1341417,663947,1522025,2916785
hqc128,sphincs128s-sphincs128s-hqc128,1322884,1314929,1341887,663916,1479486,2873318
hqc128,sphincs128s-sphincs128s-hqc128,1322848,1314931,1341047,663905,1519906,2914577
hqc128,sphincs128s-sphincs128s-hqc128,1322904,1314939,1354093,663905,1490534,2898143
hqc128,sphincs128s-sphincs128s-hqc128,1322871,1314959,1342536,663886,1517140,2913942
hqc128,sphincs128s-sphincs128s-hqc128,1322928,1314953,1349799,663940,1526090,2929289
hqc128,sphincs128s-sphincs128s-hqc128,1322871,1314925,1342816,663921,1534382,2931899
hqc128,sphincs128s-sphincs128s-hqc128,1322945,1314963,1341737,663853,1484383,2882121
hqc128,sphincs128s-sphincs128s-hqc128,1322877,1314952,1344487,663897,1481774,2878452
hqc128,sphincs128s-sphincs128s-hqc128,1322919,1314951,1340401,663895,1625198,3019881
hqc128,sphincs128s-sphincs128s-hqc128,1322953,1314966,1341068,663907,1476544,2870293
hqc128,sphincs128s-sphincs128s-hqc128,1322894,1314955,1337496,663871,1480230,2873729
hqc128,sphincs128s-sphincs128s-hqc128,1322922,1314953,1339477,663929,1532622,2927733
hqc128,sphincs128s-sphincs128s-hqc128,1322863,1314921,1341349,663932,1481948,2884775
hqc128,sphincs128s-sphincs128s-hqc128,1322869,1314925,1342885,663808,1539894,2937158
hqc128,sphincs128s-sphincs128s-hqc128,1322882,1314950,1356891,663796,1540246,2996657
hqc128,sphincs128s-sphincs128s-hqc128,1322922,1314929,1340056,663894,1509975,2907809
hqc128,sphincs128s-sphincs128s-hqc128,1322906,1314951,1339956,663894,1516273,2917548
hqc128,sphincs128s-sphincs128s-hqc128,1322938,1314963,1341811,663891,1517967,2915025
hqc128,sphincs128s-sphincs128s-hqc128,1322889,1314932,1342955,663874,1517625,2915946
hqc128,sphincs128s-sphincs128s-hqc128,1322920,1314951,1344052,663858,1514410,2921025
hqc128,sphincs128s-sphincs128s-hqc128,1322849,1314939,1343294,663879,1528716,2923338
hqc128,sphincs128s-sphincs128s-hqc128,1322900,1314948,1341066,663921,1549764,2944614
hqc128,sphincs128s-sphincs128s-hqc128,1322866,1314954,1343015,663955,1536210,2932244
hqc128,sphincs128s-sphincs128s-hqc128,1322931,1314947,1358758,663862,1518595,2933035
hqc128,sphincs128s-sphincs128s-hqc128,1322899,1314948,1343057,663855,1476824,2908737
hqc128,sphincs128s-sphincs128s-hqc128,1322940,1314953,1345994,663898,1506580,2917312
hqc128,sphincs128s-sphincs128s-hqc128,1322930,1314984,1340792,663886,1518185,2916991
hqc128,sphincs128s-sphincs128s-hqc128,1322910,1314921,1339910,663851,1516907,2913729
hqc128,sphincs128s-sphincs128s-hqc128,1322888,1314983,1344119,663895,1480654,2979348
hqc128,sphincs128s-sphincs128s-hqc128,1322919,1314985,1343677,663933,1479112,2879990
hqc128,sphincs128s-sphincs128s-hqc128,1322869,1314935,1339433,663853,1528112,2921385
hqc128,sphincs128s-sphincs128s-hqc128,1322923,1314948,1340914,663886,1514904,2910698
hqc128,sphincs128s-sphincs128s-hqc128,1322876,1314937,1340766,663898,1518721,2918411
hqc128,sphincs128s-sphincs128s-hqc128,1322910,1314949,1348127,663856,1558837,2962485
hqc128,sphincs128s-sphincs128s-hqc128,1322845,1314923,1381616,663896,1528194,2964028
hqc128,sphincs128s-sphincs128s-hqc128,1322902,1314931,1341182,663903,1517947,2914167
hqc128,sphincs128s-sphincs128s-hqc128,1322908,1314955,1357444,663988,1518740,2932242
hqc128,sphincs128s-sphincs128s-hqc128,1322968,1314984,1338881,663908,1517848,2912516
hqc128,sphincs128s-sphincs128s-hqc128,1322943,1314967,1343615,663912,1525697,2957287
hqc128,sphincs128s-sphincs128s-hqc128,1322889,1314915,1342422,663837,1517173,2914986
hqc128,sphincs128s-sphincs128s-hqc128,1322836,1314932,1339898,663918,1509318,2903814
hqc128,sphincs128s-sphincs128s-hqc128,1322912,1314923,1340676,663883,1518559,2912548
hqc128,sphincs128s-sphincs128s-hqc128,1322881,1314946,1343510,663885,1528515,2964922
hqc128,sphincs128s-sphincs128s-hqc128,1322910,1314945,1347109,663908,1517008,2932866
hqc128,sphincs128s-sphincs128s-hqc128,1322905,1314970,1343475,663912,1484296,2881926
hqc128,sphincs128s-sphincs128s-hqc128,1322885,1314929,1354878,663886,1518601,2929271
hqc128,sphincs128s-sphincs128s-hqc128,1322902,1314947,1338766,663884,1606921,3004204
hqc128,sphincs128s-sphincs128s-hqc128,1322892,1314963,1344655,663879,1486884,2890103
hqc128,sphincs128s-sphincs128s-hqc128,1322888,1314931,1352930,663894,1519943,2925889
hqc128,sphincs128s-sphincs128s-hqc128,1322863,1314941,1341259,663920,1481394,2877227
hqc128,sphincs128s-sphincs128s-hqc128,1322909,1314959,1342133,663869,1516850,2910913
hqc128,sphincs128s-sphincs128s-hqc128,1322857,1314906,1343079,663836,1478485,2875331
hqc128,sphincs128s-sphincs128s-hqc128,1322950,1314967,1340326,663887,1525299,2979028
hqc128,sphincs128s-sphincs128s-hqc128,1322876,1314968,1361993,663906,1518510,2968756
hqc128,sphincs128s-sphincs128s-hqc128,1322903,1314940,1354170,663872,1523777,2944413
hqc128,sphincs128s-sphincs128s-hqc128,1322880,1314954,1342675,663855,1531672,2945067
hqc128,sphincs128s-sphincs128s-hqc128,1322916,1314955,1351288,663865,1516882,2921253
hqc128,sphincs128s-sphincs128s-hqc128,1322857,1314945,1344620,663908,1481597,2885476
hqc128,sphincs128s-sphincs128s-hqc128,1322904,1314961,1348955,663869,1515272,2916935
hqc128,sphincs128s-sphincs128s-hqc128,1322883,1314938,1347550,663839,1526589,2928026
hqc128,sphincs128s-sphincs128s-hqc128,1322883,1314935,1363051,663883,1551599,2968637
hqc128,sphincs128s-sphincs128s-hqc128,1322869,1314955,1341058,663855,1573860,2967421
hqc128,sphincs128s-sphincs128s-hqc128,1322885,1314948,1348313,663874,1526695,2930224
hqc128,sphincs128s-sphincs128s-hqc128,1322938,1314942,1344744,663884,1538199,2936404
hqc128,sphincs128s-sphincs128s-hqc128,1322921,1314975,1342309,663916,1519279,2922273
hqc128,sphincs128s-sphincs128s-hqc128,1322923,1314961,1367360,663863,1476014,2902723
hqc128,sphincs128s-sphincs128s-hqc128,1322860,1314938,1341645,663898,1554229,2951181
hqc128,sphincs128s-sphincs128s-hqc128,1322901,1314922,1343069,663952,1481187,2875828
hqc128,sphincs128s-sphincs128s-hqc128,1322893,1314940,1359643,663902,1517156,2930943
hqc128,sphincs128s-sphincs128s-hqc128,1322956,1314972,1346281,663932,1521308,2921284
hqc128,sphincs128s-sphincs128s-hqc128,1322942,1314962,1354629,663865,1515698,2923301
hqc128,sphincs128s-sphincs128s-hqc128,1322864,1314948,1340778,663943,1525699,2925929
hqc128,sphincs128s-sphincs128s-hqc128,1322918,1314944,1341068,663915,1552438,2971257
hqc128,sphincs128s-sphincs128s-hqc128,1322908,1314957,1340890,663928,1527147,2926003
hqc128,sphincs128s-sphincs128s-hqc128,1322932,1314944,1356104,663958,1557584,2966526
hqc128,sphincs128s-sphincs128s-hqc128,1322864,1314921,1343053,663865,1476628,2880296
hqc128,sphincs128s-sphincs128s-hqc128,1322926,1314930,1340462,663874,1484726,2883802
hqc128,sphincs128s-sphincs128s-hqc128,1322885,1314934,1362930,663904,1482587,2902474
hqc128,sphincs128s-sphincs128s-hqc128,1322883,1314956,1345599,663897,1479895,2879235
hqc128,sphincs128s-sphincs128s-hqc128,1322868,1314937,1340214,663897,1515522,2908592
hqc128,sphincs128s-sphincs128s-hqc128,1322894,1314952,1339454,663877,1515382,2907485
hqc128,sphincs128s-sphincs128s-hqc128,1322902,1314944,1343826,663903,1567617,2965744
hqc128,sphincs128s-sphincs128s-hqc128,1322885,1314951,1442710,663880,1624617,3151009
hqc128,sphincs128s-sphincs128s-hqc128,1322913,1314960,1366636,663867,1720092,3223660
hqc128,sphincs128s-sphincs128s-hqc128,1322943,1314940,1375301,663907,1583016,3010287
hqc128,sphincs128s-sphincs128s-hqc128,1322916,1314977,1349424,663884,1522169,2924830
hqc128,sphincs128s-sphincs128s-hqc128,1322857,1314948,1342291,663884,1519273,2914904
hqc128,sphincs128s-sphincs128s-hqc128,1322965,1314951,1340373,663898,1476129,2869433
hqc128,sphincs128s-sphincs128s-hqc128,1322854,1314934,1341501,663898,1516290,2915402
hqc128,sphincs128s-sphincs128s-hqc128,1322936,1314954,1344656,663918,1518661,2918554
hqc128,sphincs128s-sphincs128s-hqc128,1322919,1314972,1349332,663881,1519426,2921781
hqc128,sphincs128s-sphincs128s-hqc128,1322890,1314925,1341778,663890,1531823,2930754
hqc128,sphincs128s-sphincs128s-hqc128,1322875,1314930,1343949,663885,1477329,2881250
hqc128,sphincs128s-sphincs128s-hqc128,1322950,1314968,1364090,663916,1477373,2896842
hqc128,sphincs128s-sphincs128s-hqc128,1322881,1314952,1342175,663849,1526507,2921543
hqc128,sphincs128s-sphincs128s-hqc128,1322903,1314938,1340842,663850,1520439,2914048
hqc128,sphincs128s-sphincs128s-hqc128,1322883,1314959,1353510,663902,1545385,2950299
hqc128,sphincs128s-sphincs128s-hqc128,1322970,1314963,1355099,663851,1513695,2926177
hqc128,sphincs128s-sphincs128s-hqc128,1322925,1314940,1372983,663929,1517153,2947025
hqc128,sphincs128s-sphincs128s-hqc128,1322921,1314958,1374376,663906,1519877,2950087
hqc128,sphincs128s-sphincs128s-hqc128,1322836,1314940,1346923,663901,1494496,2896326
hqc128,sphincs128s-sphincs128s-hqc128,1322908,1314933,1454569,663857,1658284,3174401
hqc128,sphincs128s-sphincs128s-hqc128,1322937,1314955,1341174,663876,1545986,2939627
hqc128,sphincs128s-sphincs128s-hqc128,1322922,1314957,1343652,663856,1524363,2923437
hqc128,sphincs128s-sphincs128s-hqc128,1322962,1314962,1344488,663919,1527008,2954560
hqc128,sphincs128s-sphincs128s-hqc128,1322906,1314940,1348974,663870,1503010,3017146
hqc128,sphincs128s-sphincs128s-hqc128,1322914,1314942,1338699,663877,1477465,2869222
hqc128,sphincs128s-sphincs128s-hqc128,1322874,1314913,1340162,663853,1480782,2872452
hqc128,sphincs128s-sphincs128s-hqc128,1322902,1314938,1338983,663911,1475200,2866549
hqc128,sphincs128s-sphincs128s-hqc128,1322918,1314982,1338981,663880,1525267,2963853
hqc128,sphincs128s-sphincs128s-hqc128,1322902,1314942,1342299,663915,1483529,2883271
hqc128,sphincs128s-sphincs128s-hqc128,1322875,1314936,1342491,663890,1514853,2912367
hqc128,sphincs128s-sphincs128s-hqc128,1322926,1314954,1339975,663868,1484166,2877244
hqc128,sphincs128s-sphincs128s-hqc128,1322906,1314949,1340139,663924,1523573,2918635
hqc128,sphincs128s-sphincs128s-hqc128,1322907,1314954,1352204,663885,1508299,2915196
hqc128,sphincs128s-sphincs128s-hqc128,1322879,1314944,1354620,663935,1476086,2883158
hqc128,sphincs128s-sphincs128s-hqc128,1322892,1314942,1347872,663863,1515617,2915136
hqc128,sphincs128s-sphincs128s-hqc128,1322886,1314952,1369735,663897,1478658,2899671
hqc128,sphincs128s-sphincs128s-hqc128,1322964,1314941,1339862,663885,1524008,2979445
hqc128,sphincs128s-sphincs128s-hqc128,1322879,1314948,1344210,663884,1485112,2895285
hqc128,sphincs128s-sphincs128s-hqc128,1322900,1314965,1354919,663845,1479764,2914632
hqc128,sphincs128s-sphincs128s-hqc128,1322837,1314912,1343887,663879,1532475,2933875
hqc128,sphincs128s-sphincs128s-hqc128,1322938,1314953,1380635,663927,1524353,2958321
hqc128,sphincs128s-sphincs128s-hqc128,1322866,1314946,1358967,663878,1532383,2949649
hqc128,sphincs128s-sphincs128s-hqc128,1322967,1314974,1342344,663877,1489911,2888909
hqc128,sphincs128s-sphincs128s-hqc128,1322932,1314972,1343255,663857,1517326,2913167
hqc128,sphincs128s-sphincs128s-hqc128,1322974,1314958,1345879,663853,1480010,2879139
hqc128,sphincs128s-sphincs128s-hqc128,1322891,1314931,1337283,663901,1530771,2925063
hqc128,sphincs128s-sphincs128s-hqc128,1322883,1314942,1341741,663906,1517475,2913973
hqc128,sphincs128s-sphincs128s-hqc128,1322854,1314931,1346415,663899,1497916,2897537
hqc128,sphincs128s-sphincs128s-hqc128,1322912,1314933,1349764,663925,1515083,2920995
hqc128,sphincs128s-sphincs128s-hqc128,1322855,1314954,1338224,663894,1517479,2915123
hqc128,sphincs128s-sphincs128s-hqc128,1322928,1314951,1345171,663937,1474945,2914856
hqc128,sphincs128s-sphincs128s-hqc128,1322886,1314933,1340354,663903,1521252,2914121
hqc128,sphincs128s-sphincs128s-hqc128,1322939,1314967,1349807,663913,1515849,2979008
hqc128,sphincs128s-sphincs128s-hqc128,1322876,1314952,1361891,663855,1523745,2937745
hqc128,sphincs128s-sphincs128s-hqc128,1322918,1314962,1338821,663853,1484986,2882793
hqc128,sphincs128s-sphincs128s-hqc128,1322879,1314950,1362373,663932,1518398,2933779
hqc128,sphincs128s-sphincs128s-hqc128,1322888,1314959,1341409,663883,1484394,2878412
hqc128,sphincs128s-sphincs128s-hqc128,1322878,1314951,1340151,663889,1475707,2874019
hqc128,sphincs128s-sphincs128s-hqc128,1322947,1314947,1347223,663886,1516390,2915591
hqc128,sphincs128s-sphincs128s-hqc128,1322909,1314950,1371339,663910,1523176,2948370
hqc128,sphincs128s-sphincs128s-hqc128,1322924,1314931,1341022,663879,1521649,2915091
hqc128,sphincs128s-sphincs128s-hqc128,1322897,1314946,1340699,663870,1518025,2912105
hqc128,sphincs128s-sphincs128s-hqc128,1322958,1314974,1346825,663914,1492991,2898933
hqc128,sphincs128s-sphincs128s-hqc128,1322920,1314968,1353119,663876,1560138,2969112
hqc128,sphincs128s-sphincs128s-hqc128,1322871,1314984,1351868,663932,1478574,2883044
hqc128,sphincs128s-sphincs128s-hqc128,1322924,1314954,1343122,663932,1522351,2933820
hqc128,sphincs128s-sphincs128s-hqc128,1322909,1314962,1362600,663881,1479870,2899151
hqc128,sphincs128s-sphincs128s-hqc128,1322934,1314946,1340375,663907,1522723,2923042
hqc128,sphincs128s-sphincs128s-hqc128,1322904,1314943,1341622,663875,1522264,2919583
hqc128,sphincs128s-sphincs128s-hqc128,1322931,1314950,1342344,663893,1524333,2922908
hqc128,sphincs128s-sphincs128s-hqc128,1322855,1314955,1348552,663884,1476452,2889843
hqc128,sphincs128s-sphincs128s-hqc128,1322915,1314930,1344540,663936,1479403,2879582
hqc128,sphincs128s-sphincs128s-hqc128,1322888,1314940,1349205,663931,1517390,2936737
hqc128,sphincs128s-sphincs128s-hqc128,1322919,1314939,1339012,663853,1478812,2875660
hqc128,sphincs128s-sphincs128s-hqc128,1322885,1314945,1340084,663887,1524424,2917708
hqc128,sphincs128s-sphincs128s-hqc128,1322969,1314938,1338923,663861,1517103,2911483
hqc128,sphincs128s-sphincs128s-hqc128,1322857,1314939,1347792,663909,1479460,2879737
hqc128,sphincs128s-sphincs128s-hqc128,1322922,1314954,1342463,663901,1479835,2876060
hqc128,sphincs128s-sphincs128s-hqc128,1322883,1314969,1343850,663891,1495951,2894657
hqc128,sphincs128s-sphincs128s-hqc128,1322921,1314948,1339653,663887,1522901,2915825
hqc128,sphincs128s-sphincs128s-hqc128,1322888,1314952,1344373,663920,1581094,2977855
hqc128,sphincs128s-sphincs128s-hqc128,1322836,1314952,1341820,663936,1518646,2915732
hqc128,sphincs128s-sphincs128s-hqc128,1322922,1314973,1340633,663885,1516099,2926315
hqc128,sphincs128s-sphincs128s-hqc128,1322875,1314942,1337805,663880,1492661,2888006
hqc128,sphincs128s-sphincs128s-hqc128,1322951,1314954,1343088,663861,1515289,2921065
hqc128,sphincs128s-sphincs128s-hqc128,1322872,1314970,1341508,663889,1520061,2914788
hqc128,sphincs128s-sphincs128s-hqc128,1322921,1314958,1338592,663881,1518454,2913613
hqc128,sphincs128s-sphincs128s-hqc128,1322870,1314952,1350338,663876,1480063,2885887
hqc128,sphincs128s-sphincs128s-hqc128,1322944,1314952,1344734,663877,1521316,2918851
hqc128,sphincs128s-sphincs128s-hqc128,1322842,1314935,1348174,663887,1537582,2944961
hqc128,sphincs128s-sphincs128s-hqc128,1322912,1314968,1337663,663931,1479332,2874616
hqc128,sphincs128s-sphincs128s-hqc128,1322855,1314946,1339948,663865,1525671,2928364
hqc128,sphincs128s-sphincs128s-hqc128,1322927,1314968,1343661,663893,1556302,2952706
hqc128,sphincs128s-sphincs128s-hqc128,1322889,1314954,1341944,663831,1518716,2916027
hqc128,sphincs128s-sphincs128s-hqc128,1322934,1314945,1343027,663918,1520622,2916943
hqc128,sphincs128s-sphincs128s-hqc128,1322909,1314962,1341265,663836,1485544,2892687
hqc128,sphincs128s-sphincs128s-hqc128,1322943,1314951,1339349,663828,1528137,2923695
hqc128,sphincs128s-sphincs128s-hqc128,1322869,1314957,1351351,663852,1530242,2951550
hqc128,sphincs128s-sphincs128s-hqc128,1322884,1314933,1341607,663859,1527505,2924395
hqc128,sphincs128s-sphincs128s-hqc128,1322886,1314958,1349977,663910,1476000,2878165
hqc128,sphincs128s-sphincs128s-hqc128,1322891,1314931,1356381,663959,1546247,2962870
hqc128,sphincs128s-sphincs128s-hqc128,1322880,1314949,1344148,663862,1515231,2914429
hqc128,sphincs128s-sphincs128s-hqc128,1322954,1314978,1344899,663913,1490739,2888128
hqc128,sphincs128s-sphincs128s-hqc128,1322890,1314920,1346354,663969,1521082,2924769
hqc128,sphincs128s-sphincs128s-hqc128,1322894,1314942,1341175,663898,1496048,2898922
hqc128,sphincs128s-sphincs128s-hqc128,1323547,1314990,1412548,663915,1518221,2991752
hqc128,sphincs128s-sphincs128s-hqc128,1322906,1314935,1342342,663859,1520252,2914912
hqc128,sphincs128s-sphincs128s-hqc128,1322877,1314957,1352106,663900,1481973,2888710
hqc128,sphincs128s-sphincs128s-hqc128,1322950,1314964,1339929,663889,1534882,2935730
hqc128,sphincs128s-sphincs128s-hqc128,1322898,1314964,1342226,663910,1519558,2914865
hqc128,sphincs128s-sphincs128s-hqc128,1322949,1314961,1344087,663893,1517050,2914280
hqc128,sphincs128s-sphincs128s-hqc128,1322871,1314930,1349161,663864,1558174,2961343
hqc128,sphincs128s-sphincs128s-hqc128,1322902,1314955,1379449,663856,1520541,2952453
hqc128,sphincs128s-sphincs128s-hqc128,1322876,1314955,1343327,663850,1518325,2927011
hqc128,sphincs128s-sphincs128s-hqc128,1322921,1314940,1357522,663886,1523315,3014116
hqc128,sphincs128s-sphincs128s-hqc128,1322887,1314932,1345059,663917,1543848,2961614
hqc128,sphincs128s-sphincs128s-hqc128,1322917,1314927,1349239,663915,1479918,2884415
hqc128,sphincs128s-sphincs128s-hqc128,1322865,1314942,1344628,663850,1479365,2876013
hqc128,sphincs128s-sphincs128s-hqc128,1322903,1314929,1349567,663855,1522998,2932654
hqc128,sphincs128s-sphincs128s-hqc128,1322876,1314938,1356043,663825,1519145,2928584
hqc128,sphincs128s-sphincs128s-hqc128,1322856,1314938,1337482,663958,1531807,2928290
hqc128,sphincs128s-sphincs128s-hqc128,1322899,1314962,1341100,663848,1518156,2912302
hqc128,sphincs128s-sphincs128s-hqc128,1322909,1314955,1340584,663878,1508787,2906985
hqc128,sphincs128s-sphincs128s-hqc128,1322880,1314951,1351809,663934,1477070,2889117
hqc128,sphincs128s-sphincs128s-hqc128,1322959,1314962,1344306,663881,1527171,2924609
hqc128,sphincs128s-sphincs128s-hqc128,1322871,1314968,1342139,663890,1518304,2913656
hqc128,sphincs128s-sphincs128s-hqc128,1322943,1314958,1340291,663885,1516765,2921694
hqc128,sphincs128s-sphincs128s-hqc128,1322887,1314966,1353753,663883,1482236,2904119
hqc128,sphincs128s-sphincs128s-hqc128,1322884,1314946,1349283,663862,1486013,2982169
hqc128,sphincs128s-sphincs128s-hqc128,1322905,1314969,1351751,663848,1519112,2926431
hqc128,sphincs128s-sphincs128s-hqc128,1322901,1314929,1365046,663861,1479291,2901668
hqc128,sphincs128s-sphincs128s-hqc128,1322846,1314930,1344383,663918,1518106,2917955
hqc128,sphincs128s-sphincs128s-hqc128,1322905,1314934,1349388,663887,1530379,2957689
hqc128,sphincs128s-sphincs128s-hqc128,1322875,1314946,1343210,663838,1521058,2919287
hqc128,sphincs128s-sphincs128s-hqc128,1322976,1314948,1353648,663884,1517629,2924014
hqc128,sphincs128s-sphincs128s-hqc128,1322897,1314953,1342964,663906,1518384,2922005
hqc128,sphincs128s-sphincs128s-hqc128,1322955,1314954,1348389,663927,1535340,2939041
hqc128,sphincs128s-sphincs128s-hqc128,1322923,1314971,1350112,663839,1486720,2888994
hqc128,sphincs128s-sphincs128s-hqc128,1322936,1314931,1341695,663877,1478607,2883444
hqc128,sphincs128s-sphincs128s-hqc128,1322906,1314950,1342119,663900,1532110,2969219
hqc128,sphincs128s-sphincs128s-hqc128,1322885,1314934,1357727,663912,1499042,2934289
hqc128,sphincs128s-sphincs128s-hqc128,1322896,1314956,1340988,663897,1527288,3062410
hqc128,sphincs128s-sphincs128s-hqc128,1322915,1314941,1339054,663918,1518125,2911977
hqc128,sphincs128s-sphincs128s-hqc128,1322839,1314922,1340097,663852,1525696,2922227
hqc128,sphincs128s-sphincs128s-hqc128,1322887,1314944,1350896,663890,1521196,2926228
hqc128,sphincs128s-sphincs128s-hqc128,1322888,1314961,1347701,663936,1509342,2923461
hqc128,sphincs128s-sphincs128s-hqc128,1322935,1314936,1343394,663874,1517074,2923817
hqc128,sphincs128s-sphincs128s-hqc128,1322885,1314944,1360363,663939,1515433,2932377
hqc128,sphincs128s-sphincs128s-hqc128,1322935,1314957,1337492,663858,1532763,2924243
hqc128,sphincs128s-sphincs128s-hqc128,1322856,1314942,1339231,663927,1477737,2870328
hqc128,sphincs128s-sphincs128s-hqc128,1322902,1314939,1351555,663839,1479579,2885504
hqc128,sphincs128s-sphincs128s-hqc128,1322909,1314964,1343203,663837,1478419,2874684
hqc128,sphincs128s-sphincs128s-hqc128,1322939,1314957,1342089,663904,1483612,2890154
hqc128,sphincs128s-sphincs128s-hqc128,1322834,1314925,1351697,663881,1520513,2937849
hqc128,sphincs128s-sphincs128s-hqc128,1322924,1314934,1363452,663893,1485388,2904038
hqc128,sphincs128s-sphincs128s-hqc128,1322898,1314936,1369081,663872,1581158,3054297
hqc128,sphincs128s-sphincs128s-hqc128,1322942,1314944,1371025,663882,1564857,3023556
hqc128,sphincs128s-sphincs128s-hqc128,1322901,1314945,1370200,663895,1643772,3157011
hqc128,sphincs128s-sphincs128s-hqc128,1322891,1314926,1341367,663849,1554563,3030220
hqc128,sphincs128s-sphincs128s-hqc128,1322879,1314948,1339027,663888,1481330,2887883
hqc128,sphincs128s-sphincs128s-hqc128,1322924,1314950,1349788,663860,1528587,2948041
hqc128,sphincs128s-sphincs128s-hqc128,1322915,1314964,1340536,663911,1480526,2899629
hqc128,sphincs128s-sphincs128s-hqc128,1322866,1314928,1342289,663906,1518532,2915119
hqc128,sphincs128s-sphincs128s-hqc128,1322908,1314931,1372024,663849,1480267,2905531
hqc128,sphincs128s-sphincs128s-hqc128,1322849,1314912,1343589,663867,1553943,2949514
hqc128,sphincs128s-sphincs128s-hqc128,1322913,1314929,1342907,663945,1480363,2986041
hqc128,sphincs128s-sphincs128s-hqc128,1322914,1314973,1341611,663878,1519264,2916352
hqc128,sphincs128s-sphincs128s-hqc128,1322919,1314957,1353456,663880,1477575,2885694
hqc128,sphincs128s-sphincs128s-hqc128,1322858,1314920,1340370,663868,1477759,2872337
hqc128,sphincs128s-sphincs128s-hqc128,1322945,1314957,1341343,663888,1509611,2902695
hqc128,sphincs128s-sphincs128s-hqc128,1322913,1314941,1359803,663923,1478927,2893543
hqc128,sphincs128s-sphincs128s-hqc128,1322941,1314965,1349097,663870,1539861,2945592
hqc128,sphincs128s-sphincs128s-hqc128,1322888,1314943,1383728,663901,1520231,2959487
hqc128,sphincs128s-sphincs128s-hqc128,1322939,1314937,1341567,663915,1559091,2966735
hqc128,sphincs128s-sphincs128s-hqc128,1322841,1314920,1338811,663892,1516233,2921786
hqc128,sphincs128s-sphincs128s-hqc128,1322904,1314929,1342457,663949,1524895,2930200
hqc128,sphincs128s-sphincs128s-hqc128,1322851,1314925,1345275,663852,1477013,2891967
hqc128,sphincs128s-sphincs128s-hqc128,1322985,1314970,1354418,663879,1519817,2939412
hqc128,sphincs128s-sphincs128s-hqc128,1322907,1314977,1386052,663892,1480576,2924069
hqc128,sphincs128s-sphincs128s-hqc128,1322894,1314946,1357026,663838,1479545,2904662
hqc128,sphincs128s-sphincs128s-hqc128,1322911,1314958,1347990,663828,1544320,2944662
hqc128,sphincs128s-sphincs128s-hqc128,1322942,1314971,1342165,663878,1525339,2943122
hqc128,sphincs128s-sphincs128s-hqc128,1322912,1314966,1372538,663857,1515319,2970885
hqc128,sphincs128s-sphincs128s-hqc128,1322827,1314933,1361673,663847,1484904,2901398
hqc128,sphincs128s-sphincs128s-hqc128,1322900,1314942,1372475,663919,1547685,2971947
hqc128,sphincs128s-sphincs128s-hqc128,1322930,1314967,1383482,663921,1534711,2970574
hqc128,sphincs128s-sphincs128s-hqc128,1322876,1314921,1365294,663846,1512267,3023148
hqc128,sphincs128s-sphincs128s-hqc128,1322896,1314930,1368960,663865,1688742,3161080
hqc128,sphincs128s-sphincs128s-hqc128,1322891,1314951,1406811,663919,1595361,3157257
hqc128,sphincs128s-sphincs128s-hqc128,1322864,1314926,1358405,663903,1531020,3009699
hqc128,sphincs128s-sphincs128s-hqc128,1322936,1314945,1356672,663877,1618990,3054289
hqc128,sphincs128s-sphincs128s-hqc128,1322931,1314977,1349796,663874,1527902,2954084
hqc128,sphincs128s-sphincs128s-hqc128,1322916,1314956,1350426,663877,1577457,3015594
hqc128,sphincs128s-sphincs128s-hqc128,1322816,1314939,1358475,663844,4362575,5826681
hqc128,sphincs128s-sphincs128s-hqc128,1322891,1314968,1416166,663840,1571747,3079730
hqc128,sphincs128s-sphincs128s-hqc128,1322904,1314945,1390125,663863,1679115,3140617
hqc128,sphincs128s-sphincs128s-hqc128,1322945,1314960,5354212,663897,1548123,6956885
hqc128,sphincs128s-sphincs128s-hqc128,1322907,1314945,1356806,663845,1541193,3023707
hqc128,sphincs128s-sphincs128s-hqc128,1322897,1314934,1343011,663862,1518033,2919320
hqc128,sphincs128s-sphincs128s-hqc128,1322880,1314940,1343905,663848,1487959,2884639
hqc128,sphincs128s-sphincs128s-hqc128,1322922,1314948,1342347,663901,1518994,2918378
hqc128,sphincs128s-sphincs128s-hqc128,1322895,1314946,1352250,663893,1520061,2946706
hqc128,sphincs128s-sphincs128s-hqc128,1322905,1314925,1353908,663870,1523533,2938336
hqc128,sphincs128s-sphincs128s-hqc128,1322898,1314951,1341054,663937,1553881,2946536
hqc128,sphincs128s-sphincs128s-hqc128,1322935,1314927,1339677,663891,1486841,2901369
hqc128,sphincs128s-sphincs128s-hqc128,1322901,1314961,1352562,663847,1484287,2891217
hqc128,sphincs128s-sphincs128s-hqc128,1322904,1314927,1348523,663848,1478877,2880329
hqc128,sphincs128s-sphincs128s-hqc128,1322911,1314974,1353996,663883,1540979,2948348
hqc128,sphincs128s-sphincs128s-hqc128,1322909,1314944,1356981,663864,1485721,2907171
hqc128,sphincs128s-sphincs128s-hqc128,1322893,1314946,1346953,663913,1482673,2882407
hqc128,sphincs128s-sphincs128s-hqc128,1322931,1314972,1339794,663890,1528316,2933482
hqc128,sphincs128s-sphincs128s-hqc128,1322882,1314943,1341417,663888,1518406,2920487
hqc128,sphincs128s-sphincs128s-hqc128,1322901,1314927,1348704,663933,1534696,2936939
hqc128,sphincs128s-sphincs128s-hqc128,1322854,1314920,1348634,663870,1488871,2890267
hqc128,sphincs128s-sphincs128s-hqc128,1322888,1314949,1343386,663875,1515538,2916464
hqc128,sphincs128s-sphincs128s-hqc128,1322856,1314935,1338960,663942,1483023,2874096
hqc128,sphincs128s-sphincs128s-hqc128,1322911,1314949,1342564,663828,1515249,2915330
hqc128,sphincs128s-sphincs128s-hqc128,1322893,1314958,1340513,663894,1566765,2960116
hqc128,sphincs128s-sphincs128s-hqc128,1322875,1314950,1394717,663919,1518213,2964981
hqc128,sphincs128s-sphincs128s-hqc128,1322890,1314936,1356177,663840,1476814,2893309
hqc128,sphincs128s-sphincs128s-hqc128,1322874,1314963,1394445,663844,1491659,2944413
hqc128,sphincs128s-sphincs128s-hqc128,1322941,1314959,1342667,663846,1516052,3029742
hqc128,sphincs128s-sphincs128s-hqc128,1322899,1314961,1339181,663858,1519751,2921845
hqc128,sphincs128s-sphincs128s-hqc128,1322896,1314936,1357125,663868,1516533,2973477
hqc128,sphincs128s-sphincs128s-hqc128,1322881,1314965,1339793,663873,1518801,2913540
hqc128,sphincs128s-sphincs128s-hqc128,1322881,1314932,1352534,663895,1478602,2889763
hqc128,sphincs128s-sphincs128s-hqc128,1322884,1314952,1339367,663864,1539188,2930850
hqc128,sphincs128s-sphincs128s-hqc128,1322946,1314945,1346586,663921,1477256,2879815
hqc128,sphincs128s-sphincs128s-hqc128,1322879,1314963,1344448,663802,1477666,2875324
hqc128,sphincs128s-sphincs128s-hqc128,1322973,1314964,1345637,663921,1478611,2881050
hqc128,sphincs128s-sphincs128s-hqc128,1322890,1314971,1337762,663924,1515629,2908994
hqc128,sphincs128s-sphincs128s-hqc128,1322891,1314922,1342170,663898,1486203,2881264
hqc128,sphincs128s-sphincs128s-hqc128,1322901,1314954,1347190,663932,1516879,2919046
hqc128,sphincs128s-sphincs128s-hqc128,1322898,1314928,1340680,663836,1508661,2901375
hqc128,sphincs128s-sphincs128s-hqc128,1322837,1314945,1339157,663858,1478789,2870231
hqc128,sphincs128s-sphincs128s-hqc128,1322920,1314970,1339774,663889,1480536,2897758
hqc128,sphincs128s-sphincs128s-hqc128,1322892,1314945,1351053,663904,1486313,2895341
hqc128,sphincs128s-sphincs128s-hqc128,1322931,1314955,1342555,663915,1478104,2873750
hqc128,sphincs128s-sphincs128s-hqc128,1322979,1314965,1349694,663883,1516570,2922041
hqc128,sphincs128s-sphincs128s-hqc128,1322925,1314948,1342680,663931,1478247,2878002
hqc128,sphincs128s-sphincs128s-hqc128,1322878,1314959,1341949,663928,1478589,2894402
hqc128,sphincs128s-sphincs128s-hqc128,1322950,1314955,1339746,663942,1482035,2877876
hqc128,sphincs128s-sphincs128s-hqc128,1322887,1314970,1350625,663860,1527021,2935693
hqc128,sphincs128s-sphincs128s-hqc128,1322857,1314951,1340054,663838,1484063,2884065
hqc128,sphincs128s-sphincs128s-hqc128,1322932,1314965,1339039,663889,1521597,2928718
hqc128,sphincs128s-sphincs128s-hqc128,1322899,1314960,1340191,663926,1477699,2874119
hqc128,sphincs128s-sphincs128s-hqc128,1322910,1314935,1356473,663896,1501680,2912688
hqc128,sphincs128s-sphincs128s-hqc128,1322865,1314947,1346674,663929,1546896,3040936
hqc128,sphincs128s-sphincs128s-hqc128,1322884,1314950,1339087,663889,1528220,2920938
hqc128,sphincs128s-sphincs128s-hqc128,1322874,1314935,1381724,663869,1493454,2932103
hqc128,sphincs128s-sphincs128s-hqc128,1322930,1314956,1340810,663876,1519733,2913387
hqc128,sphincs128s-sphincs128s-hqc128,1322878,1314957,1346380,663862,1517655,2919071
hqc128,sphincs128s-sphincs128s-hqc128,1322953,1314952,1352777,663893,1483268,2897084
hqc128,sphincs128s-sphincs128s-hqc128,1322913,1314981,1344035,663939,1511480,2909872
hqc128,sphincs128s-sphincs128s-hqc128,1322933,1314940,1342499,663867,1488011,2892762
hqc128,sphincs128s-sphincs128s-hqc128,1322825,1314946,1344455,663880,1495784,2898129
hqc128,sphincs128s-sphincs128s-hqc128,1322921,1314946,1341607,663977,1506798,2904391
hqc128,sphincs128s-sphincs128s-hqc128,1322929,1314946,1345947,663921,1484421,2886096
hqc128,sphincs128s-sphincs128s-hqc128,1322935,1314952,1345815,663900,1534408,2989534
hqc128,sphincs128s-sphincs128s-hqc128,1322871,1314931,1340480,663920,1479683,2940115
hqc128,sphincs128s-sphincs128s-hqc128,1322935,1314958,1340975,663853,1556678,2954889
hqc128,sphincs128s-sphincs128s-hqc128,1322890,1314956,1346695,663972,1479327,2881588
hqc128,sphincs128s-sphincs128s-hqc128,1322914,1314952,1341191,663858,1521936,2969941
hqc128,sphincs128s-sphincs128s-hqc128,1322884,1314973,1342545,663890,1478965,2875698
hqc128,sphincs128s-sphincs128s-hqc128,1322916,1314960,1345395,663852,1516277,2921342
hqc128,sphincs128s-sphincs128s-hqc128,1322868,1314979,1341214,663896,1564986,2999533
hqc128,sphincs128s-sphincs128s-hqc128,1322893,1314934,1340223,663922,1517001,2910668
hqc128,sphincs128s-sphincs128s-hqc128,1322839,1314937,1339947,663883,1518918,2926100
hqc128,sphincs128s-sphincs128s-hqc128,1322915,1314951,1381940,663859,1516686,2963798
hqc128,sphincs128s-sphincs128s-hqc128,1322919,1314989,1341201,663921,1517122,2920580
hqc128,sphincs128s-sphincs128s-hqc128,1322888,1314943,1341769,663877,1478479,2978560
hqc128,sphincs128s-sphincs128s-hqc128,1322895,1314946,1340090,663870,1525412,2927858
hqc128,sphincs128s-sphincs128s-hqc128,1322933,1314949,1349225,663850,1529450,2940774
hqc128,sphincs128s-sphincs128s-hqc128,1322843,1314912,1341949,663920,1543878,2938869
hqc128,sphincs128s-sphincs128s-hqc128,1322963,1314939,1341045,663880,1491238,2886989
hqc128,sphincs128s-sphincs128s-hqc128,1322897,1314938,1345594,663899,1516576,2920853
hqc128,sphincs128s-sphincs128s-hqc128,1322954,1314932,1342193,663886,1533441,2929046
hqc128,sphincs128s-sphincs128s-hqc128,1322900,1314938,1340871,663881,1520304,2928365
hqc128,sphincs128s-sphincs128s-hqc128,1322966,1314972,1350809,663913,1485394,2888281
hqc128,sphincs128s-sphincs128s-hqc128,1322903,1314975,1347857,663866,1487153,2887538
hqc128,sphincs128s-sphincs128s-hqc128,1322882,1314950,1353884,663896,1521540,2936616
hqc128,sphincs128s-sphincs128s-hqc128,1322920,1314982,1339305,663921,1478417,2870734
hqc128,sphincs128s-sphincs128s-hqc128,1322908,1314946,1340605,663955,1517783,2917802
hqc128,sphincs128s-sphincs128s-hqc128,1322870,1314932,1355316,663902,1517186,2924215
hqc128,sphincs128s-sphincs128s-hqc128,1322910,1314920,1347617,663857,1511926,2928619
hqc128,sphincs128s-sphincs128s-hqc128,1322866,1314931,1338053,663883,1481158,2877680
hqc128,sphincs128s-sphincs128s-hqc128,1322918,1314950,1340516,663890,1477989,2869988
hqc128,sphincs128s-sphincs128s-hqc128,1322910,1314940,1340738,663901,1479106,2878162
hqc128,sphincs128s-sphincs128s-hqc128,1322912,1314959,1339689,663834,1526908,2920537
hqc128,sphincs128s-sphincs128s-hqc128,1322891,1314942,1340615,663904,1479773,2876787
hqc128,sphincs128s-sphincs128s-hqc128,1322928,1314954,1346012,663850,1518289,2917280
hqc128,sphincs128s-sphincs128s-hqc128,1322863,1314954,1339937,663873,1514923,2918479
hqc128,sphincs128s-sphincs128s-hqc128,1322933,1314942,1339631,663886,1482802,2875789
hqc128,sphincs128s-sphincs128s-hqc128,1322920,1314956,1338300,663892,1518919,2910668
hqc128,sphincs128s-sphincs128s-hqc128,1322925,1314930,1344790,663870,1483375,2881588
hqc128,sphincs128s-sphincs128s-hqc128,1322880,1314947,1343269,663874,1515937,2915563
hqc128,sphincs128s-sphincs128s-hqc128,1322923,1314962,1348284,663890,1482205,2883372
hqc128,sphincs128s-sphincs128s-hqc128,1322930,1314964,1350316,663907,1477386,2883659
hqc128,sphincs128s-sphincs128s-hqc128,1322912,1314949,1342952,663842,1479699,2874994
hqc128,sphincs128s-sphincs128s-hqc128,1322841,1314924,1340373,663893,1548295,2941887
hqc128,sphincs128s-sphincs128s-hqc128,1322889,1314943,1347362,663918,1482242,2882299
hqc128,sphincs128s-sphincs128s-hqc128,1322903,1314968,1343493,663891,1485129,2881438
hqc128,sphincs128s-sphincs128s-hqc128,1322906,1314935,1343374,663864,1516831,2912865
hqc128,sphincs128s-sphincs128s-hqc128,1322902,1314959,1340283,663904,1478219,2872046
hqc128,sphincs128s-sphincs128s-hqc128,1322874,1314927,1340595,663901,1543600,2936740
hqc128,sphincs128s-sphincs128s-hqc128,1322859,1314948,1341494,663839,1521041,2915653
hqc128,sphincs128s-sphincs128s-hqc128,1322924,1314947,1338581,663889,1522837,2914623
hqc128,sphincs128s-sphincs128s-hqc128,1322871,1314937,1342070,663909,1483499,2876865
hqc128,sphincs128s-sphincs128s-hqc128,1322966,1314953,1339211,663927,1478113,2869009
hqc128,sphincs128s-sphincs128s-hqc128,1322854,1314946,1346157,663842,1477914,2885981
hqc128,sphincs128s-sphincs128s-hqc128,1322915,1314957,1361157,663888,1516294,2936116
hqc128,sphincs128s-sphincs128s-hqc128,1322849,1314950,1344475,663894,1503139,2900185
hqc128,sphincs128s-sphincs128s-hqc128,1322938,1314959,1350965,663887,1520508,2922851
hqc128,sphincs128s-sphincs128s-hqc128,1322844,1314934,1340976,663946,1520037,2927002
hqc128,sphincs128s-sphincs128s-hqc128,1322946,1314957,1339034,663955,1519033,2912246
hqc128,sphincs128s-sphincs128s-hqc128,1322843,1314928,1343562,663840,1534477,2931523
hqc128,sphincs128s-sphincs128s-hqc128,1322905,1314947,1340205,663867,1520563,2915034
hqc128,sphincs128s-sphincs128s-hqc128,1322881,1314941,1343675,663876,1515428,2911364
hqc128,sphincs128s-sphincs128s-hqc128,1322941,1314958,1341571,663875,1525652,2928984
hqc128,sphincs128s-sphincs128s-hqc128,1322885,1314930,1340042,663868,1521077,2919085
hqc128,sphincs128s-sphincs128s-hqc128,1322968,1314968,1343592,663884,1525727,2926951
hqc128,sphincs128s-sphincs128s-hqc128,1322899,1314958,1344324,663878,1480252,2881459
hqc128,sphincs128s-sphincs128s-hqc128,1322979,1314978,1344547,663871,1540419,2942543
hqc128,sphincs128s-sphincs128s-hqc128,1322914,1314961,1340164,663860,1515684,2908972
hqc128,sphincs128s-sphincs128s-hqc128,1322914,1314955,1340998,663873,1483317,2878626
hqc128,sphincs128s-sphincs128s-hqc128,1322913,1314951,1341095,663909,1475737,2870774
hqc128,sphincs128s-sphincs128s-hqc128,1322904,1314941,1339706,663902,1476288,2868394
hqc128,sphincs128s-sphincs128s-hqc128,1322898,1314954,1337367,663873,1522781,2917588
hqc128,sphincs128s-sphincs128s-hqc128,1322936,1314958,1341805,663915,2727923,4121293
hqc128,sphincs128s-sphincs128s-hqc128,1322932,1314950,1386371,663882,1479039,2946214
hqc128,sphincs128s-sphincs128s-hqc128,1322902,1314963,1349006,663924,1516139,2932339
hqc128,sphincs128s-sphincs128s-hqc128,1322975,1314965,1341425,663923,1483947,2880469
hqc128,sphincs128s-sphincs128s-hqc128,1322917,1314972,1339066,663947,1481401,2873408
hqc128,sphincs128s-sphincs128s-hqc128,1322918,1314936,1355977,663889,1480532,2891028
hqc128,sphincs128s-sphincs128s-hqc128,1322853,1314949,1348493,663953,1521346,2922118
hqc128,sphincs128s-sphincs128s-hqc128,1322904,1314939,1393747,663837,1525794,2973270
hqc128,sphincs128s-sphincs128s-hqc128,1322883,1314961,1344593,663887,1524632,2938340
hqc128,sphincs128s-sphincs128s-hqc128,1322923,1314946,1343478,663802,1521537,2917639
hqc128,sphincs128s-sphincs128s-hqc128,1322873,1314946,1345719,663864,1519958,2920231
hqc128,sphincs128s-sphincs128s-hqc128,1322898,1314953,1357700,663918,1521443,2932859
hqc128,sphincs128s-sphincs128s-hqc128,1322850,1314932,1348072,663898,1485571,2885711
hqc128,sphincs128s-sphincs128s-hqc128,1322972,1314979,1343912,663852,1522642,2918041
hqc128,sphincs128s-sphincs128s-hqc128,1322871,1314928,1340247,663928,1480842,2875486
hqc128,sphincs128s-sphincs128s-hqc128,1322938,1314987,1355383,663873,1515087,2922419
hqc128,sphincs128s-sphincs128s-hqc128,1322865,1314942,1345236,663886,1524086,2923614
hqc128,sphincs128s-sphincs128s-hqc128,1322942,1314962,1374969,663864,1530967,2958423
hqc128,sphincs128s-sphincs128s-hqc128,1322908,1314976,1365926,663874,1511062,2934735
hqc128,sphincs128s-sphincs128s-hqc128,1322973,1314956,1338957,663833,1541633,2972062
hqc128,sphincs128s-sphincs128s-hqc128,1322890,1314941,1361693,663899,1495155,2912941
hqc128,sphincs128s-sphincs128s-hqc128,1322883,1314962,1369783,663946,1792531,3259353
hqc128,sphincs128s-sphincs128s-hqc128,1322892,1314942,1364364,663873,1590747,3032994
hqc128,sphincs128s-sphincs128s-hqc128,1322833,1314921,1384018,663878,1603835,3079017
hqc128,sphincs128s-sphincs128s-hqc128,1322874,1314942,1357545,663865,1544745,2980577
hqc128,sphincs128s-sphincs128s-hqc128,1322888,1314959,1397264,663898,1543284,3096803
hqc128,sphincs128s-sphincs128s-hqc128,1322816,1314934,1389180,663854,1537057,3013869
hqc128,sphincs128s-sphincs128s-hqc128,1322932,1314949,1365646,663923,1486934,2910716
hqc128,sphincs128s-sphincs128s-hqc128,1322893,1314939,1349371,663830,1558880,2971539
hqc128,sphincs128s-sphincs128s-hqc128,1322952,1314974,1348950,663841,1489074,2895514
hqc128,sphincs128s-sphincs128s-hqc128,1322899,1314954,1351617,663892,1528977,2932913
hqc128,sphincs128s-sphincs128s-hqc128,1322948,1314964,1376472,663844,1489061,2924892
hqc128,sphincs128s-sphincs128s-hqc128,1322946,1314962,1345374,663948,1519611,2925062
hqc128,sphincs128s-sphincs128s-hqc128,1322912,1314938,1344900,663947,1481136,2881096
hqc128,sphincs128s-sphincs128s-hqc128,1322921,1314961,1345252,663850,1493304,2910734
hqc128,sphincs128s-sphincs128s-hqc128,1322899,1314925,1355172,663893,1536056,2943156
hqc128,sphincs128s-sphincs128s-hqc128,1322916,1314944,1342572,663890,1479117,2876272
hqc128,sphincs128s-sphincs128s-hqc128,1322921,1314943,1346208,663879,1477305,2883266
hqc128,sphincs128s-sphincs128s-hqc128,1322939,1314942,1340923,663879,1526193,2956347
hqc128,sphincs128s-sphincs128s-hqc128,1322909,1314932,1352065,663946,1517527,2933027
hqc128,sphincs128s-sphincs128s-hqc128,1322857,1314922,1380914,663913,1524553,2956956
hqc128,sphincs128s-sphincs128s-hqc128,1322813,1314930,1340401,663859,1521519,2915837
hqc128,sphincs128s-sphincs128s-hqc128,1322918,1314939,1338994,663880,1502072,2893265
hqc128,sphincs128s-sphincs128s-hqc128,1322890,1314933,1349508,663886,1518328,2920795
hqc128,sphincs128s-sphincs128s-hqc128,1322932,1314970,1347560,663957,1516941,2924593
hqc128,sphincs128s-sphincs128s-hqc128,1322889,1314944,1339526,663865,1477194,2871837
hqc128,sphincs128s-sphincs128s-hqc128,1322911,1314952,1340454,663911,1553888,2947526
hqc128,sphincs128s-sphincs128s-hqc128,1322892,1314945,1364421,663888,1480619,2898498
hqc128,sphincs128s-sphincs128s-hqc128,1322903,1314958,1342717,663864,1495080,2890433
hqc128,sphincs128s-sphincs128s-hqc128,1322921,1314935,1345207,663854,1543378,2942103
hqc128,sphincs128s-sphincs128s-hqc128,1322817,1314919,1394977,663913,1526921,2977323
hqc128,sphincs128s-sphincs128s-hqc128,1322938,1314943,1343497,663865,1486174,2896609
hqc128,sphincs128s-sphincs128s-hqc128,1322896,1314952,1353671,663833,1536397,2944117
hqc128,sphincs128s-sphincs128s-hqc128,1322919,1314926,1365558,663943,1523031,2944544
hqc128,sphincs128s-sphincs128s-hqc128,1322865,1314936,1342685,663928,1475681,2876291
hqc128,sphincs128s-sphincs128s-hqc128,1322965,1314974,1354278,663906,1518212,2926240
hqc128,sphincs128s-sphincs128s-hqc128,1322899,1314969,1374149,663846,1480116,2909739
hqc128,sphincs128s-sphincs128s-hqc128,1322970,1314964,1339927,663893,1494980,2921083
hqc128,sphincs128s-sphincs128s-hqc128,1322857,1314925,1341429,663812,1490562,2899998
hqc128,sphincs128s-sphincs128s-hqc128,1322932,1314946,1344297,663899,1548843,2950092
hqc128,sphincs128s-sphincs128s-hqc128,1322853,1314936,1342210,663860,1531014,3015885
hqc128,sphincs128s-sphincs128s-hqc128,1322944,1314953,1344687,663896,1516186,2919377
hqc128,sphincs128s-sphincs128s-hqc128,1322932,1314983,1359437,663908,1488423,2904965
hqc128,sphincs128s-sphincs128s-hqc128,1322964,1314962,1349767,663887,1524617,2943517
hqc128,sphincs128s-sphincs128s-hqc128,1322907,1314959,1346476,663877,1482374,2881402
hqc128,sphincs128s-sphincs128s-hqc128,1322874,1314960,1339378,663939,1523432,2915653
hqc128,sphincs128s-sphincs128s-hqc128,1322951,1314964,1342894,663917,1526347,2942834
hqc128,sphincs128s-sphincs128s-hqc128,1322887,1314972,1344827,663864,1516058,2916585
hqc128,sphincs128s-sphincs128s-hqc128,1322871,1314945,1348526,663909,1558170,2963032
hqc128,sphincs128s-sphincs128s-hqc128,1322893,1314917,1351175,663867,1525331,2929862
hqc128,sphincs128s-sphincs128s-hqc128,1322891,1314956,1336674,663866,1554461,2956471
hqc128,sphincs128s-sphincs128s-hqc128,1322910,1314937,1383704,663942,1514958,2953373
hqc128,sphincs128s-sphincs128s-hqc128,1322911,1314941,1347634,663875,1520357,2947491
hqc128,sphincs128s-sphincs128s-hqc128,1322881,1314936,1342155,663895,1484622,2881096
hqc128,sphincs128s-sphincs128s-hqc128,1322869,1314931,1348228,663904,1525122,2927430
hqc128,sphincs128s-sphincs128s-hqc128,1322911,1314930,1341619,663888,1521095,2916815
hqc128,sphincs128s-sphincs128s-hqc128,1322863,1314937,1340069,663810,1491381,2883811
hqc128,sphincs128s-sphincs128s-hqc128,1322929,1314959,1345380,663907,1477604,2877690
hqc128,sphincs128s-sphincs128s-hqc128,1322887,1314951,1361554,663918,1517411,2931739
hqc128,sphincs128s-sphincs128s-hqc128,1322955,1314946,1345681,663907,1524553,2923509
hqc128,sphincs128s-sphincs128s-hqc128,1322894,1314948,1341439,663928,1515172,2910135
hqc128,sphincs128s-sphincs128s-hqc128,1322929,1314961,1341708,663935,1484257,2880276
hqc128,sphincs128s-sphincs128s-hqc128,1322906,1314944,1343969,663817,1516409,2921973
hqc128,sphincs128s-sphincs128s-hqc128,1322901,1314952,1339671,663898,1477094,2872691
hqc128,sphincs128s-sphincs128s-hqc128,1322878,1314967,1352369,663883,1478487,2885179
hqc128,sphincs128s-sphincs128s-hqc128,1322943,1314950,1342382,663866,1477627,2871133
hqc128,sphincs128s-sphincs128s-hqc128,1322865,1314935,1340038,663851,1488530,2885943
hqc128,sphincs128s-sphincs128s-hqc128,1322923,1314953,1352696,663850,1516790,2924174
hqc128,sphincs128s-sphincs128s-hqc128,1322892,1314969,1338522,663852,1526181,2920058
hqc128,sphincs128s-sphincs128s-hqc128,1322900,1314943,1342233,663894,1479724,2874353
hqc128,sphincs128s-sphincs128s-hqc128,1322912,1314971,1343623,663941,1476570,2873593
hqc128,sphincs128s-sphincs128s-hqc128,1322922,1314937,1341843,663914,1515574,2913088
hqc128,sphincs128s-sphincs128s-hqc128,1322839,1314935,1343778,663923,1517622,2914052
hqc128,sphincs128s-sphincs128s-hqc128,1322887,1314949,1353543,663890,1488421,2899707
hqc128,sphincs128s-sphincs128s-hqc128,1322871,1314955,1345059,663851,1517396,2917419
hqc128,sphincs128s-sphincs128s-hqc128,1322925,1314952,1343131,663891,1479650,2875429
hqc128,sphincs128s-sphincs128s-hqc128,1322901,1314968,1340478,663863,1478109,2875805
hqc128,sphincs128s-sphincs128s-hqc128,1322921,1314930,1339459,663842,1519746,2915283
hqc128,sphincs128s-sphincs128s-hqc128,1322893,1314961,1339688,663868,1479981,2873150
hqc128,sphincs128s-sphincs128s-hqc128,1322941,1314970,1347844,663932,1477892,2878201
hqc128,sphincs128s-sphincs128s-hqc128,1322899,1314970,1342033,663900,1476733,2869999
hqc128,sphincs128s-sphincs128s-hqc128,1322923,1314946,1361658,663883,1480201,2898256
hqc128,sphincs128s-sphincs128s-hqc128,1322854,1314937,1363185,663862,1508694,2925266
hqc128,sphincs128s-sphincs128s-hqc128,1322880,1314930,1342870,663857,1477942,2871822
hqc128,sphincs128s-sphincs128s-hqc128,1322880,1314957,1342782,663836,1519255,2940363
hqc128,sphincs128s-sphincs128s-hqc128,1322889,1314921,1339616,663964,1477938,2869604
hqc128,sphincs128s-sphincs128s-hqc128,1322881,1314953,1339984,663928,1525404,2917700
hqc128,sphincs128s-sphincs128s-hqc128,1322901,1314962,1340859,663892,1523500,2937301
hqc128,sphincs128s-sphincs128s-hqc128,1322877,1314964,1377797,663825,1517536,2953166
hqc128,sphincs128s-sphincs128s-hqc128,1322912,1314936,1341248,663896,1519272,2912604
hqc128,sphincs128s-sphincs128s-hqc128,1322897,1314948,1342230,663888,1475961,2876456
hqc128,sphincs128s-sphincs128s-hqc128,1322913,1314956,1340237,663843,1538360,2929507
hqc128,sphincs128s-sphincs128s-hqc128,1322908,1314964,1340549,663821,1484617,2879936
hqc128,sphincs128s-sphincs128s-hqc128,1322952,1314944,1339475,663886,1527314,2919860
hqc128,sphincs128s-sphincs128s-hqc128,1322848,1314926,1352070,663847,1484939,2890654
hqc128,sphincs128s-sphincs128s-hqc128,1322926,1314959,1341967,663879,1478937,2878043
hqc128,sphincs128s-sphincs128s-hqc128,1322857,1314920,1343745,663890,1515196,2911452
hqc128,sphincs128s-sphincs128s-hqc128,1322920,1314942,1352581,663893,1516395,2922046
hqc128,sphincs128s-sphincs128s-hqc128,1322865,1314911,1341558,663926,1494741,2910343
hqc128,sphincs128s-sphincs128s-hqc128,1322911,1314949,1345676,663870,1478640,2890074
hqc128,sphincs128s-sphincs128s-hqc128,1322839,1314930,1339848,663940,1515877,2923755
hqc128,sphincs128s-sphincs128s-hqc128,1322937,1314957,1342696,663944,1487796,2882810
hqc128,sphincs128s-sphincs128s-hqc128,1322867,1314919,1342784,663914,1518650,2913128
hqc128,sphincs128s-sphincs128s-hqc128,1322913,1314946,1346994,663949,1508507,2917142
hqc128,sphincs128s-sphincs128s-hqc128,1322888,1314943,1341072,663927,1480762,2878047
hqc128,sphincs128s-sphincs128s-hqc128,1322939,1314964,1340489,663890,1484923,2881386
hqc128,sphincs128s-sphincs128s-hqc128,1322857,1314958,1344005,663884,1477694,2874797
hqc128,sphincs128s-sphincs128s-hqc128,1322946,1314964,1343979,663915,1479717,2875448
hqc128,sphincs128s-sphincs128s-hqc128,1322869,1314947,1342181,663898,1490714,2885324
hqc128,sphincs128s-sphincs128s-hqc128,1322932,1314966,1346327,663847,1516537,2916207
hqc128,sphincs128s-sphincs128s-hqc128,1322898,1314947,1342921,663878,1485881,2880371
hqc128,sphincs128s-sphincs128s-hqc128,1322918,1314938,1371692,663935,1528424,2978607
hqc128,sphincs128s-sphincs128s-hqc128,1322873,1314933,1348637,663942,1502911,2930391
hqc128,sphincs128s-sphincs128s-hqc128,1322960,1314969,1351074,663893,1480041,2885522
hqc128,sphincs128s-sphincs128s-hqc128,1322870,1314931,1340299,663944,1517673,2915196
hqc128,sphincs128s-sphincs128s-hqc128,1322902,1314954,1341486,663939,1485468,2880000
hqc128,sphincs128s-sphincs128s-hqc128,1322891,1314955,1341793,663904,1525755,2932340
hqc128,sphincs128s-sphincs128s-hqc128,1322923,1314946,1342056,663862,1555413,2951280
hqc128,sphincs128s-sphincs128s-hqc128,1322872,1314921,1342259,663900,1476927,2871714
hqc128,sphincs128s-sphincs128s-hqc128,1322897,1314955,1339981,663914,1534625,2927267
hqc128,sphincs128s-sphincs128s-hqc128,1322829,1314907,1335997,663900,1528383,2926867
hqc128,sphincs128s-sphincs128s-hqc128,1322939,1314944,1353050,663858,1485027,2889653
hqc128,sphincs128s-sphincs128s-hqc128,1322917,1314959,1344250,663915,1516647,2914144
hqc128,sphincs128s-sphincs128s-hqc128,1322931,1314964,1343680,663899,1510297,2934579
hqc128,sphincs128s-sphincs128s-hqc128,1322858,1314932,1342127,663840,1477311,2887595
hqc128,sphincs128s-sphincs128s-hqc128,1322933,1314951,1358390,663867,1516889,2931012
hqc128,sphincs128s-sphincs128s-hqc128,1322901,1314957,1342288,663876,1488420,2883944
hqc128,sphincs128s-sphincs128s-hqc128,1322912,1314920,1342397,663885,1516154,2911011
hqc128,sphincs128s-sphincs128s-hqc128,1322883,1314940,1343087,663958,1515367,2912218
hqc128,sphincs128s-sphincs128s-hqc128,1322921,1314958,1340026,663874,1515978,2910314
hqc128,sphincs128s-sphincs128s-hqc128,1322876,1314926,1392793,663889,1519849,2966896
hqc128,sphincs128s-sphincs128s-hqc128,1322917,1314959,1343203,663865,1476048,2875977
hqc128,sphincs128s-sphincs128s-hqc128,1322815,1314917,1355450,663848,1519148,2949065
hqc128,sphincs128s-sphincs128s-hqc128,1322886,1314927,1359548,663951,1518966,2949309
hqc128,sphincs128s-sphincs128s-hqc128,1322899,1314971,1338565,663870,1518112,2917187
hqc128,sphincs128s-sphincs128s-hqc128,1322966,1314957,1338985,663928,1517208,2929181
hqc128,sphincs128s-sphincs128s-hqc128,1322895,1314957,1338178,663930,1491355,2881356
hqc128,sphincs128s-sphincs128s-hqc128,1322940,1314966,1344114,663896,1477766,2873837
hqc128,sphincs128s-sphincs128s-hqc128,1322878,1314950,1343378,663884,1525717,2923012
hqc128,sphincs128s-sphincs128s-hqc128,1322931,1314974,1357863,663899,1477455,2888326
hqc128,sphincs128s-sphincs128s-hqc128,1322905,1314949,1374580,663891,1518663,2966520
hqc128,sphincs128s-sphincs128s-hqc128,1322913,1314937,1353081,663938,1477497,2884653
hqc128,sphincs128s-sphincs128s-hqc128,1322904,1314951,1343809,663958,1478983,2875835
hqc128,sphincs128s-sphincs128s-hqc128,1322921,1314943,1356936,663888,1478580,2887046
hqc128,sphincs128s-sphincs128s-hqc128,1322857,1314934,1342092,663897,1476128,2890773
hqc128,sphincs128s-sphincs128s-hqc128,1322937,1314951,1338988,663902,1476856,2870279
hqc128,sphincs128s-sphincs128s-hqc128,1322882,1314940,1343280,663911,1532226,2926830
hqc128,sphincs128s-sphincs128s-hqc128,1322923,1314957,1357954,663839,1502579,2921880
hqc128,sphincs128s-sphincs128s-hqc128,1322873,1314946,1342395,663886,1485232,2879049
hqc128,sphincs128s-sphincs128s-hqc128,1322893,1314934,1343453,663930,1515495,2911263
hqc128,sphincs128s-sphincs128s-hqc128,1322874,1314933,1342898,663889,1521319,2918508
hqc128,sphincs128s-sphincs128s-hqc128,1322925,1314961,1342593,663901,1578105,2972797
hqc128,sphincs128s-sphincs128s-hqc128,1322916,1314943,1342113,663881,1516508,2913107
hqc128,sphincs128s-sphincs128s-hqc128,1322919,1314954,1340542,663896,1516415,2908586
hqc128,sphincs128s-sphincs128s-hqc128,1322953,1314974,1340621,663906,1515528,2912652
hqc128,sphincs128s-sphincs128s-hqc128,1322852,1314950,1341975,663913,1515382,2909889
hqc128,sphincs128s-sphincs128s-hqc128,1322896,1314933,1336596,663906,1476934,2871173
hqc128,sphincs128s-sphincs128s-hqc128,1322924,1314962,1338219,663930,1518964,2912965
hqc128,sphincs128s-sphincs128s-hqc128,1322921,1314936,1341173,663859,1480516,2873213
hqc128,sphincs128s-sphincs128s-hqc128,1322910,1314959,1343012,663886,1480835,2876588
hqc128,sphincs128s-sphincs128s-hqc128,1322902,1314929,1347894,663914,1545014,2948527
hqc128,sphincs128s-sphincs128s-hqc128,1322892,1314964,1355840,663876,1524566,2933310
hqc128,sphincs128s-sphincs128s-hqc128,1322893,1314952,1340323,663909,1515028,2910567
hqc128,sphincs128s-sphincs128s-hqc128,1322889,1314941,1346484,663869,1543896,2945991
hqc128,sphincs128s-sphincs128s-hqc128,1322926,1314965,1361647,663892,1515172,2928275
hqc128,sphincs128s-sphincs128s-hqc128,1322901,1314939,1339920,663866,1517935,2909354
hqc128,sphincs128s-sphincs128s-hqc128,1322918,1314939,1343044,663838,1514331,2910009
hqc128,sphincs128s-sphincs128s-hqc128,1322875,1314943,1355827,663896,1476889,2888960
hqc128,sphincs128s-sphincs128s-hqc128,1322868,1314920,1342147,663852,1550750,2947897
hqc128,sphincs128s-sphincs128s-hqc128,1322856,1314953,1359602,663823,1584671,3004791
hqc128,sphincs128s-sphincs128s-hqc128,1322925,1314983,1340681,663894,1516445,2916452
hqc128,sphincs128s-sphincs128s-hqc128,1322942,1314954,1343820,663880,1560549,2957765
hqc128,sphincs128s-sphincs128s-hqc128,1322883,1314928,1342147,663874,1502637,2899356
hqc128,sphincs128s-sphincs128s-hqc128,1322902,1314950,1359695,663875,1488184,2950299
hqc128,sphincs128s-sphincs128s-hqc128,1322916,1314949,2369204,663904,1482032,3906663
hqc128,sphincs128s-sphincs128s-hqc128,1322945,1314970,1341431,663845,1493662,2888575
hqc128,sphincs128s-sphincs128s-hqc128,1322896,1314940,1349596,663826,1516211,2921660
hqc128,sphincs128s-sphincs128s-hqc128,1322903,1314937,1344651,663876,1548827,2946079
hqc128,sphincs128s-sphincs128s-hqc128,1322900,1314963,1343057,663917,1485965,2882878
hqc128,sphincs128s-sphincs128s-hqc128,1322905,1314931,1355745,663866,1519010,2926616
hqc128,sphincs128s-sphincs128s-hqc128,1322854,1314940,1347925,663923,1478205,2880974
hqc128,sphincs128s-sphincs128s-hqc128,1322895,1314953,1339527,663873,1514934,2908073
hqc128,sphincs128s-sphincs128s-hqc128,1322907,1314962,1342841,663845,1522571,2918498
hqc128,sphincs128s-sphincs128s-hqc128,1322903,1314946,1360307,663861,1521411,2945446
hqc128,sphincs128s-sphincs128s-hqc128,1322879,1314947,1338541,663915,1515702,2958342
hqc128,sphincs128s-sphincs128s-hqc128,1322965,1314954,1339437,663867,1515413,2909701
hqc128,sphincs128s-sphincs128s-hqc128,1322910,1314948,1338172,663835,1519295,2913430
hqc128,sphincs128s-sphincs128s-hqc128,1322879,1314933,1431153,663894,1492770,2978587
hqc128,sphincs128s-sphincs128s-hqc128,1322910,1314946,1342326,663918,1531632,2939288
hqc128,sphincs128s-sphincs128s-hqc128,1322866,1314950,1340210,663907,1481891,2874430
hqc128,sphincs128s-sphincs128s-hqc128,1322913,1314958,1347798,663844,1517734,2924543
hqc128,sphincs128s-sphincs128s-hqc128,1322819,1314913,1369227,663854,1478127,2899482
hqc128,sphincs128s-sphincs128s-hqc128,1322931,1314945,1339859,663875,1522413,2915817
hqc128,sphincs128s-sphincs128s-hqc128,1322874,1314948,1341082,663936,1515398,2909644
hqc128,sphincs128s-sphincs128s-hqc128,1322911,1314926,1338270,663891,1498835,2890997
hqc128,sphincs128s-sphincs128s-hqc128,1322892,1314943,1340180,663862,1514771,2906951
hqc128,sphincs128s-sphincs128s-hqc128,1322916,1314951,1340181,663909,1519612,2912169
hqc128,sphincs128s-sphincs128s-hqc128,1322862,1314951,1347805,663932,1515952,2916568
hqc128,sphincs128s-sphincs128s-hqc128,1322911,1314952,1338597,663832,1514987,2907837
hqc128,sphincs128s-sphincs128s-hqc128,1322900,1314949,1357742,663875,1516964,2936370
hqc128,sphincs128s-sphincs128s-hqc128,1322956,1314954,1340108,663854,1515454,2908768
hqc128,sphincs128s-sphincs128s-hqc128,1322890,1314946,1343366,663926,1515159,2917543
hqc128,sphincs128s-sphincs128s-hqc128,1322965,1314951,1340454,663921,1481438,2879312
hqc128,sphincs128s-sphincs128s-hqc128,1322921,1314982,1340246,663856,1523361,2915909
hqc128,sphincs128s-sphincs128s-hqc128,1322908,1314944,1337418,663895,1530036,2931372
hqc128,sphincs128s-sphincs128s-hqc128,1322893,1314970,1336927,663910,1515202,2908564
hqc128,sphincs128s-sphincs128s-hqc128,1322917,1314941,1341743,663876,1518039,2918111
hqc128,sphincs128s-sphincs128s-hqc128,1322891,1314941,1340677,663862,1481388,2875576
hqc128,sphincs128s-sphincs128s-hqc128,1322908,1314942,1339398,663904,1520158,2925835
hqc128,sphincs128s-sphincs128s-hqc128,1322883,1314962,1350327,663887,1521285,2924309
hqc128,sphincs128s-sphincs128s-hqc128,1322901,1314944,1341555,663871,1480849,2878664
hqc128,sphincs128s-sphincs128s-hqc128,1322883,1314938,1343007,663927,1486174,2881341
hqc128,sphincs128s-sphincs128s-hqc128,1322860,1314909,1340273,663873,1517652,2910635
hqc128,sphincs128s-sphincs128s-hqc128,1322871,1314936,1339713,663893,1483245,2877741
hqc128,sphincs128s-sphincs128s-hqc128,1322943,1314946,1389955,663896,1518169,2965928
hqc128,sphincs128s-sphincs128s-hqc128,1322868,1314929,1341090,663874,1483405,2878405
hqc128,sphincs128s-sphincs128s-hqc128,1322953,1314966,1341368,663922,1518141,2914986
hqc128,sphincs128s-sphincs128s-hqc128,1322898,1314962,1343460,663881,1496549,2895318
hqc128,sphincs128s-sphincs128s-hqc128,1322975,1314967,1368821,663873,1517630,2939369
hqc128,sphincs128s-sphincs128s-hqc128,1322910,1314958,1356044,663887,1492749,2919707
hqc128,sphincs128s-sphincs128s-hqc128,1322911,1314934,1354937,663912,1524085,2962730
hqc128,sphincs128s-sphincs128s-hqc128,1322930,1314968,1365336,663890,1519642,2938694
hqc128,sphincs128s-sphincs128s-hqc128,1322885,1314955,1352759,663923,1480734,2885761
hqc128,sphincs128s-sphincs128s-hqc128,1322812,1314920,1340537,663883,1496337,2899287
hqc128,sphincs128s-sphincs128s-hqc128,1322942,1314968,1341245,663938,1529455,2926751
hqc128,sphincs128s-sphincs128s-hqc128,1322858,1314937,1342470,663899,1516850,2916797
hqc128,sphincs128s-sphincs128s-hqc128,1322909,1314952,1340887,663801,1516464,2926190
hqc128,sphincs128s-sphincs128s-hqc128,1322821,1314923,1342215,663923,1519929,2918162
hqc128,sphincs128s-sphincs128s-hqc128,1322958,1314970,1339717,663902,1476633,2869989
hqc128,sphincs128s-sphincs128s-hqc128,1322895,1314972,1347579,663917,1479986,2889662
hqc128,sphincs128s-sphincs128s-hqc128,1322931,1314983,1340247,663865,1518129,2910119
hqc128,sphincs128s-sphincs128s-hqc128,1322880,1314956,1351265,663888,1515959,2921528
hqc128,sphincs128s-sphincs128s-hqc128,1322889,1314937,1338763,663922,1516496,2912805
hqc128,sphincs128s-sphincs128s-hqc128,1322912,1314961,1347588,663923,1531315,2933378
hqc128,sphincs128s-sphincs128s-hqc128,1322898,1314938,1342666,663936,3983105,5378183
hqc128,sphincs128s-sphincs128s-hqc128,1322907,1314952,1390549,663902,1479076,2956394
hqc128,sphincs128s-sphincs128s-hqc128,1322926,1314936,1397215,663927,1479438,2928828
hqc128,sphincs128s-sphincs128s-hqc128,1322869,1314937,1347250,663814,1522830,2923524
hqc128,sphincs128s-sphincs128s-hqc128,1322978,1314948,1345813,663857,5115446,6516299
hqc128,sphincs128s-sphincs128s-hqc128,1322900,1314933,1347432,663894,1516621,2919714
hqc128,sphincs128s-sphincs128s-hqc128,1322872,1314941,1339403,663885,1519003,2911218
hqc128,sphincs128s-sphincs128s-hqc128,1322938,1314955,1341239,663917,1517520,2970386
hqc128,sphincs128s-sphincs128s-hqc128,1322903,1314959,1353886,663951,1490270,2911366
hqc128,sphincs128s-sphincs128s-hqc128,1322913,1314954,1341720,663899,1503219,5201166
hqc128,sphincs128s-sphincs128s-hqc128,1322936,1314937,1369927,663911,1588187,3031751
hqc128,sphincs128s-sphincs128s-hqc128,1322864,1314956,1344621,663938,1475644,2910575
hqc128,sphincs128s-sphincs128s-hqc128,1322881,1314956,1341084,663870,1494836,2889798
hqc128,sphincs128s-sphincs128s-hqc128,1322936,1314965,1350741,663884,1519075,2925127
hqc128,sphincs128s-sphincs128s-hqc128,1322873,1314945,1341414,663895,1550461,2944491
hqc128,sphincs128s-sphincs128s-hqc128,1322900,1314921,1342297,663874,1477606,2873374
hqc128,sphincs128s-sphincs128s-hqc128,1322860,1314936,1337583,663886,1477364,2868869
hqc128,sphincs128s-sphincs128s-hqc128,1322908,1314958,1353920,663964,1515722,2926016
hqc128,sphincs128s-sphincs128s-hqc128,1322834,1314948,1342382,663878,1518347,2918162
hqc128,sphincs128s-sphincs128s-hqc128,1322921,1314953,1340574,663856,1528391,2931441
hqc128,sphincs128s-sphincs128s-hqc128,1322893,1314947,1343147,663895,1485100,2880797
hqc128,sphincs128s-sphincs128s-hqc128,1322914,1314941,1341652,663854,1476572,2872037
hqc128,sphincs128s-sphincs128s-hqc128,1322847,1314949,1342861,663889,1475701,2872429
hqc128,sphincs128s-sphincs128s-hqc128,1322923,1314925,1341554,663897,1487640,2881736
hqc128,sphincs128s-sphincs128s-hqc128,1322885,1314930,1341066,663866,1485181,2883548
hqc128,sphincs128s-sphincs128s-hqc128,1322901,1314952,1342109,663891,1583417,2982300
hqc128,sphincs128s-sphincs128s-hqc128,1322877,1314937,1341891,663832,1541222,2948701
hqc128,sphincs128s-sphincs128s-hqc128,1322926,1314940,1340812,663865,1515829,2909907
hqc128,sphincs128s-sphincs128s-hqc128,1322937,1314959,1338677,663924,1515308,2906197
hqc128,sphincs128s-sphincs128s-hqc128,1322871,1314953,1339448,663876,1572325,2968338
hqc128,sphincs128s-sphincs128s-hqc128,1322877,1314950,1378609,663889,1479691,2920183
hqc128,sphincs128s-sphincs128s-hqc128,1322905,1314949,1355355,663856,1479441,2919154
hqc128,sphincs128s-sphincs128s-hqc128,1322898,1314960,1339725,663858,1516491,2912346
hqc128,sphincs128s-sphincs128s-hqc128,1322915,1314953,1341922,663903,1479361,2876396
hqc128,sphincs128s-sphincs128s-hqc128,1322870,1314943,1343723,663883,1478637,2878422
hqc128,sphincs128s-sphincs128s-hqc128,1322931,1314963,1340021,663885,1552081,2946896
hqc128,sphincs128s-sphincs128s-hqc128,1322863,1314936,1340637,663902,1480706,2876416
hqc128,sphincs128s-sphincs128s-hqc128,1322906,1314943,1341215,663974,1481910,2885642
hqc128,sphincs128s-sphincs128s-hqc128,1322911,1314955,1345509,663903,3266119,4664114
hqc128,sphincs128s-sphincs128s-hqc128,1322864,1314943,1348618,663908,1526394,2931260
hqc128,sphincs128s-sphincs128s-hqc128,1322915,1314936,1339679,663842,1516698,2911214
hqc128,sphincs128s-sphincs128s-hqc128,1322829,1314920,1349038,663903,1530648,2937169
hqc128,sphincs128s-sphincs128s-hqc128,1322924,1314945,1342626,663847,1482053,2883921
hqc128,sphincs128s-sphincs128s-hqc128,1322865,1314940,1362473,663901,1525335,2944449
hqc128,sphincs128s-sphincs128s-hqc128,1322911,1314950,1381912,663896,1477772,2920817
hqc128,sphincs128s-sphincs128s-hqc128,1322871,1314946,1347025,663883,1524793,3047918
hqc128,sphincs128s-sphincs128s-hqc128,1322943,1314957,1369924,663904,1516617,2938652
hqc128,sphincs128s-sphincs128s-hqc128,1322882,1314952,1347169,663902,1481052,2890306
hqc128,sphincs128s-sphincs128s-hqc128,1322935,1314944,1341003,663926,1479495,2873165
hqc128,sphincs128s-sphincs128s-hqc128,1322882,1314951,1341364,663858,1516278,2914547
hqc128,sphincs128s-sphincs128s-hqc128,1322896,1314939,1384729,663922,1498824,2938435
hqc128,sphincs128s-sphincs128s-hqc128,1322874,1314936,1349185,663899,1477861,2879373
hqc128,sphincs128s-sphincs128s-hqc128,1322899,1314926,1340271,663878,1505726,2918433
hqc128,sphincs128s-sphincs128s-hqc128,1322931,1314951,1339133,663899,1515547,2919892
hqc128,sphincs128s-sphincs128s-hqc128,1322967,1314961,1383789,663883,1518465,2954994
hqc128,sphincs128s-sphincs128s-hqc128,1322890,1314939,1398950,663845,1480745,2934878
hqc128,sphincs128s-sphincs128s-hqc128,1322926,1314961,5632952,663907,1616543,7349360
hqc128,sphincs128s-sphincs128s-hqc128,1322882,1314953,1367937,663852,1718413,3137025
hqc128,sphincs128s-sphincs128s-hqc128,1322905,1314933,1351349,663875,1575426,2980364
hqc128,sphincs128s-sphincs128s-hqc128,1322870,1314946,1341613,663929,1517132,2911750
hqc128,sphincs128s-sphincs128s-hqc128,1322871,1314930,1348607,663888,1482847,2884557
hqc128,sphincs128s-sphincs128s-hqc128,1322862,1314928,1343875,663888,1478111,2875525
hqc128,sphincs128s-sphincs128s-hqc128,1322936,1314950,1344616,663895,1517702,2915463
hqc128,sphincs128s-sphincs128s-hqc128,1322920,1314963,1342153,663835,1483519,2892153
hqc128,sphincs128s-sphincs128s-hqc128,1322925,1314965,1338773,663921,1510396,2980152
hqc128,sphincs128s-sphincs128s-hqc128,1322931,1314944,1347056,663870,1528838,2934619
hqc128,sphincs128s-sphincs128s-hqc128,1322875,1314941,1338288,663896,1475610,2866865
hqc128,sphincs128s-sphincs128s-hqc128,1322925,1314952,1342044,663865,1510353,2905786
hqc128,sphincs128s-sphincs128s-hqc128,1322930,1314959,1339688,663941,1516379,2919397
hqc128,sphincs128s-sphincs128s-hqc128,1322892,1314943,1342002,663900,1516270,2920787
hqc128,sphincs128s-sphincs128s-hqc128,1322888,1314979,1341346,663961,1566877,2972286
hqc128,sphincs128s-sphincs128s-hqc128,1322848,1314907,1351527,663882,1484114,2886779
hqc128,sphincs128s-sphincs128s-hqc128,1322820,1314906,1338939,663907,1480907,2874287
hqc128,sphincs128s-sphincs128s-hqc128,1322931,1314959,1349301,663868,1476842,2896875
hqc128,sphincs128s-sphincs128s-hqc128,1322889,1314960,1382672,663893,1484110,2921810
hqc128,sphincs128s-sphincs128s-hqc128,1322920,1314919,1344628,663908,1517529,2928425
hqc128,sphincs128s-sphincs128s-hqc128,1322869,1314936,1343540,663906,1549126,2945130
hqc128,sphincs128s-sphincs128s-hqc128,1322926,1314952,1352808,663908,1480343,2885360
hqc128,sphincs128s-sphincs128s-hqc128,1322894,1314938,1345395,663855,1475489,2883301
hqc128,sphincs128s-sphincs128s-hqc128,1322885,1314930,1349929,663910,1479517,2925285
hqc128,sphincs128s-sphincs128s-hqc128,1322878,1314945,1419403,663901,1526833,2999909
hqc128,sphincs128s-sphincs128s-hqc128,1322935,1314968,1340752,663926,1522039,2920276
hqc128,sphincs128s-sphincs128s-hqc128,1322872,1314936,1343344,663863,1530699,2927158
hqc128,sphincs128s-sphincs128s-hqc128,1322917,1314962,1343926,663838,1475626,2876229
hqc128,sphincs128s-sphincs128s-hqc128,1322853,1314942,1338491,663887,1514532,2906461
hqc128,sphincs128s-sphincs128s-hqc128,1322913,1314938,1341638,663831,1512698,2909815
hqc128,sphincs128s-sphincs128s-hqc128,1322903,1314969,1340392,663904,1521666,2915760
hqc128,sphincs128s-sphincs128s-hqc128,1322935,1314983,1369818,663877,1527376,2949758
hqc128,sphincs128s-sphincs128s-hqc128,1322906,1314950,1363535,663951,1560116,2976589
hqc128,sphincs128s-sphincs128s-hqc128,1322936,1314952,1469549,663892,1515419,3040200
hqc128,sphincs128s-sphincs128s-hqc128,1322876,1314955,1340996,663937,1517846,2914656
hqc128,sphincs128s-sphincs128s-hqc128,1322953,1314982,1347093,663849,1594604,3005019
hqc128,sphincs128s-sphincs128s-hqc128,1322946,1314962,1339286,663852,1517003,2936968
hqc128,sphincs128s-sphincs128s-hqc128,1322883,1314939,1341168,663860,1546104,2940513
hqc128,sphincs128s-sphincs128s-hqc128,1322903,1314955,1341054,663884,1519319,2925370
hqc128,sphincs128s-sphincs128s-hqc128,1322928,1314958,1378144,663879,1521105,2952126
hqc128,sphincs128s-sphincs128s-hqc128,1322873,1314955,1346939,663916,1549453,2961981
hqc128,sphincs128s-sphincs128s-hqc128,1322922,1314944,1340257,663931,1525960,2918401
hqc128,sphincs128s-sphincs128s-hqc128,1322880,1314946,1342700,663942,1515104,2929538
hqc128,sphincs128s-sphincs128s-hqc128,1322936,1314949,1338295,663895,1521435,2914152
hqc128,sphincs128s-sphincs128s-hqc128,1322842,1314956,1349384,663907,1481621,2886198
hqc128,sphincs128s-sphincs128s-hqc128,1322940,1314945,1355352,663834,1515883,2926631
hqc128,sphincs128s-sphincs128s-hqc128,1322885,1314962,1342526,663868,1517814,2920581
hqc128,sphincs128s-sphincs128s-hqc128,1322903,1314951,1356908,663829,1516108,2927206
hqc128,sphincs128s-sphincs128s-hqc128,1322868,1314953,1353618,663871,1518897,2926750
hqc128,sphincs128s-sphincs128s-hqc128,1322941,1314961,1343613,663906,1519490,2913719
hqc128,sphincs128s-sphincs128s-hqc128,1322823,1314932,1345182,663886,1526385,2927001
hqc128,sphincs128s-sphincs128s-hqc128,1322928,1314950,1342669,663891,1527838,2922988
hqc128,sphincs128s-sphincs128s-hqc128,1322836,1314922,1346189,663882,1483414,2882619
hqc128,sphincs128s-sphincs128s-hqc128,1322881,1314941,1340411,663928,1525114,2918070
hqc128,sphincs128s-sphincs128s-hqc128,1322893,1314960,1350204,663917,1529870,2937040
hqc128,sphincs128s-sphincs128s-hqc128,1322904,1314949,1393897,663913,1515052,2986253
hqc128,sphincs128s-sphincs128s-hqc128,1322907,1314949,1342825,663953,1501632,2933695
hqc128,sphincs128s-sphincs128s-hqc128,1322929,1314944,1345944,663877,1478377,2878493
hqc128,sphincs128s-sphincs128s-hqc128,1322892,1314955,1349716,663912,1533904,2935443
hqc128,sphincs128s-sphincs128s-hqc128,1322869,1314934,1355012,663912,1516286,2923506
hqc128,sphincs128s-sphincs128s-hqc128,1322884,1314954,1339283,663931,1516987,2911322
hqc128,sphincs128s-sphincs128s-hqc128,1322942,1314961,1342575,663870,1524534,2946563
hqc128,sphincs128s-sphincs128s-hqc128,1322872,1314927,1338970,663871,1492948,2890548
hqc128,sphincs128s-sphincs128s-hqc128,1322914,1314937,1350301,663892,1522331,2927948
hqc128,sphincs128s-sphincs128s-hqc128,1322921,1314958,1349599,663887,1525246,2930950
hqc128,sphincs128s-sphincs128s-hqc128,1322926,1314958,1341391,663866,1524348,2920380
hqc128,sphincs128s-sphincs128s-hqc128,1322827,1314948,1343212,663866,1545824,2941376
hqc128,sphincs128s-sphincs128s-hqc128,1322921,1314943,1341657,663921,1478637,2874986
hqc128,sphincs128s-sphincs128s-hqc128,1322859,1314944,1339673,663849,1547460,2943622
hqc128,sphincs128s-sphincs128s-hqc128,1322877,1314919,1341957,663928,1482360,2889689
hqc128,sphincs128s-sphincs128s-hqc128,1322849,1314908,1347006,663893,1494385,2894342
hqc128,sphincs128s-sphincs128s-hqc128,1322913,1314936,1343268,663904,1550618,2950821
hqc128,sphincs128s-sphincs128s-hqc128,1322891,1314940,1341846,663867,1483133,2887711
hqc128,sphincs128s-sphincs128s-hqc128,1322920,1314941,1340796,663844,1481763,2876131
hqc128,sphincs128s-sphincs128s-hqc128,1322865,1314960,1350344,663921,1518883,2922018
hqc128,sphincs128s-sphincs128s-hqc128,1322911,1314929,1354364,663919,1515668,2921905
hqc128,sphincs128s-sphincs128s-hqc128,1322864,1314956,1341753,663865,1478169,2878546
hqc128,sphincs128s-sphincs128s-hqc128,1322934,1314979,1344487,663869,1476248,2904474
hqc128,sphincs128s-sphincs128s-hqc128,1322882,1314946,1341763,663836,1515749,2920523
hqc128,sphincs128s-sphincs128s-hqc128,1322932,1314940,1341211,663910,1561342,2958477
hqc128,sphincs128s-sphincs128s-hqc128,1322906,1314950,1341198,663911,1521066,2915126
hqc128,sphincs128s-sphincs128s-hqc128,1322888,1314963,1340874,663907,1516946,2911922
hqc128,sphincs128s-sphincs128s-hqc128,1322942,1314961,1365758,663899,1476497,2896465
hqc128,sphincs128s-sphincs128s-hqc128,1322872,1314952,1340494,663890,1522411,2923424
hqc128,sphincs128s-sphincs128s-hqc128,1322923,1314955,1370664,663859,1517752,2942567
hqc128,sphincs128s-sphincs128s-hqc128,1322858,1314930,1341169,663945,1491154,2906738
hqc128,sphincs128s-sphincs128s-hqc128,1323517,1314952,1341723,663850,1515654,2910115
hqc128,sphincs128s-sphincs128s-hqc128,1322894,1314961,1360260,663956,1519451,2937463
hqc128,sphincs128s-sphincs128s-hqc128,1322910,1314941,1357615,663889,1504759,2919725
hqc128,sphincs128s-sphincs128s-hqc128,1322866,1314942,1354814,663924,1478881,2891342
hqc128,sphincs128s-sphincs128s-hqc128,1322964,1314957,1340946,663928,1517833,2910610
hqc128,sphincs128s-sphincs128s-hqc128,1322881,1314960,1340637,663889,1490067,2882294
hqc128,sphincs128s-sphincs128s-hqc128,1322911,1314935,1340454,663911,1514923,2910174
hqc128,sphincs128s-sphincs128s-hqc128,1322915,1314948,1339403,663888,1526891,2920353
hqc128,sphincs128s-sphincs128s-hqc128,1322928,1314954,1377568,663881,1515467,2947170
hqc128,sphincs128s-sphincs128s-hqc128,1322899,1314955,1338428,663913,1527402,2918284
hqc128,sphincs128s-sphincs128s-hqc128,1322930,1314928,1341352,663909,1490492,2885381
hqc128,sphincs128s-sphincs128s-hqc128,1322900,1314928,1343782,663864,1516253,2916594
hqc128,sphincs128s-sphincs128s-hqc128,1322921,1314955,1375522,663900,1518110,2950399
hqc128,sphincs128s-sphincs128s-hqc128,1322954,1314965,1339734,663902,1475782,2868296
hqc128,sphincs128s-sphincs128s-hqc128,1322912,1314956,1346139,663854,1525464,2925245
hqc128,sphincs128s-sphincs128s-hqc128,1322912,1314940,1341219,663859,1515743,2908354
hqc128,sphincs128s-sphincs128s-hqc128,1322869,1314926,1340470,663853,1514507,2907602
hqc128,sphincs128s-sphincs128s-hqc128,1322936,1314950,1339424,663893,1478765,2881810
hqc128,sphincs128s-sphincs128s-hqc128,1322879,1314941,1339455,663833,1528114,2924042
hqc128,sphincs128s-sphincs128s-hqc128,1322912,1314959,1341848,663922,1519220,2918200
hqc128,sphincs128s-sphincs128s-hqc128,1322847,1314926,1338992,663919,1544652,2937532
hqc128,sphincs128s-sphincs128s-hqc128,1322919,1314949,1348455,663838,1500683,2899309
hqc128,sphincs128s-sphincs128s-hqc128,1322883,1314921,1365176,663906,1515753,2935032
hqc128,sphincs128s-sphincs128s-hqc128,1322954,1314964,1341816,663889,1481704,2883754
hqc128,sphincs128s-sphincs128s-hqc128,1322870,1314965,1342204,663919,1517328,2913531
hqc128,sphincs128s-sphincs128s-hqc128,1322935,1314950,1340150,663890,1543442,2936111
hqc128,sphincs128s-sphincs128s-hqc128,1322890,1314964,1339044,663904,1480422,2875603
hqc128,sphincs128s-sphincs128s-hqc128,1322903,1314963,1344227,663898,1559892,2956420
hqc128,sphincs128s-sphincs128s-hqc128,1322860,1314934,1353380,663855,1478897,2885477
hqc128,sphincs128s-sphincs128s-hqc128,1322926,1314966,1341399,663880,1545746,2967163
hqc128,sphincs128s-sphincs128s-hqc128,1322868,1314920,1339189,663913,1519408,2929349
hqc128,sphincs128s-sphincs128s-hqc128,1322935,1314952,1338118,663865,1477896,2875738
hqc128,sphincs128s-sphincs128s-hqc128,1322872,1314943,1339917,663866,1516965,2908620
hqc128,sphincs128s-sphincs128s-hqc128,1322952,1314976,1348247,663883,1527427,2931281
hqc128,sphincs128s-sphincs128s-hqc128,1322874,1314945,1339503,663896,1521126,2915193
hqc128,sphincs128s-sphincs128s-hqc128,1322908,1314951,1338705,663934,1482025,2879822
hqc128,sphincs128s-sphincs128s-hqc128,1322883,1314956,1345710,663938,1516368,2926472
hqc128,sphincs128s-sphincs128s-hqc128,1322869,1314925,1340543,663874,1516097,2912897
hqc128,sphincs128s-sphincs128s-hqc128,1322895,1314959,1350391,663898,1488208,2905267
hqc128,sphincs128s-sphincs128s-hqc128,1322866,1314923,1369590,663839,1576858,3023515
hqc128,sphincs128s-sphincs128s-hqc128,1322964,1314962,1343909,663885,1532870,2959757
hqc128,sphincs128s-sphincs128s-hqc128,1322849,1314926,1360655,663917,1524087,2946920
hqc128,sphincs128s-sphincs128s-hqc128,1322884,1314949,1390946,663900,1515699,2957020
hqc128,sphincs128s-sphincs128s-hqc128,1322935,1314980,1348825,663852,1487859,2905324
hqc128,sphincs128s-sphincs128s-hqc128,1322976,1314957,1345664,663914,1526603,2932329
hqc128,sphincs128s-sphincs128s-hqc128,1322825,1314912,1342736,663869,1571224,2977404
hqc128,sphincs128s-sphincs128s-hqc128,1322884,1314943,1354894,663900,1516106,2927750
hqc128,sphincs128s-sphincs128s-hqc128,1322884,1314954,1372329,663912,1509903,2934610
hqc128,sphincs128s-sphincs128s-hqc128,1322871,1314948,1344145,663926,1521303,2917582
hqc128,sphincs128s-sphincs128s-hqc128,1322944,1314951,1347163,663880,1519526,2928817
hqc128,sphincs128s-sphincs128s-hqc128,1322864,1314931,1339308,663895,1482267,2878132
hqc128,sphincs128s-sphincs128s-hqc128,1322916,1314968,1400485,663884,1488028,2947077
hqc128,sphincs128s-sphincs128s-hqc128,1322900,1314941,1341944,663943,1544790,2939866
hqc128,sphincs128s-sphincs128s-hqc128,1322903,1314947,1343157,663896,1477176,2873047
hqc128,sphincs128s-sphincs128s-hqc128,1322856,1314932,1342722,663880,1475849,2881860
hqc128,sphincs128s-sphincs128s-hqc128,1322888,1314930,1342670,663807,1477746,2875362
hqc128,sphincs128s-sphincs128s-hqc128,1322870,1314921,1344279,663904,1521003,2915942
hqc128,sphincs128s-sphincs128s-hqc128,1322918,1314942,1362406,663829,1477839,2892482
hqc128,sphincs128s-sphincs128s-hqc128,1322878,1314924,1341048,663838,1491184,2895018
hqc128,sphincs128s-sphincs128s-hqc128,1323533,1314964,1344507,663847,1517378,2914594
hqc128,sphincs128s-sphincs128s-hqc128,1322900,1314961,1365417,663863,1516861,2938258
hqc128,sphincs128s-sphincs128s-hqc128,1322921,1314955,1339556,663902,1477466,2882210
hqc128,sphincs128s-sphincs128s-hqc128,1322845,1314946,1347767,663907,1477896,2892984
hqc128,sphincs128s-sphincs128s-hqc128,1322881,1314942,1340699,663877,1517976,2915063
hqc128,sphincs128s-sphincs128s-hqc128,1322892,1314938,1340216,663909,1516128,2909019
hqc128,sphincs128s-sphincs128s-hqc128,1322940,1314959,1348533,663913,1483982,2884698
hqc128,sphincs128s-sphincs128s-hqc128,1322847,1314933,1341849,663871,1496699,2890060
hqc128,sphincs128s-sphincs128s-hqc128,1322899,1314922,1347720,663887,1521485,2919837
hqc128,sphincs128s-sphincs128s-hqc128,1322869,1314948,1403574,663886,1480095,2937195
hqc128,sphincs128s-sphincs128s-hqc128,1322925,1314946,1345871,663831,1494148,2894385
hqc128,sphincs128s-sphincs128s-hqc128,1322896,1314941,1342236,663898,1535515,2941766
hqc128,sphincs128s-sphincs128s-hqc128,1322939,1314959,1346726,663951,1534058,2943135
hqc128,sphincs128s-sphincs128s-hqc128,1322885,1314949,1340032,663909,1519816,2912753
hqc128,sphincs128s-sphincs128s-hqc128,1322931,1314963,1342726,663901,1517587,2911757
hqc128,sphincs128s-sphincs128s-hqc128,1322902,1314958,1340937,663912,1519963,2914883
hqc128,sphincs128s-sphincs128s-hqc128,1322918,1314943,1341531,663917,1480027,2873836
hqc128,sphincs128s-sphincs128s-hqc128,1322912,1314952,1349348,663898,1495202,2899442
hqc128,sphincs128s-sphincs128s-hqc128,1322932,1314950,1346037,663927,1515672,2919377
hqc128,sphincs128s-sphincs128s-hqc128,1322835,1314930,1342355,663930,1519336,2922578
hqc128,sphincs128s-sphincs128s-hqc128,1322907,1314947,1341085,663916,1521920,2931340
hqc128,sphincs128s-sphincs128s-hqc128,1322871,1314927,1338687,663893,1513126,2904204
hqc128,sphincs128s-sphincs128s-hqc128,1322895,1314956,1350295,663876,1516158,2926071
hqc128,sphincs128s-sphincs128s-hqc128,1322892,1314943,1360605,663885,1520917,2934057
hqc128,sphincs128s-sphincs128s-hqc128,1322921,1314941,1341100,663899,1478918,2876521
hqc128,sphincs128s-sphincs128s-hqc128,1322906,1314939,1341977,663884,1544779,3041326
hqc128,sphincs128s-sphincs128s-hqc128,1322913,1314939,1391361,663895,1529017,2972137
hqc128,sphincs128s-sphincs128s-hqc128,1322849,1314944,1344766,663905,1476824,2873941
hqc128,sphincs128s-sphincs128s-hqc128,1322897,1314925,1339644,663901,1556676,2962925
hqc128,sphincs128s-sphincs128s-hqc128,1322936,1314980,1347910,663883,1518913,2919014
hqc128,sphincs128s-sphincs128s-hqc128,1322891,1314950,1431505,663899,1532406,3017386
hqc128,sphincs128s-sphincs128s-hqc128,1322951,1314959,1339693,663848,1526105,2920686
hqc128,sphincs128s-sphincs128s-hqc128,1322873,1314932,1338560,663869,1485085,2889302
hqc128,sphincs128s-sphincs128s-hqc128,1322877,1314950,1359071,663822,1523601,2938430
hqc128,sphincs128s-sphincs128s-hqc128,1322910,1314965,1354141,663913,1537557,2947508
hqc128,sphincs128s-sphincs128s-hqc128,1322911,1314953,1342093,663912,1524579,2928503
hqc128,sphincs128s-sphincs128s-hqc128,1322912,1314978,1340085,663903,1539333,2950284
hqc128,sphincs128s-sphincs128s-hqc128,1322911,1314945,1349005,663898,1535703,2937138
hqc128,sphincs128s-sphincs128s-hqc128,1322876,1314927,1386729,663899,1523202,2975260
hqc128,sphincs128s-sphincs128s-hqc128,1322922,1314929,1368140,663882,1539028,3010205
hqc128,sphincs128s-sphincs128s-hqc128,1322891,1314937,1346654,663888,1520045,2939645
hqc128,sphincs128s-sphincs128s-hqc128,1322932,1314952,1347882,663892,1495656,2901198
hqc128,sphincs128s-sphincs128s-hqc128,1322841,1314925,1343699,663887,1502630,2899601
hqc128,sphincs128s-sphincs128s-hqc128,1322917,1314961,1361628,663908,1479932,2924490
hqc128,sphincs128s-sphincs128s-hqc128,1322863,1314927,1343784,663912,1541267,2948671
hqc128,sphincs128s-sphincs128s-hqc128,1322909,1314943,1343957,663887,1579971,2980140
hqc128,sphincs128s-sphincs128s-hqc128,1322883,1314936,1409231,663903,1484525,2946081
hqc128,sphincs128s-sphincs128s-hqc128,1322850,1314931,1342616,663898,1484753,2916843
hqc128,sphincs128s-sphincs128s-hqc128,1322889,1314927,1444691,663909,1526789,3055763
hqc128,sphincs128s-sphincs128s-hqc128,1322877,1314939,1341420,664001,1480628,2879204
hqc128,sphincs128s-sphincs128s-hqc128,1322920,1314961,1428490,663861,1519136,3001682
hqc128,sphincs128s-sphincs128s-hqc128,1322893,1314953,1343339,663925,1520447,2922761
hqc128,sphincs128s-sphincs128s-hqc128,1322942,1314955,1346162,663947,1573474,2975427
hqc128,sphincs128s-sphincs128s-hqc128,1322952,1314972,1339130,663875,1515280,2906836
hqc128,sphincs128s-sphincs128s-hqc128,1322929,1314944,1345429,663862,1515318,2934430
hqc128,sphincs128s-sphincs128s-hqc128,1322931,1314941,1341382,663857,1490440,2900252
hqc128,sphincs128s-sphincs128s-hqc128,1322894,1314952,1342838,663860,1477073,2935446
hqc128,sphincs128s-sphincs128s-hqc128,1322955,1314958,1341838,663896,1535115,2931933
hqc128,sphincs128s-sphincs128s-hqc128,1322864,1314945,1340635,663837,1504449,2900389
hqc128,sphincs128s-sphincs128s-hqc128,1322913,1314934,1359070,663888,1517691,2933209
hqc128,sphincs128s-sphincs128s-hqc128,1322897,1314958,1340156,663907,1558013,2951477
hqc128,sphincs128s-sphincs128s-hqc128,1322910,1314951,1346290,663911,1477429,2881134
hqc128,sphincs128s-sphincs128s-hqc128,1322868,1314938,1341321,663876,1476358,2875441
hqc128,sphincs128s-sphincs128s-hqc128,1322924,1314957,1349296,663927,1519715,2925132
hqc128,sphincs128s-sphincs128s-hqc128,1322886,1314964,1355845,663856,1520530,2933747
hqc128,sphincs128s-sphincs128s-hqc128,1322885,1314936,1339669,663868,1551368,2951924
hqc128,sphincs128s-sphincs128s-hqc128,1322867,1314929,1342480,663900,1485590,2880806
hqc128,sphincs128s-sphincs128s-hqc128,1322916,1314942,1340949,663904,1519416,2914123
hqc128,sphincs128s-sphincs128s-hqc128,1322892,1314961,1358585,663880,1484085,2895025
hqc128,sphincs128s-sphincs128s-hqc128,1322989,1314981,1342646,663864,1516460,2914868
hqc128,sphincs128s-sphincs128s-hqc128,1322848,1314940,1341459,663928,1477628,2880942
hqc128,sphincs128s-sphincs128s-hqc128,1322921,1314950,1349281,663891,1485072,2889055
hqc128,sphincs128s-sphincs128s-hqc128,1322882,1314957,1344465,663902,1479438,2877872
hqc128,sphincs128s-sphincs128s-hqc128,1322924,1314958,1350616,663886,1481705,2893048
hqc128,sphincs128s-sphincs128s-hqc128,1322921,1314962,1345414,663881,1482154,2883275
hqc128,sphincs128s-sphincs128s-hqc128,1322896,1314930,1342248,663895,1598112,3068780
hqc128,sphincs128s-sphincs128s-hqc128,1322909,1314951,1358966,663866,1561582,2973602
hqc128,sphincs128s-sphincs128s-hqc128,1322920,1314956,1420491,663897,1497518,2984424
hqc128,sphincs128s-sphincs128s-hqc128,1322834,1314925,1415178,663895,1519641,2990526
hqc128,sphincs128s-sphincs128s-hqc128,1322909,1314950,1342832,663880,1534575,2933606
hqc128,sphincs128s-sphincs128s-hqc128,1322901,1314941,1360814,663921,1548977,2964083
hqc128,sphincs128s-sphincs128s-hqc128,1322950,1314969,1354376,663875,1491571,2897399
hqc128,sphincs128s-sphincs128s-hqc128,1322898,1314935,1350493,663872,1486378,2889828
hqc128,sphincs128s-sphincs128s-hqc128,1322922,1314938,1338784,663844,1483045,2875231
hqc128,sphincs128s-sphincs128s-hqc128,1322934,1314949,1352233,663916,1517764,2923547
hqc128,sphincs128s-sphincs128s-hqc128,1322946,1314952,1364421,663806,1480332,2898007
hqc128,sphincs128s-sphincs128s-hqc128,1322905,1314945,1341761,663864,1559182,2955242
hqc128,sphincs128s-sphincs128s-hqc128,1322873,1314939,1346294,663934,1480528,2895294
hqc128,sphincs128s-sphincs128s-hqc128,1322953,1314951,1338718,663908,1484235,2907049
hqc128,sphincs128s-sphincs128s-hqc128,1322899,1314978,1341910,663881,1514675,2915755
hqc128,sphincs128s-sphincs128s-hqc128,1322904,1314940,1365462,663919,1515004,2937891
hqc128,sphincs128s-sphincs128s-hqc128,1322862,1314919,1339421,663903,1576679,2970687
hqc128,sphincs128s-sphincs128s-hqc128,1322862,1314940,1348482,663873,1527227,2930623
hqc128,sphincs128s-sphincs128s-hqc128,1322939,1314948,1346786,663899,1478045,2879988
hqc128,sphincs128s-sphincs128s-hqc128,1322848,1314927,1340539,663898,1481796,2877261
hqc128,sphincs128s-sphincs128s-hqc128,1322919,1314953,1349344,663907,1545875,2949182
hqc128,sphincs128s-sphincs128s-hqc128,1322881,1314953,1340981,663922,1480466,2895222
hqc128,sphincs128s-sphincs128s-hqc128,1322957,1314959,1348881,663883,1495082,2897730
hqc128,sphincs128s-sphincs128s-hqc128,1322857,1314951,1392316,663903,1582998,3039447
hqc128,sphincs128s-sphincs128s-hqc128,1322889,1314951,1383641,663883,1522712,2965851
hqc128,sphincs128s-sphincs128s-hqc128,1322925,1314951,1365016,663855,1478918,2899939
hqc128,sphincs128s-sphincs128s-hqc128,1322899,1314972,1342255,663892,1484013,2879792
hqc128,sphincs128s-sphincs128s-hqc128,1322909,1314927,1352650,663879,1521827,2927351
hqc128,sphincs128s-sphincs128s-hqc128,1322880,1314950,1341974,663876,1495160,2892734
hqc128,sphincs128s-sphincs128s-hqc128,1322902,1314946,1340292,663852,1518697,2931621
hqc128,sphincs128s-sphincs128s-hqc128,1322916,1314943,1345567,663904,1486753,2901034
hqc128,sphincs128s-sphincs128s-hqc128,1322937,1314924,1343900,663884,1530384,2940962
hqc128,sphincs128s-sphincs128s-hqc128,1322848,1314938,1360041,663913,1539404,2953857
hqc128,sphincs128s-sphincs128s-hqc128,1322919,1314967,1351495,663882,1536597,2958167
hqc128,sphincs128s-sphincs128s-hqc128,1322887,1314949,1376700,663961,1537363,2975240
hqc128,sphincs128s-sphincs128s-hqc128,1322889,1314918,1341681,663862,1534088,2929718
hqc128,sphincs128s-sphincs128s-hqc128,1322846,1314931,1370578,663875,1524042,2950528
hqc128,sphincs128s-sphincs128s-hqc128,1322908,1314944,1347061,663895,1517291,2926294
hqc128,sphincs128s-sphincs128s-hqc128,1322888,1314963,1340654,663842,1488504,2951893
hqc128,sphincs128s-sphincs128s-hqc128,1322923,1314937,1344251,663863,1479975,2881072
hqc128,sphincs128s-sphincs128s-hqc128,1322922,1314962,1339716,663901,1506161,2902996
hqc128,sphincs128s-sphincs128s-hqc128,1322942,1314966,1342529,663862,1500099,2898645
hqc128,sphincs128s-sphincs128s-hqc128,1322905,1314947,1360076,663979,1522709,3005586
hqc128,sphincs128s-sphincs128s-hqc128,1322950,1314946,1338792,663934,1480531,2873897
hqc128,sphincs128s-sphincs128s-hqc128,1322883,1314946,1342345,663889,1491914,2895763
hqc128,sphincs128s-sphincs128s-hqc128,1322914,1314954,1344531,663881,1517594,2920754
hqc128,sphincs128s-sphincs128s-hqc128,1322866,1314933,1358293,663916,1487904,2901131
hqc128,sphincs128s-sphincs128s-hqc128,1322847,1314923,1343171,663883,1480722,2893645
hqc128,sphincs128s-sphincs128s-hqc128,1322838,1314917,1339114,663882,1535203,2927858
hqc128,sphincs128s-sphincs128s-hqc128,1322906,1314943,1364577,663950,1478404,2896148
hqc128,sphincs128s-sphincs128s-hqc128,1322873,1314965,1451520,663905,1573473,3077534
hqc128,sphincs128s-sphincs128s-hqc128,1322958,1314978,1340420,663941,1507181,2911662
hqc128,sphincs128s-sphincs128s-hqc128,1322894,1314943,1338719,663853,1477538,2874635
hqc128,sphincs128s-sphincs128s-hqc128,1322909,1314948,1341095,663884,1491475,2886023
hqc128,sphincs128s-sphincs128s-hqc128,1322950,1314958,1340446,663827,1516266,2914229
hqc128,sphincs128s-sphincs128s-hqc128,1322929,1314958,1379155,663891,1522088,2969008
hqc128,sphincs128s-sphincs128s-hqc128,1322910,1314948,1343159,663938,1542348,2938973
hqc128,sphincs128s-sphincs128s-hqc128,1323141,1314946,1339933,663860,1516523,2912956
hqc128,sphincs128s-sphincs128s-hqc128,1322892,1314960,1392743,663803,1481353,2938942
hqc128,sphincs128s-sphincs128s-hqc128,1322868,1314939,1356618,663878,1487207,2900103
hqc128,sphincs128s-sphincs128s-hqc128,1322925,1314965,1349046,663870,1518610,2920725
hqc128,sphincs128s-sphincs128s-hqc128,1322850,1314932,1353097,663899,1505903,2913595
hqc128,sphincs128s-sphincs128s-hqc128,1322944,1314956,1340198,663854,1517551,2921162
hqc128,sphincs128s-sphincs128s-hqc128,1322869,1314962,1354467,663886,1487564,2912406
hqc128,sphincs128s-sphincs128s-hqc128,1322960,1314965,1344387,663918,1524224,2947015
hqc128,sphincs128s-sphincs128s-hqc128,1322854,1314943,1350734,663890,1517284,2919864
hqc128,sphincs128s-sphincs128s-hqc128,1322884,1314945,1343649,663906,1515555,2919928
hqc128,sphincs128s-sphincs128s-hqc128,1322888,1314952,1341217,663894,1477620,2871295
hqc128,sphincs128s-sphincs128s-hqc128,1322913,1314959,1339524,663948,1517145,2925830
hqc128,sphincs128s-sphincs128s-hqc128,1322867,1314942,1340535,663875,1476439,2882735
hqc128,sphincs128s-sphincs128s-hqc128,1322898,1314959,1344672,663865,1501337,2901047
hqc128,sphincs128s-sphincs128s-hqc128,1322896,1314949,1341477,663891,1476153,2870567
hqc128,sphincs128s-sphincs128s-hqc128,1322899,1314937,1342276,663840,1515513,2909738
hqc128,sphincs128s-sphincs128s-hqc128,1322860,1314933,1344731,663869,1515612,2912188
hqc128,sphincs128s-sphincs128s-hqc128,1322950,1314946,1359777,663875,1478334,2897892
hqc128,sphincs128s-sphincs128s-hqc128,1322846,1314947,1341858,663863,1482658,2880760
hqc128,sphincs128s-sphincs128s-hqc128,1322919,1314957,1340196,663946,1521890,2916745
hqc128,sphincs128s-sphincs128s-hqc128,1322849,1314936,1341819,663904,1486186,2922371
hqc128,sphincs128s-sphincs128s-hqc128,1322917,1314938,1361196,663891,1534640,2948622
hqc128,sphincs128s-sphincs128s-hqc128,1322910,1314966,1341455,663912,1516230,2914743
hqc128,sphincs128s-sphincs128s-hqc128,1322910,1314940,1339429,663841,1478254,2889718
hqc128,sphincs128s-sphincs128s-hqc128,1322859,1314936,1344978,663898,1530403,2928672
hqc128,sphincs128s-sphincs128s-hqc128,1322896,1314932,1377604,663895,1476173,2905417
hqc128,sphincs128s-sphincs128s-hqc128,1322866,1314917,1343521,663924,1515849,2912635
hqc128,sphincs128s-sphincs128s-hqc128,1322911,1314945,1339550,663900,1530942,2922557
hqc128,sphincs128s-sphincs128s-hqc128,1322888,1314961,1338719,663877,1483725,2881869
hqc128,sphincs128s-sphincs128s-hqc128,1322933,1314949,1341616,663817,1485007,2879477
hqc128,sphincs128s-sphincs128s-hqc128,1322914,1314966,1340408,663905,1517956,2912153
hqc128,sphincs128s-sphincs128s-hqc128,1322927,1314942,1346749,663953,1525807,2932828
hqc128,sphincs128s-sphincs128s-hqc128,1322875,1314949,1339490,663894,1541116,2933494
hqc128,sphincs128s-sphincs128s-hqc128,1322955,1314984,1341401,663881,1479928,2874781
hqc128,sphincs128s-sphincs128s-hqc128,1322890,1314930,1345799,663879,1516115,2942551
hqc128,sphincs128s-sphincs128s-hqc128,1322895,1314950,1345593,663873,1531632,2929899
hqc128,sphincs128s-sphincs128s-hqc128,1322839,1314932,1349817,663889,1568161,2977186
hqc128,sphincs128s-sphincs128s-hqc128,1322882,1314964,1345196,663918,1476922,2879474
hqc128,sphincs128s-sphincs128s-hqc128,1322878,1314937,1339842,663940,1477485,2871049
hqc128,sphincs128s-sphincs128s-hqc128,1322890,1314950,1344882,663954,1477982,2874759
hqc128,sphincs128s-sphincs128s-hqc128,1322926,1314934,1342149,663953,1478852,2873448
hqc128,sphincs128s-sphincs128s-hqc128,1322909,1314952,1338909,663934,1515512,2911790
hqc128,sphincs128s-sphincs128s-hqc128,1322914,1314957,1352745,663903,1522168,2931133
hqc128,sphincs128s-sphincs128s-hqc128,1322843,1314933,1337968,663923,1515925,2909503
hqc128,sphincs128s-sphincs128s-hqc128,1322964,1314964,1339169,663864,1519105,2911784
hqc128,sphincs128s-sphincs128s-hqc128,1322924,1314989,1340796,663889,1518076,2912064
hqc128,sphincs128s-sphincs128s-hqc128,1322914,1314936,1341755,663900,1545055,2938304
hqc128,sphincs128s-sphincs128s-hqc128,1322893,1314932,1339905,663878,1534883,2928338
hqc128,sphincs128s-sphincs128s-hqc128,1322904,1314955,1339162,663882,1493347,2884820
hqc128,sphincs128s-sphincs128s-hqc128,1322935,1314957,1385068,663881,1520453,2961853
hqc128,sphincs128s-sphincs128s-hqc128,1322889,1314944,1338409,663840,1514960,2920265
hqc128,sphincs128s-sphincs128s-hqc128,1322945,1314940,1347139,663895,1517597,2918577
hqc128,sphincs128s-sphincs128s-hqc128,1322860,1314957,1342872,663986,1518707,2925912
hqc128,sphincs128s-sphincs128s-hqc128,1322902,1314952,1402676,663868,1480583,2947313
hqc128,sphincs128s-sphincs128s-hqc128,1322906,1314948,1342693,663902,1517819,2920936
hqc128,sphincs128s-sphincs128s-hqc128,1322933,1314962,1340136,663886,1544100,2935616
hqc128,sphincs128s-sphincs128s-hqc128,1322917,1314954,1350814,663840,1517839,2941437
hqc128,sphincs128s-sphincs128s-hqc128,1322955,1314958,1353506,663926,1515725,2921811
hqc128,sphincs128s-sphincs128s-hqc128,1322893,1314945,1340896,663890,1476859,2896007
hqc128,sphincs128s-sphincs128s-hqc128,1322947,1314957,1369759,663932,1515176,2936960
hqc128,sphincs128s-sphincs128s-hqc128,1322899,1314944,1338101,663912,1494047,2895479
hqc128,sphincs128s-sphincs128s-hqc128,1322954,1314978,1342393,663885,1514758,2940089
hqc128,sphincs128s-sphincs128s-hqc128,1322892,1314959,1341014,663881,1517132,2912406
hqc128,sphincs128s-sphincs128s-hqc128,1322931,1314954,1362311,663891,1481947,2903063
hqc128,sphincs128s-sphincs128s-hqc128,1322854,1314943,1342198,663930,1487292,2883164
hqc128,sphincs128s-sphincs128s-hqc128,1322929,1314938,1339039,663946,1480834,2872112
hqc128,sphincs128s-sphincs128s-hqc128,1322841,1314931,1341476,663878,1516963,2914252
hqc128,sphincs128s-sphincs128s-hqc128,1322914,1314937,1353161,663936,1527363,2931895
hqc128,sphincs128s-sphincs128s-hqc128,1322901,1314940,1339041,663939,1515521,2907273
hqc128,sphincs128s-sphincs128s-hqc128,1322921,1314943,1343259,663913,1479175,2879856
hqc128,sphincs128s-sphincs128s-hqc128,1322882,1314947,1340754,663922,1519595,2923606
hqc128,sphincs128s-sphincs128s-hqc128,1322927,1314941,1354083,663879,1477394,2886814
hqc128,sphincs128s-sphincs128s-hqc128,1322876,1314953,1346873,663882,1515555,2914816
hqc128,sphincs128s-sphincs128s-hqc128,1322925,1314949,1360819,663863,1479048,2893477
hqc128,sphincs128s-sphincs128s-hqc128,1322850,1314931,1383217,663937,1530794,2965482
hqc128,sphincs128s-sphincs128s-hqc128,1322932,1314966,1338530,663829,1477926,2868984
hqc128,sphincs128s-sphincs128s-hqc128,1322910,1314963,1340964,663837,1513127,2906411
hqc128,sphincs128s-sphincs128s-hqc128,1322919,1314962,1337604,663890,1521222,2915349
hqc128,sphincs128s-sphincs128s-hqc128,1322888,1314953,1341191,663874,1477419,2872165
hqc128,sphincs128s-sphincs128s-hqc128,1322929,1314947,1470571,663906,1476338,2999158
hqc128,sphincs128s-sphincs128s-hqc128,1322852,1314921,1339298,663860,1589602,2982254
hqc128,sphincs128s-sphincs128s-hqc128,1322863,1314943,1339870,663891,1475609,2870239
hqc128,sphincs128s-sphincs128s-hqc128,1322889,1314937,1340239,663903,1479535,2871893
hqc128,sphincs128s-sphincs128s-hqc128,1322872,1314966,1341496,663919,1518083,2912475
hqc128,sphincs128s-sphincs128s-hqc128,1322937,1314976,1339394,663910,1481206,2874182
hqc128,sphincs128s-sphincs128s-hqc128,1322892,1314958,1346686,663859,1517271,2930852
hqc128,sphincs128s-sphincs128s-hqc128,1322907,1314951,1338792,663867,1499170,2890365
hqc128,sphincs128s-sphincs128s-hqc128,1322839,1314933,1340743,663902,1488479,2882684
hqc128,sphincs128s-sphincs128s-hqc128,1322941,1314959,1352638,663841,1517231,2922933
hqc128,sphincs128s-sphincs128s-hqc128,1322891,1314954,1337058,663902,1517889,2911054
hqc128,sphincs128s-sphincs128s-hqc128,1322933,1314942,1341336,663975,1520546,2916756
hqc128,sphincs128s-sphincs128s-hqc128,1322842,1314920,1345662,663882,1476403,2879021
hqc128,sphincs128s-sphincs128s-hqc128,1322890,1314955,1353695,663921,1479479,2890151
hqc128,sphincs128s-sphincs128s-hqc128,1322857,1314939,1337616,663893,1485588,2879446
hqc128,sphincs128s-sphincs128s-hqc128,1322918,1314971,1341281,663930,1519767,2976714
hqc128,sphincs128s-sphincs128s-hqc128,1322861,1314956,1341457,663932,1480539,2891941
hqc128,sphincs128s-sphincs128s-hqc128,1322904,1314933,1351799,663930,1517352,2925052
hqc128,sphincs128s-sphincs128s-hqc128,1322869,1314930,1339385,663909,1520020,2912896
hqc128,sphincs128s-sphincs128s-hqc128,1322884,1314933,1339511,663907,1523623,2918958
hqc128,sphincs128s-sphincs128s-hqc128,1322893,1314965,1339155,663851,1514718,2915774
hqc128,sphincs128s-sphincs128s-hqc128,1322883,1314952,1339943,663910,1516604,2911118
hqc128,sphincs128s-sphincs128s-hqc128,1322853,1314937,1343411,663909,1475953,2872559
hqc128,sphincs128s-sphincs128s-hqc128,1322915,1314936,1342794,663887,1481731,2877387
hqc128,sphincs128s-sphincs128s-hqc128,1322872,1314933,1342027,663861,1518482,2913141
hqc128,sphincs128s-sphincs128s-hqc128,1323506,1314938,1340599,663880,1525477,2918056
hqc128,sphincs128s-sphincs128s-hqc128,1322890,1314960,1339229,663834,1523260,2917025
hqc128,sphincs128s-sphincs128s-hqc128,1322940,1314970,1338608,663902,1484614,2879547
hqc128,sphincs128s-sphincs128s-hqc128,1322896,1314978,1342793,663899,1484845,2887825
hqc128,sphincs128s-sphincs128s-hqc128,1322868,1314939,1364886,663901,1523636,2941349
hqc128,sphincs128s-sphincs128s-hqc128,1322857,1314951,1341590,663929,1482340,2875628
hqc128,sphincs128s-sphincs128s-hqc128,1322912,1314941,1340096,663904,1540306,2940216
hqc128,sphincs128s-sphincs128s-hqc128,1322878,1314965,1343279,663925,1517942,2915721
hqc128,sphincs128s-sphincs128s-hqc128,1322911,1314946,1344608,663828,1482360,2877960
hqc128,sphincs128s-sphincs128s-hqc128,1322934,1314969,1339452,663966,1510611,2905421
hqc128,sphincs128s-sphincs128s-hqc128,1322892,1314939,1339851,663903,1476054,2878446
hqc128,sphincs128s-sphincs128s-hqc128,1322841,1314943,1341009,663861,1494544,2888964
hqc128,sphincs128s-sphincs128s-hqc128,1322902,1314935,1351874,663892,1516124,2920739
hqc128,sphincs128s-sphincs128s-hqc128,1322867,1314957,1342426,663857,1523365,2929357
hqc128,sphincs128s-sphincs128s-hqc128,1322931,1314930,1344411,663838,1522586,2920167
hqc128,sphincs128s-sphincs128s-hqc128,1322875,1314939,1340545,663874,1478411,2910812
hqc128,sphincs128s-sphincs128s-hqc128,1322924,1314957,1339589,663891,1517827,2910718
hqc128,sphincs128s-sphincs128s-hqc128,1322925,1314953,1340248,663848,1519762,2913335
hqc128,sphincs128s-sphincs128s-hqc128,1322918,1314945,1343340,663938,1522406,2919037
hqc128,sphincs128s-sphincs128s-hqc128,1322870,1314953,1341716,663908,1480483,2874143
hqc128,sphincs128s-sphincs128s-hqc128,1322893,1314949,1346062,663933,1484906,2889140
hqc128,sphincs128s-sphincs128s-hqc128,1322856,1314935,1348654,663919,1482437,2883167
hqc128,sphincs128s-sphincs128s-hqc128,1322882,1314942,1351238,663864,1528858,2932643
hqc128,sphincs128s-sphincs128s-hqc128,1322893,1314933,1344523,663860,1516614,2913301
hqc128,sphincs128s-sphincs128s-hqc128,1322882,1314928,1343306,663892,1520582,2917865
hqc128,sphincs128s-sphincs128s-hqc128,1322897,1314957,1339384,663930,1476867,2870154
hqc128,sphincs128s-sphincs128s-hqc128,1322918,1314943,1339216,663899,1514820,2910458
hqc128,sphincs128s-sphincs128s-hqc128,1322840,1314935,1343636,663890,1523405,2921469
hqc128,sphincs128s-sphincs128s-hqc128,1322885,1314935,1340815,663936,1519013,2912360
hqc128,sphincs128s-sphincs128s-hqc128,1322865,1314920,1340100,663955,1492748,2887969
hqc128,sphincs128s-sphincs128s-hqc128,1322916,1314943,1391675,663850,1481472,2925728
hqc128,sphincs128s-sphincs128s-hqc128,1322900,1314953,1350090,663940,1500068,2905109
hqc128,sphincs128s-sphincs128s-hqc128,1322901,1314970,1340471,663870,1526249,2921134
hqc128,sphincs128s-sphincs128s-hqc128,1322902,1314955,1340662,663888,1519117,2912511
hqc128,sphincs128s-sphincs128s-hqc128,1322892,1314926,1339583,663860,1519369,2921315
hqc128,sphincs128s-sphincs128s-hqc128,1322910,1314951,1340561,663914,1511869,2904898
hqc128,sphincs128s-sphincs128s-hqc128,1322940,1314942,1347184,663882,1517357,2936406
hqc128,sphincs128s-sphincs128s-hqc128,1322892,1314949,1361639,663880,1523649,6035644
hqc128,sphincs128s-sphincs128s-hqc128,1322971,1314979,1394502,663844,1482932,2963835
hqc128,sphincs128s-sphincs128s-hqc128,1322906,1314963,1348135,663863,1507126,2967006
hqc128,sphincs128s-sphincs128s-hqc128,1322880,1314921,1511234,663868,1478481,3126811
hqc128,sphincs128s-sphincs128s-hqc128,1322855,1314938,1338387,663900,1478114,2884266
hqc128,sphincs128s-sphincs128s-hqc128,1322935,1314944,1342472,663934,1517202,2915266
hqc128,sphincs128s-sphincs128s-hqc128,1322903,1314964,1343847,663872,1517711,2914157
hqc128,sphincs128s-sphincs128s-hqc128,1322893,1314945,1343622,663863,1523321,2918369
hqc128,sphincs128s-sphincs128s-hqc128,1322882,1314952,1342245,663891,1525614,2922554
hqc128,sphincs128s-sphincs128s-hqc128,1322925,1314944,1342083,663876,1546355,2942951
hqc128,sphincs128s-sphincs128s-hqc128,1322930,1314956,1365319,663911,1584274,3059519
hqc128,sphincs128s-sphincs128s-hqc128,1322902,1314954,1343599,663887,1490428,2892215
hqc128,sphincs128s-sphincs128s-hqc128,1322893,1314932,1412292,663844,1484611,3002129
hqc128,sphincs128s-sphincs128s-hqc128,1322894,1314953,1346177,663886,1517809,2924552
hqc128,sphincs128s-sphincs128s-hqc128,1322927,1314951,1371939,663839,1594588,3057960
hqc128,sphincs128s-sphincs128s-hqc128,1322933,1314954,1359047,663816,1515607,2931456
hqc128,sphincs128s-sphincs128s-hqc128,1322889,1314964,1378000,663882,1529562,2967587
hqc128,sphincs128s-sphincs128s-hqc128,1322910,1314925,1340239,663873,1519721,2913360
hqc128,sphincs128s-sphincs128s-hqc128,1322869,1314937,1364752,663922,1479517,2897527
hqc128,sphincs128s-sphincs128s-hqc128,1322934,1314965,1363970,663895,1490411,2909570
hqc128,sphincs128s-sphincs128s-hqc128,1322883,1314958,1339786,663848,1487648,2879680
hqc128,sphincs128s-sphincs128s-hqc128,1323375,1314949,1346409,663886,1519402,2919603
hqc128,sphincs128s-sphincs128s-hqc128,1322858,1314935,1340740,663875,1485124,2878915
hqc128,sphincs128s-sphincs128s-hqc128,1322941,1314980,1341800,663899,1489037,2891874
hqc128,sphincs128s-sphincs128s-hqc128,1322896,1314950,1350595,663864,1475413,2879464
hqc128,sphincs128s-sphincs128s-hqc128,1322948,1314925,1341040,663911,1475855,2870176
hqc128,sphincs128s-sphincs128s-hqc128,1322878,1314946,1341716,663889,1479164,2875640
hqc128,sphincs128s-sphincs128s-hqc128,1322880,1314917,1353465,663943,1476037,2895409
hqc128,sphincs128s-sphincs128s-hqc128,1322929,1314968,1344793,663899,1522121,2922265
hqc128,sphincs128s-sphincs128s-hqc128,1322908,1314944,1354937,663916,1520266,2937246
hqc128,sphincs128s-sphincs128s-hqc128,1322915,1314940,1358835,663857,1506566,2924465
hqc128,sphincs128s-sphincs128s-hqc128,1322928,1314953,1356813,663951,1515716,2938306
hqc128,sphincs128s-sphincs128s-hqc128,1322871,1314959,1338443,663881,1524291,2926032
hqc128,sphincs128s-sphincs128s-hqc128,1322928,1314950,1339625,663896,1516752,2909193
hqc128,sphincs128s-sphincs128s-hqc128,1322919,1314955,1339056,663945,1496432,2888654
hqc128,sphincs128s-sphincs128s-hqc128,1322926,1314959,1352892,663902,1529456,2935294
hqc128,sphincs128s-sphincs128s-hqc128,1322844,1314955,1349286,663865,1479265,2902697
hqc128,sphincs128s-sphincs128s-hqc128,1322936,1314934,1341776,663896,1518430,2913186
hqc128,sphincs128s-sphincs128s-hqc128,1322854,1314913,1338810,663879,1518194,2911361
hqc128,sphincs128s-sphincs128s-hqc128,1322906,1314954,1340159,663912,1481263,2873567
hqc128,sphincs128s-sphincs128s-hqc128,1322909,1314952,1346468,663898,1518239,2917258
hqc128,sphincs128s-sphincs128s-hqc128,1323244,1314990,1339248,663891,1478588,2875286
hqc128,sphincs128s-sphincs128s-hqc128,1323157,1314971,1340616,663919,1515415,2909678
hqc128,sphincs128s-sphincs128s-hqc128,1323172,1314965,1339828,663953,1481741,2877478
hqc128,sphincs128s-sphincs128s-hqc128,1323113,1314930,1340812,663929,1565497,2958424
hqc128,sphincs128s-sphincs128s-hqc128,1323138,1314974,1343670,663917,1521195,2919042
hqc128,sphincs128s-sphincs128s-hqc128,1323233,1314981,1341251,663857,1479546,2890243
hqc128,sphincs128s-sphincs128s-hqc128,1323180,1314969,1347295,663942,1485521,2884178
hqc128,sphincs128s-sphincs128s-hqc128,1323197,1314982,1348828,663898,1519852,2924303
hqc128,sphincs128s-sphincs128s-hqc128,1322892,1314958,1368387,663896,1480023,2916998
hqc128,sphincs128s-sphincs128s-hqc128,1322918,1314952,1346232,663864,1491114,2889503
hqc128,sphincs128s-sphincs128s-hqc128,1322905,1314979,1341576,663875,1498138,2927631
hqc128,sphincs128s-sphincs128s-hqc128,1322928,1314957,1340710,663899,1520786,2920561
hqc128,sphincs128s-sphincs128s-hqc128,1322892,1314939,1343625,663897,1527645,2935995
hqc128,sphincs128s-sphincs128s-hqc128,1322942,1314968,1341493,663840,1568467,2964318
hqc128,sphincs128s-sphincs128s-hqc128,1322880,1314950,1342537,663894,1479750,2880425
hqc128,sphincs128s-sphincs128s-hqc128,1322940,1314947,1343355,663875,1540976,2972713
hqc128,sphincs128s-sphincs128s-hqc128,1322864,1314948,1341767,663883,1517225,2921676
hqc128,sphincs128s-sphincs128s-hqc128,1322963,1314957,1348440,663918,1517644,2944190
hqc128,sphincs128s-sphincs128s-hqc128,1322873,1314956,1339974,663933,1536420,2929720
hqc128,sphincs128s-sphincs128s-hqc128,1323216,1314957,1340879,663884,1523134,2918806
hqc128,sphincs128s-sphincs128s-hqc128,1323175,1314976,1345296,663955,1521011,2922955
hqc128,sphincs128s-sphincs128s-hqc128,1323197,1314971,1369257,663905,1500856,2950119
hqc128,sphincs128s-sphincs128s-hqc128,1322887,1314954,1391006,663880,1588569,3038141
hqc128,sphincs128s-sphincs128s-hqc128,1322887,1314944,1341852,663916,1502558,2897413
hqc128,sphincs128s-sphincs128s-hqc128,1322937,1314948,1375477,663874,1540053,2983528
hqc128,sphincs128s-sphincs128s-hqc128,1322882,1314950,1351461,663853,1527857,2945258
hqc128,sphincs128s-sphincs128s-hqc128,1322968,1314978,1339118,663920,1520061,2915371
hqc128,sphincs128s-sphincs128s-hqc128,1322912,1314974,1347195,663964,1565388,2967027
hqc128,sphincs128s-sphincs128s-hqc128,1322947,1314950,1345134,663920,1484618,2882051
hqc128,sphincs128s-sphincs128s-hqc128,1322843,1314922,1347274,663858,1520861,2952923
hqc128,sphincs128s-sphincs128s-hqc128,1322894,1314927,1341917,663860,1543730,2950641
hqc128,sphincs128s-sphincs128s-hqc128,1322918,1314965,1344247,663912,1512029,2927966
hqc128,sphincs128s-sphincs128s-hqc128,1322932,1314944,1346035,663880,1506239,2909712
hqc128,sphincs128s-sphincs128s-hqc128,1322875,1314951,1382457,663848,1520287,2959429
hqc128,sphincs128s-sphincs128s-hqc128,1322907,1314920,1343280,663865,1522224,2923115
hqc128,sphincs128s-sphincs128s-hqc128,1322912,1314978,1346087,663828,1529333,2939800
hqc128,sphincs128s-sphincs128s-hqc128,1322946,1314949,1361406,663884,1483074,2898912
hqc128,sphincs128s-sphincs128s-hqc128,1322899,1314957,1345691,663900,1480691,2883068
hqc128,sphincs128s-sphincs128s-hqc128,1322972,1314964,1353081,663885,1516275,2974322
hqc128,sphincs128s-sphincs128s-hqc128,1322907,1314958,1367408,663926,1489603,2911795
hqc128,sphincs128s-sphincs128s-hqc128,1322915,1314939,1358208,663886,1478761,2894442
hqc128,sphincs128s-sphincs128s-hqc128,1322918,1314969,1347383,663861,1497200,2898301
hqc128,sphincs128s-sphincs128s-hqc128,1322895,1314951,1349208,663939,1520357,2925241
hqc128,sphincs128s-sphincs128s-hqc128,1322893,1314944,1345989,663880,1516479,2931737
hqc128,sphincs128s-sphincs128s-hqc128,1322932,1314933,1337387,663940,1477256,2872108
hqc128,sphincs128s-sphincs128s-hqc128,1322870,1314948,1346350,663844,1476911,2881267
hqc128,sphincs128s-sphincs128s-hqc128,1322936,1314951,1341011,663852,1525021,2920625
hqc128,sphincs128s-sphincs128s-hqc128,1322890,1314956,1386797,663924,1495036,2935613
hqc128,sphincs128s-sphincs128s-hqc128,1322947,1314944,1378620,663907,1479111,2916279
hqc128,sphincs128s-sphincs128s-hqc128,1322842,1314912,1339572,663901,1478631,2871539
hqc128,sphincs128s-sphincs128s-hqc128,1322886,1314936,1341735,663880,1516933,2916937
hqc128,sphincs128s-sphincs128s-hqc128,1322846,1314941,1339723,663849,1531599,2926392
hqc128,sphincs128s-sphincs128s-hqc128,1322896,1314940,1339766,663874,1478312,2876667
hqc128,sphincs128s-sphincs128s-hqc128,1322867,1314935,1340346,663883,1518535,2910887
hqc128,sphincs128s-sphincs128s-hqc128,1322879,1314923,1340236,663911,1500041,2892757
hqc128,sphincs128s-sphincs128s-hqc128,1322854,1314921,1351138,663906,1498375,2918489
hqc128,sphincs128s-sphincs128s-hqc128,1322933,1314947,1349768,663883,1582278,2984584
hqc128,sphincs128s-sphincs128s-hqc128,1322932,1314967,1346602,663844,1506033,2914141
hqc128,sphincs128s-sphincs128s-hqc128,1322908,1314949,1371487,663861,1520456,2946768
hqc128,sphincs128s-sphincs128s-hqc128,1322878,1314941,1341960,663885,1507890,2952370
hqc128,sphincs128s-sphincs128s-hqc128,1322896,1314945,1348213,663881,1479799,2886218
hqc128,sphincs128s-sphincs128s-hqc128,1322907,1314953,1342790,663923,1488372,2885091
hqc128,sphincs128s-sphincs128s-hqc128,1322896,1314956,1344838,663888,1521067,2919938
hqc128,sphincs128s-sphincs128s-hqc128,1322906,1314939,1353188,663964,1519031,2927699
hqc128,sphincs128s-sphincs128s-hqc128,1322866,1314956,1397559,663902,1477560,2928351
hqc128,sphincs128s-sphincs128s-hqc128,1322924,1314947,1339526,663899,1518611,2913493
hqc128,sphincs128s-sphincs128s-hqc128,1322883,1314939,1347732,663898,1516592,2918847
hqc128,sphincs128s-sphincs128s-hqc128,1322907,1314945,1343411,663886,1515632,2920080
hqc128,sphincs128s-sphincs128s-hqc128,1322841,1314922,1341965,663827,1524275,2921163
hqc128,sphincs128s-sphincs128s-hqc128,1322928,1314957,1340092,663840,1521159,2916230
hqc128,sphincs128s-sphincs128s-hqc128,1322868,1314930,1339909,663893,1516912,2909120
hqc128,sphincs128s-sphincs128s-hqc128,1322909,1314952,1339155,663917,1518898,2911579
hqc128,sphincs128s-sphincs128s-hqc128,1322890,1314927,1341913,663885,1515336,2909772
hqc128,sphincs128s-sphincs128s-hqc128,1322942,1314936,1339435,663934,1524021,2923365
hqc128,sphincs128s-sphincs128s-hqc128,1322913,1314960,1340260,663954,1538229,2930287
hqc128,sphincs128s-sphincs128s-hqc128,1322908,1314957,1339344,663881,1520774,2927289
hqc128,sphincs128s-sphincs128s-hqc128,1322875,1314949,1346654,663900,1483570,2884523
hqc128,sphincs128s-sphincs128s-hqc128,1322912,1314952,1342297,663868,1519953,2918694
hqc128,sphincs128s-sphincs128s-hqc128,1322833,1314946,1381433,663837,1477055,2911286
hqc128,sphincs128s-sphincs128s-hqc128,1322920,1314942,1338984,663876,1515294,2907409
hqc128,sphincs128s-sphincs128s-hqc128,1322896,1314934,1342229,663902,1537147,2940074
hqc128,sphincs128s-sphincs128s-hqc128,1322850,1314925,1355378,663895,1480759,2895229
hqc128,sphincs128s-sphincs128s-hqc128,1322912,1314919,1345725,663955,1484190,2882431
hqc128,sphincs128s-sphincs128s-hqc128,1322922,1314943,1340974,663855,1521974,2916427
hqc128,sphincs128s-sphincs128s-hqc128,1322941,1314954,1347886,663868,1517229,2929255
hqc128,sphincs128s-sphincs128s-hqc128,1322900,1314957,1342349,663905,1520991,2916859
hqc128,sphincs128s-sphincs128s-hqc128,1322856,1314945,1349376,663847,1529125,2931255
hqc128,sphincs128s-sphincs128s-hqc128,1322948,1314963,1360990,663904,1517822,2942900
hqc128,sphincs128s-sphincs128s-hqc128,1322918,1314946,1357489,663932,1483264,2893247
hqc128,sphincs128s-sphincs128s-hqc128,1322912,1314950,1358723,663827,1520308,2935697
hqc128,sphincs128s-sphincs128s-hqc128,1322905,1314960,1350795,663791,1601946,3009826
hqc128,sphincs128s-sphincs128s-hqc128,1322911,1314961,1363815,663859,1528081,2946641
hqc128,sphincs128s-sphincs128s-hqc128,1322909,1314953,1360998,663917,1527188,2942352
hqc128,sphincs128s-sphincs128s-hqc128,1322954,1314975,1370600,663850,1544572,3002992
hqc128,sphincs128s-sphincs128s-hqc128,1322894,1314946,1352647,663896,1523109,2986537
hqc128,sphincs128s-sphincs128s-hqc128,1322849,1314959,1340371,663920,1483222,2879023
hqc128,sphincs128s-sphincs128s-hqc128,1322928,1314952,1341511,663869,1479311,2882502
hqc128,sphincs128s-sphincs128s-hqc128,1322894,1314938,1342782,663885,1477147,2872686
hqc128,sphincs128s-sphincs128s-hqc128,1322910,1314934,1339681,663884,1517756,2946055
hqc128,sphincs128s-sphincs128s-hqc128,1322881,1314940,1352765,663863,1517436,2998404
hqc128,sphincs128s-sphincs128s-hqc128,1322891,1314951,1340206,663876,1568189,2963546
hqc128,sphincs128s-sphincs128s-hqc128,1322866,1314912,1382507,663927,1585407,3026699
hqc128,sphincs128s-sphincs128s-hqc128,1322962,1314952,1350929,663929,1533344,2940603
hqc128,sphincs128s-sphincs128s-hqc128,1322895,1314942,1344748,663922,1477509,2875345
hqc128,sphincs128s-sphincs128s-hqc128,1322910,1314931,1342186,663921,1520683,2916441
hqc128,sphincs128s-sphincs128s-hqc128,1322887,1314957,1338270,663933,1483458,2882194
hqc128,sphincs128s-sphincs128s-hqc128,1322915,1314955,1341010,663878,1518080,2929614
hqc128,sphincs128s-sphincs128s-hqc128,1322904,1314931,1339840,663879,1522342,2916668
hqc128,sphincs128s-sphincs128s-hqc128,1322911,1314965,1340602,663840,1538872,2931294
hqc128,sphincs128s-sphincs128s-hqc128,1322854,1314965,1337898,663897,1518093,2909569
hqc128,sphincs128s-sphincs128s-hqc128,1322879,1314935,1340619,663875,1592405,2986294
hqc128,sphincs128s-sphincs128s-hqc128,1322949,1314962,1339660,663892,1492152,2884250
hqc128,sphincs128s-sphincs128s-hqc128,1322862,1314937,1345365,663867,1482411,2887265
hqc128,sphincs128s-sphincs128s-hqc128,1322876,1314908,1340097,663927,1476591,2871622
hqc128,sphincs128s-sphincs128s-hqc128,1322886,1314946,1353577,663867,1518193,2925199
hqc128,sphincs128s-sphincs128s-hqc128,1322921,1314948,1338998,663945,1517777,2913129
hqc128,sphincs128s-sphincs128s-hqc128,1322882,1314948,1339046,663949,1523174,2916715
hqc128,sphincs128s-sphincs128s-hqc128,1322932,1314960,1340264,663900,1516081,2911329
hqc128,sphincs128s-sphincs128s-hqc128,1322878,1314952,1380041,663911,1514878,2963223
hqc128,sphincs128s-sphincs128s-hqc128,1322884,1314927,1393758,663899,1530554,3006756
hqc128,sphincs128s-sphincs128s-hqc128,1322930,1314948,1347064,663861,1479387,2881121
hqc128,sphincs128s-sphincs128s-hqc128,1322854,1314936,1349351,663930,1479476,2880728
hqc128,sphincs128s-sphincs128s-hqc128,1322886,1314945,1338973,663868,1529976,2924141
hqc128,sphincs128s-sphincs128s-hqc128,1322915,1314967,1338524,663867,1521844,3028336
hqc128,sphincs128s-sphincs128s-hqc128,1322852,1314923,1343056,663900,1521391,2924658
hqc128,sphincs128s-sphincs128s-hqc128,1322922,1314945,1348098,663869,1518960,2920069
hqc128,sphincs128s-sphincs128s-hqc128,1322910,1314953,1342985,663860,1515577,2916776
hqc128,sphincs128s-sphincs128s-hqc128,1322885,1314946,1339029,663857,1521574,2913707
hqc128,sphincs128s-sphincs128s-hqc128,1322910,1314929,1354195,663873,1519152,2928347
hqc128,sphincs128s-sphincs128s-hqc128,1322894,1314963,1337863,663823,1515632,2908537
hqc128,sphincs128s-sphincs128s-hqc128,1322960,1314961,1362898,663897,1526996,2942085
hqc128,sphincs128s-sphincs128s-hqc128,1322907,1314960,1339869,663850,1475748,2879694
hqc128,sphincs128s-sphincs128s-hqc128,1322874,1314917,1354778,663880,1484334,2896030
hqc128,sphincs128s-sphincs128s-hqc128,1322905,1314955,1344466,663942,1505049,2911846
hqc128,sphincs128s-sphincs128s-hqc128,1322885,1314956,1369534,663889,1524413,3081961
hqc128,sphincs128s-sphincs128s-hqc128,1322908,1314940,1344412,663889,1515944,2943957
hqc128,sphincs128s-sphincs128s-hqc128,1322855,1314927,1339706,663855,1528101,2920925
hqc128,sphincs128s-sphincs128s-hqc128,1323575,1314982,1340426,663909,1528290,2939657
hqc128,sphincs128s-sphincs128s-hqc128,1322930,1314978,1343080,663929,1519641,2928134
hqc128,sphincs128s-sphincs128s-hqc128,1322933,1314934,1343695,663908,1540831,2957363
hqc128,sphincs128s-sphincs128s-hqc128,1322897,1314950,1351116,663878,1476946,2897584
hqc128,sphincs128s-sphincs128s-hqc128,1322914,1314968,1353649,663858,1524806,2931205
hqc128,sphincs128s-sphincs128s-hqc128,1322930,1314966,1361677,663885,1518516,2930916
hqc128,sphincs128s-sphincs128s-hqc128,1322884,1314933,1380330,663890,1478671,2916537
hqc128,sphincs128s-sphincs128s-hqc128,1322976,1314952,1349372,663878,1503451,2903593
hqc128,sphincs128s-sphincs128s-hqc128,1322888,1314964,1337412,663889,1476212,2879850
hqc128,sphincs128s-sphincs128s-hqc128,1322908,1314933,1359649,663902,1517359,2929157
hqc128,sphincs128s-sphincs128s-hqc128,1322904,1314956,1339156,663857,1516528,2907961
hqc128,sphincs128s-sphincs128s-hqc128,1322955,1314956,1342822,663883,1541243,2966222
hqc128,sphincs128s-sphincs128s-hqc128,1322905,1314950,1341174,663909,1481377,2874968
hqc128,sphincs128s-sphincs128s-hqc128,1322918,1314966,1343261,663877,1524563,2919705
hqc128,sphincs128s-sphincs128s-hqc128,1322907,1314963,1341064,663903,1516588,2919011
hqc128,sphincs128s-sphincs128s-hqc128,1322912,1314950,1344336,663899,1498033,2917643
hqc128,sphincs128s-sphincs128s-hqc128,1322883,1314960,1344752,663853,1477047,2881047
hqc128,sphincs128s-sphincs128s-hqc128,1322914,1314945,1340617,663858,1519031,2914040
hqc128,sphincs128s-sphincs128s-hqc128,1322878,1314951,1342196,663928,1516762,2917128
hqc128,sphincs128s-sphincs128s-hqc128,1322950,1314946,1339048,663894,1520901,2915541
hqc128,sphincs128s-sphincs128s-hqc128,1322864,1314930,1340269,663907,1516444,2909862
hqc128,sphincs128s-sphincs128s-hqc128,1322923,1314945,1358777,663914,1517964,2928728
hqc128,sphincs128s-sphincs128s-hqc128,1322922,1314970,1343847,663858,1521835,2917392
hqc128,sphincs128s-sphincs128s-hqc128,1322944,1314963,1339727,663919,1521373,2918055
hqc128,sphincs128s-sphincs128s-hqc128,1322901,1314945,1345148,663879,1518814,2917007
hqc128,sphincs128s-sphincs128s-hqc128,1322900,1314946,1341430,663962,1535890,2947395
hqc128,sphincs128s-sphincs128s-hqc128,1322914,1314955,1341370,663843,1516378,2919902
hqc128,sphincs128s-sphincs128s-hqc128,1322913,1314943,1337777,663936,1515741,2926557
hqc128,sphincs128s-sphincs128s-hqc128,1322883,1314962,1339805,663912,1538655,2976080
hqc128,sphincs128s-sphincs128s-hqc128,1322942,1314953,1344695,663874,1569482,2967681
hqc128,sphincs128s-sphincs128s-hqc128,1322897,1314923,1355377,663930,1490506,2948952
hqc128,sphincs128s-sphincs128s-hqc128,1322865,1314913,1342463,663924,1483602,2879325
hqc128,sphincs128s-sphincs128s-hqc128,1322921,1314973,1339979,663884,1486777,2879306
hqc128,sphincs128s-sphincs128s-hqc128,1322909,1314963,1339563,663879,1509452,2905165
hqc128,sphincs128s-sphincs128s-hqc128,1322937,1314938,1338749,663889,1488443,2898388
hqc128,sphincs128s-sphincs128s-hqc128,1322883,1314956,1339974,663890,1521362,2917546
hqc128,sphincs128s-sphincs128s-hqc128,1322935,1314947,1346275,663908,1517050,2918642
hqc128,sphincs128s-sphincs128s-hqc128,1322920,1314958,1343454,663851,1531208,2978119
hqc128,sphincs128s-sphincs128s-hqc128,1322944,1314952,1339094,663896,1480465,2883373
hqc128,sphincs128s-sphincs128s-hqc128,1322892,1314955,1358074,663844,1522420,2936768
hqc128,sphincs128s-sphincs128s-hqc128,1322907,1314943,1341979,663858,1543212,2949217
hqc128,sphincs128s-sphincs128s-hqc128,1322893,1314939,1341563,663904,1481836,2877184
hqc128,sphincs128s-sphincs128s-hqc128,1322916,1314941,1338399,663886,1520525,2919288
hqc128,sphincs128s-sphincs128s-hqc128,1322953,1314955,1362251,663871,1486936,2915042
hqc128,sphincs128s-sphincs128s-hqc128,1322946,1314946,1340601,663924,1501226,2894949
hqc128,sphincs128s-sphincs128s-hqc128,1322896,1314977,1348063,663888,1515766,2916325
hqc128,sphincs128s-sphincs128s-hqc128,1322942,1314949,1370064,663872,1518455,2944148
hqc128,sphincs128s-sphincs128s-hqc128,1322870,1314937,1339926,663882,1478073,2871320
hqc128,sphincs128s-sphincs128s-hqc128,1322942,1314940,1356912,663882,1515963,2925413
hqc128,sphincs128s-sphincs128s-hqc128,1322890,1314947,1363589,663882,1525734,2942711
hqc128,sphincs128s-sphincs128s-hqc128,1322915,1314939,1340026,663897,1488136,2879961
hqc128,sphincs128s-sphincs128s-hqc128,1322927,1314970,1386879,663890,1543135,2992104
hqc128,sphincs128s-sphincs128s-hqc128,1322940,1314952,1346004,663955,1517428,2918050
hqc128,sphincs128s-sphincs128s-hqc128,1322905,1314949,1343418,663853,1514806,2932433
hqc128,sphincs128s-sphincs128s-hqc128,1322910,1314954,1346081,663847,1523039,2924426
hqc128,sphincs128s-sphincs128s-hqc128,1322868,1314944,1341652,663910,1481459,2875835
hqc128,sphincs128s-sphincs128s-hqc128,1322959,1314951,1340946,663902,1518579,2911307
hqc128,sphincs128s-sphincs128s-hqc128,1322823,1314928,1341634,663901,1575608,2981347
hqc128,sphincs128s-sphincs128s-hqc128,1322919,1314971,1347894,663859,1560276,2961803
hqc128,sphincs128s-sphincs128s-hqc128,1323569,1314974,1341188,663870,1519895,2919513
hqc128,sphincs128s-sphincs128s-hqc128,1322887,1314948,1339209,663885,1533118,2928379
hqc128,sphincs128s-sphincs128s-hqc128,1322967,1314969,1340626,663922,1516954,2913059
hqc128,sphincs128s-sphincs128s-hqc128,1322840,1314931,1338034,663920,1486946,2880462
hqc128,sphincs128s-sphincs128s-hqc128,1322887,1314939,1345557,663913,1478764,2881115
hqc128,sphincs128s-sphincs128s-hqc128,1322861,1314925,1353708,663902,1527455,2933809
hqc128,sphincs128s-sphincs128s-hqc128,1322937,1314960,1401370,663920,1524381,2976341
hqc128,sphincs128s-sphincs128s-hqc128,1322904,1314940,1343377,663854,1523072,3011006
hqc128,sphincs128s-sphincs128s-hqc128,1322888,1314931,1359617,663923,1560983,2972878
hqc128,sphincs128s-sphincs128s-hqc128,1322898,1314936,1414635,663909,1480252,2984754
hqc128,sphincs128s-sphincs128s-hqc128,1322900,1314928,1341576,663935,1533703,2927654
hqc128,sphincs128s-sphincs128s-hqc128,1322884,1314947,1357828,663929,1482503,2897798
hqc128,sphincs128s-sphincs128s-hqc128,1322917,1314946,1339913,663894,1520064,2923591
hqc128,sphincs128s-sphincs128s-hqc128,1322914,1314985,1345820,663831,1525369,2929078
hqc128,sphincs128s-sphincs128s-hqc128,1322955,1314978,1351987,663903,1528774,2934859
hqc128,sphincs128s-sphincs128s-hqc128,1322865,1314935,1339337,663926,1484302,2876372
hqc128,sphincs128s-sphincs128s-hqc128,1322973,1314955,1349708,663849,1519627,2933418
hqc128,sphincs128s-sphincs128s-hqc128,1322928,1314955,1403609,663860,1511328,3049947
hqc128,sphincs128s-sphincs128s-hqc128,1322842,1314924,1384393,663927,1646776,3115061
hqc128,sphincs128s-sphincs128s-hqc128,1322920,1314951,1352000,663884,1525745,3024566
hqc128,sphincs128s-sphincs128s-hqc128,1322902,1314950,1356475,663924,1561300,2988297
hqc128,sphincs128s-sphincs128s-hqc128,1322905,1314954,1383303,663863,1770681,3208336
hqc128,sphincs128s-sphincs128s-hqc128,1322936,1314961,1402330,663833,1527115,3001844
hqc128,sphincs128s-sphincs128s-hqc128,1322932,1314960,1368285,663914,1668142,3098993
hqc128,sphincs128s-sphincs128s-hqc128,1322954,1314966,1348384,663885,1540859,2943625
hqc128,sphincs128s-sphincs128s-hqc128,1322933,1314956,1370727,663833,1560001,2995371
hqc128,sphincs128s-sphincs128s-hqc128,1322884,1314972,1378018,663898,1497991,2944995
hqc128,sphincs128s-sphincs128s-hqc128,1322931,1314958,1558706,663834,1635255,3260155
hqc128,sphincs128s-sphincs128s-hqc128,1322948,1314947,1347706,663889,1548757,2950809
hqc128,sphincs128s-sphincs128s-hqc128,1322942,1314970,1357458,663886,1629419,3101644
hqc128,sphincs128s-sphincs128s-hqc128,1322875,1314929,1368947,663830,1605025,3094903
hqc128,sphincs128s-sphincs128s-hqc128,1322888,1314946,1368866,663891,1709914,3148962
hqc128,sphincs128s-sphincs128s-hqc128,1322893,1314977,1419902,663909,1481569,2956892
hqc128,sphincs128s-sphincs128s-hqc128,1322878,1314922,1378682,663953,1651553,3112731
hqc128,sphincs128s-sphincs128s-hqc128,1322949,1314960,1373593,663912,1505863,2953345
hqc128,sphincs128s-sphincs128s-hqc128,1322876,1314942,1346239,663917,1582922,3000173
hqc128,sphincs128s-sphincs128s-hqc128,1322889,1314958,1389504,663867,1488591,2931656
hqc128,sphincs128s-sphincs128s-hqc128,1322962,1314976,1350403,663891,1521128,2926491
hqc128,sphincs128s-sphincs128s-hqc128,1322935,1314957,1343530,663873,1532490,2930303
hqc128,sphincs128s-sphincs128s-hqc128,1322961,1314950,1337449,663875,1527431,2938189
hqc128,sphincs128s-sphincs128s-hqc128,1322905,1314955,1356825,663905,1515692,2935876
hqc128,sphincs128s-sphincs128s-hqc128,1322930,1314938,1341499,663883,1516191,2941687
hqc128,sphincs128s-sphincs128s-hqc128,1322884,1314948,1339967,663877,1502107,2893602
hqc128,sphincs128s-sphincs128s-hqc128,1322933,1314921,1342365,663885,1516822,2911882
hqc128,sphincs128s-sphincs128s-hqc128,1322895,1314987,1339723,663889,1481135,2877175
hqc128,sphincs128s-sphincs128s-hqc128,1322942,1314952,1340303,663922,1535985,2933248
hqc128,sphincs128s-sphincs128s-hqc128,1322911,1314960,1352087,663868,1517500,2926123
hqc128,sphincs128s-sphincs128s-hqc128,1322909,1314933,1342015,663892,1520389,2917385
hqc128,sphincs128s-sphincs128s-hqc128,1322918,1314966,1339721,663886,1486177,2879051
hqc128,sphincs128s-sphincs128s-hqc128,1322917,1314959,1338072,663922,1516634,2929321
hqc128,sphincs128s-sphincs128s-hqc128,1322900,1314970,1340964,663851,1479252,2874130
hqc128,sphincs128s-sphincs128s-hqc128,1322925,1314945,1343407,663880,1479948,2888711
hqc128,sphincs128s-sphincs128s-hqc128,1322848,1314945,1357070,663892,1485900,2902106
hqc128,sphincs128s-sphincs128s-hqc128,1322905,1314941,1373154,663891,1518080,2961228
hqc128,sphincs128s-sphincs128s-hqc128,1322902,1314969,1340846,663934,1479540,2877493
hqc128,sphincs128s-sphincs128s-hqc128,1322890,1314928,1347614,663832,1518675,2923655
hqc128,sphincs128s-sphincs128s-hqc128,1322882,1314938,1411331,663917,1521867,2991360
hqc128,sphincs128s-sphincs128s-hqc128,1323255,1314978,1356218,663910,1528058,2957652
hqc128,sphincs128s-sphincs128s-hqc128,1322849,1314936,1402665,663883,1536010,2996845
hqc128,sphincs128s-sphincs128s-hqc128,1322947,1314972,1382874,663940,1516282,2952467
hqc128,sphincs128s-sphincs128s-hqc128,1322882,1314960,1340262,663855,1505354,2901833
hqc128,sphincs128s-sphincs128s-hqc128,1322898,1314961,1362710,663850,1519232,2934495
hqc128,sphincs128s-sphincs128s-hqc128,1322870,1314934,1365795,663897,1533856,3040411
hqc128,sphincs128s-sphincs128s-hqc128,1322947,1314960,1422775,663838,1504144,3009196
hqc128,sphincs128s-sphincs128s-hqc128,1322837,1314943,1356599,663865,1526179,2984846
hqc128,sphincs128s-sphincs128s-hqc128,1322937,1314962,1378269,663929,1559478,3005497
hqc128,sphincs128s-sphincs128s-hqc128,1322899,1314943,1396894,663923,1699429,3172981
hqc128,sphincs128s-sphincs128s-hqc128,1322930,1314925,1782810,663907,1569476,3447177
hqc128,sphincs128s-sphincs128s-hqc128,1322892,1314958,1348211,663902,1575010,3064264
hqc128,sphincs128s-sphincs128s-hqc128,1322862,1314936,1394996,663879,1536585,3064542
hqc128,sphincs128s-sphincs128s-hqc128,1322853,1314941,1460178,663863,1527858,3064921
hqc128,sphincs128s-sphincs128s-hqc128,1322914,1314945,1372293,663895,1551762,3004958
hqc128,sphincs128s-sphincs128s-hqc128,1322855,1314958,1382586,663880,1526910,3182186
hqc128,sphincs128s-sphincs128s-hqc128,1322871,1314954,1365678,663862,1551004,3074132
hqc128,sphincs128s-sphincs128s-hqc128,1322906,1314954,1580947,663871,1489288,3198800
hqc128,sphincs128s-sphincs128s-hqc128,1322907,1314946,1360351,663912,1497239,3043673
hqc128,sphincs128s-sphincs128s-hqc128,1322921,1314960,1433244,663878,1533284,3024589
hqc128,sphincs128s-sphincs128s-hqc128,1322938,1314986,1393967,663851,1522911,2977619
hqc128,sphincs128s-sphincs128s-hqc128,1322927,1314952,1351616,663935,1661580,3074554
hqc128,sphincs128s-sphincs128s-hqc128,1322958,1314947,1400286,663873,1540788,3028989
hqc128,sphincs128s-sphincs128s-hqc128,1322915,1314956,1349359,663884,1639401,3048743
hqc128,sphincs128s-sphincs128s-hqc128,1322951,1314939,1353165,663906,1505944,2920263
hqc128,sphincs128s-sphincs128s-hqc128,1322876,1314944,1374786,663863,1538595,2984765
hqc128,sphincs128s-sphincs128s-hqc128,1322874,1314942,1385997,663930,1508586,2946186
hqc128,sphincs128s-sphincs128s-hqc128,1322889,1314961,1484726,663876,1539445,3117365
hqc128,sphincs128s-sphincs128s-hqc128,1322895,1314935,1411828,663916,1515642,3053975
hqc128,sphincs128s-sphincs128s-hqc128,1322906,1314947,1364769,663893,1540151,2965141
hqc128,sphincs128s-sphincs128s-hqc128,1322902,1314953,1369049,663871,1592562,3052412
hqc128,sphincs128s-sphincs128s-hqc128,1322840,1314933,1508305,663877,1500471,3099109
hqc128,sphincs128s-sphincs128s-hqc128,1322880,1314969,1380703,663876,1524352,2986767
hqc128,sphincs128s-sphincs128s-hqc128,1322869,1314940,1428739,663862,1623908,3116712
hqc128,sphincs128s-sphincs128s-hqc128,1322909,1314948,1498107,663890,1593732,3214731
hqc128,sphincs128s-sphincs128s-hqc128,1322878,1314953,1539412,663833,1662399,3257170
hqc128,sphincs128s-sphincs128s-hqc128,1322902,1314957,1366040,663886,1614066,3138314
hqc128,sphincs128s-sphincs128s-hqc128,1322834,1314950,1374275,663909,1517299,2984993
hqc128,sphincs128s-sphincs128s-hqc128,1322883,1314936,1465014,663921,1504950,3027036
hqc128,sphincs128s-sphincs128s-hqc128,1322884,1314923,1504910,663906,1537435,3224099
hqc128,sphincs128s-sphincs128s-hqc128,1322888,1314970,1400674,663817,1557945,3177111
hqc128,sphincs128s-sphincs128s-hqc128,1322845,1314942,1433745,663858,1486224,2989332
hqc128,sphincs128s-sphincs128s-hqc128,1322910,1314954,1363098,663847,1781257,3218248
hqc128,sphincs128s-sphincs128s-hqc128,1322855,1314929,1365702,663838,1526233,2964714
hqc128,sphincs128s-sphincs128s-hqc128,1322928,1314942,1513221,663893,1543963,3135402
hqc128,sphincs128s-sphincs128s-hqc128,1322890,1314954,1384787,663862,1527517,2981492
hqc128,sphincs128s-sphincs128s-hqc128,1322940,1314928,1361939,663923,1542304,2955838
hqc128,sphincs128s-sphincs128s-hqc128,1322932,1314944,1390864,663871,1547766,2998432
hqc128,sphincs128s-sphincs128s-hqc128,1322903,1314964,1369769,663926,1531342,2968173
hqc128,sphincs128s-sphincs128s-hqc128,1322901,1314926,1382756,663916,1589390,3127121
hqc128,sphincs128s-sphincs128s-hqc128,1322931,1314938,1393685,663869,1545512,2999694
hqc128,sphincs128s-sphincs128s-hqc128,1322907,1314933,1341084,663888,1476812,2873482
hqc128,sphincs128s-sphincs128s-hqc128,1322922,1314971,1338882,663864,1516055,2919804
hqc128,sphincs128s-sphincs128s-hqc128,1322936,1314944,1365247,663951,1548603,2967849
hqc128,sphincs128s-sphincs128s-hqc128,1322884,1314940,1365694,663892,1640232,3066478
hqc128,sphincs128s-sphincs128s-hqc128,1322911,1314946,1423428,663883,1646681,3128909
hqc128,sphincs128s-sphincs128s-hqc128,1322926,1314936,1344750,663889,1540997,2968928
hqc128,sphincs128s-sphincs128s-hqc128,1322894,1314956,1438397,663887,1559088,3083869
hqc128,sphincs128s-sphincs128s-hqc128,1322916,1314934,1344915,663860,1522124,2994553
hqc128,sphincs128s-sphincs128s-hqc128,1322877,1314934,1360446,663935,1583151,3011937
hqc128,sphincs128s-sphincs128s-hqc128,1322905,1314973,1498393,663945,1516731,3075015
hqc128,sphincs128s-sphincs128s-hqc128,1322901,1314938,1341388,663979,1510838,2905888
hqc128,sphincs128s-sphincs128s-hqc128,1322901,1314952,1354906,663892,1520258,2929560
hqc128,sphincs128s-sphincs128s-hqc128,1322896,1314941,1365429,663935,1541133,3006516
hqc128,sphincs128s-sphincs128s-hqc128,1322904,1314930,1340143,663869,1533802,2927137
hqc128,sphincs128s-sphincs128s-hqc128,1322942,1314958,1347764,663939,1484833,2884542
hqc128,sphincs128s-sphincs128s-hqc128,1322857,1314932,1339365,663863,1508863,2952561
hqc128,sphincs128s-sphincs128s-hqc128,1322915,1314951,1340017,663883,1479801,2872176
hqc128,sphincs128s-sphincs128s-hqc128,1322878,1314959,1339647,663855,1515528,2911762
hqc128,sphincs128s-sphincs128s-hqc128,1322883,1314938,1339308,663920,1516541,2910157
hqc128,sphincs128s-sphincs128s-hqc128,1322888,1314940,1341439,663895,1514917,2911845
hqc128,sphincs128s-sphincs128s-hqc128,1322943,1314951,1389160,663893,1497518,2939051
hqc128,sphincs128s-sphincs128s-hqc128,1322922,1314962,1343703,663880,1530222,2941620
hqc128,sphincs128s-sphincs128s-hqc128,1322964,1314930,1340931,663855,1481482,2883330
hqc128,sphincs128s-sphincs128s-hqc128,1322903,1314946,1350023,663923,1521509,2927835
hqc128,sphincs128s-sphincs128s-hqc128,1322918,1314929,1338579,663951,1476394,2866784
hqc128,sphincs128s-sphincs128s-hqc128,1323171,1314945,1340865,663923,1486835,2940192
hqc128,sphincs128s-sphincs128s-hqc128,1322940,1314958,1366353,663920,1525170,2944087
hqc128,sphincs128s-sphincs128s-hqc128,1322912,1314958,1342857,663872,1479043,2877551
hqc128,sphincs128s-sphincs128s-hqc128,1322960,1314982,1340634,663926,1505096,2904377
hqc128,sphincs128s-sphincs128s-hqc128,1322865,1314941,1337114,663899,1479667,2874407
hqc128,sphincs128s-sphincs128s-hqc128,1322936,1314924,1342812,663888,1515558,2912501
hqc128,sphincs128s-sphincs128s-hqc128,1322893,1314942,1344173,663883,1483952,2893534
hqc128,sphincs128s-sphincs128s-hqc128,1322897,1314951,1343717,663847,1503169,2911428
hqc128,sphincs128s-sphincs128s-hqc128,1322863,1314945,1340291,663857,1517860,2911240
hqc128,sphincs128s-sphincs128s-hqc128,1322940,1314956,1342507,663907,1518772,2913729
hqc128,sphincs128s-sphincs128s-hqc128,1322904,1314962,1344749,663912,1481833,2894524
hqc128,sphincs128s-sphincs128s-hqc128,1322878,1314920,1347427,663836,1542648,2942509
hqc128,sphincs128s-sphincs128s-hqc128,1322886,1314950,1350343,663880,1525441,2928941
hqc128,sphincs128s-sphincs128s-hqc128,1322892,1314948,1339723,663888,1483335,2877324
hqc128,sphincs128s-sphincs128s-hqc128,1322922,1314949,1374269,663850,1495056,2927833
hqc128,sphincs128s-sphincs128s-hqc128,1322920,1314951,1347267,663898,1562643,2961203
hqc128,sphincs128s-sphincs128s-hqc128,1322904,1314931,1342359,663908,1518555,2915198
hqc128,sphincs128s-sphincs128s-hqc128,1322921,1314952,1348429,663915,1497849,2916971
hqc128,sphincs128s-sphincs128s-hqc128,1322880,1314947,1357677,663934,1523438,2934584
hqc128,sphincs128s-sphincs128s-hqc128,1322862,1314953,1341071,663892,1481883,2876773
hqc128,sphincs128s-sphincs128s-hqc128,1322954,1314962,1340777,663866,1516894,2912314
hqc128,sphincs128s-sphincs128s-hqc128,1322882,1314953,1365309,663878,1517623,2948327
hqc128,sphincs128s-sphincs128s-hqc128,1322956,1314951,1340818,663895,1524600,2917865
hqc128,sphincs128s-sphincs128s-hqc128,1322886,1314944,1369675,663921,1524744,2946968
hqc128,sphincs128s-sphincs128s-hqc128,1322943,1314952,1341139,663935,1490775,2883921
hqc128,sphincs128s-sphincs128s-hqc128,1322861,1314951,1356051,663873,1543587,3073983
hqc128,sphincs128s-sphincs128s-hqc128,1322958,1314964,1369880,663919,1544322,2968778
hqc128,sphincs128s-sphincs128s-hqc128,1322891,1314946,1347474,663879,1546740,2952059
hqc128,sphincs128s-sphincs128s-hqc128,1322894,1314936,1343496,663898,1521396,2920116
hqc128,sphincs128s-sphincs128s-hqc128,1322885,1314940,1340342,663852,1516873,2918562
hqc128,sphincs128s-sphincs128s-hqc128,1322896,1314953,1371650,663864,1526249,2966379
hqc128,sphincs128s-sphincs128s-hqc128,1322864,1314929,1386473,663863,1520618,2958586
hqc128,sphincs128s-sphincs128s-hqc128,1322940,1314967,1338946,663917,1514447,2910705
hqc128,sphincs128s-sphincs128s-hqc128,1322879,1314954,1337051,663889,1496729,2916060
hqc128,sphincs128s-sphincs128s-hqc128,1322920,1314948,1338845,663902,1523079,2914680
hqc128,sphincs128s-sphincs128s-hqc128,1322966,1314972,1351542,663908,1510882,2933313
hqc128,sphincs128s-sphincs128s-hqc128,1322914,1314944,1350293,663903,1522092,2926294
hqc128,sphincs128s-sphincs128s-hqc128,1322949,1314936,1376402,663894,1487599,2931768
hqc128,sphincs128s-sphincs128s-hqc128,1322902,1314959,1347207,663867,1538171,2944512
hqc128,sphincs128s-sphincs128s-hqc128,1322960,1314985,1355073,663885,1524240,2945151
hqc128,sphincs128s-sphincs128s-hqc128,1322855,1314937,1381445,663930,1530503,2974158
hqc128,sphincs128s-sphincs128s-hqc128,1322901,1314946,1367891,663899,1560400,2983660
hqc128,sphincs128s-sphincs128s-hqc128,1322890,1314936,1348790,663845,1494429,2901110
hqc128,sphincs128s-sphincs128s-hqc128,1322920,1314948,1342950,663897,1545148,2968056
hqc128,sphincs128s-sphincs128s-hqc128,1322906,1314947,1347013,663864,1543605,2947272
hqc128,sphincs128s-sphincs128s-hqc128,1322909,1314928,1345139,663837,1519220,2925666
hqc128,sphincs128s-sphincs128s-hqc128,1322859,1314929,1338565,663855,1524082,2915071
hqc128,sphincs128s-sphincs128s-hqc128,1322866,1314919,1339335,663867,1481053,2878129
hqc128,sphincs128s-sphincs128s-hqc128,1322914,1314960,1338618,663899,1517721,2920134
hqc128,sphincs128s-sphincs128s-hqc128,1322965,1314961,1338095,663903,1531780,2933858
hqc128,sphincs128s-sphincs128s-hqc128,1322903,1314950,1343863,663835,1493567,2891398
hqc128,sphincs128s-sphincs128s-hqc128,1322917,1314916,1384350,663892,1483243,2941477
hqc128,sphincs128s-sphincs128s-hqc128,1322842,1314928,1341184,663853,1519970,2926405
hqc128,sphincs128s-sphincs128s-hqc128,1322911,1314947,1379980,663850,1519783,3005759
hqc128,sphincs128s-sphincs128s-hqc128,1322892,1314940,1407022,663848,1483288,2969763
hqc128,sphincs128s-sphincs128s-hqc128,1322951,1314964,1349614,663900,1537897,2954421
hqc128,sphincs128s-sphincs128s-hqc128,1322969,1314964,1413374,663859,1511378,2979467
hqc128,sphincs128s-sphincs128s-hqc128,1322884,1314939,1341695,663945,1512631,2908466
hqc128,sphincs128s-sphincs128s-hqc128,1322892,1314942,1343794,663859,1515934,2928083
hqc128,sphincs128s-sphincs128s-hqc128,1322885,1314960,1350529,663861,1588622,2991723
hqc128,sphincs128s-sphincs128s-hqc128,1322871,1314940,1338842,663855,1515739,2911864
hqc128,sphincs128s-sphincs128s-hqc128,1322910,1314951,1337875,663890,1544343,2965821
hqc128,sphincs128s-sphincs128s-hqc128,1323230,1314983,1379739,663875,1524145,2957899
hqc128,sphincs128s-sphincs128s-hqc128,1322897,1314934,1356243,663870,1535941,2943813
hqc128,sphincs128s-sphincs128s-hqc128,1322936,1314942,1347761,663918,1483605,2888892
hqc128,sphincs128s-sphincs128s-hqc128,1322925,1314946,1347959,663907,1480822,2881755
hqc128,sphincs128s-sphincs128s-hqc128,1322866,1314947,1345982,663877,1531821,2942357
hqc128,sphincs128s-sphincs128s-hqc128,1322942,1314950,5337590,663922,1540364,6940994
hqc128,sphincs128s-sphincs128s-hqc128,1322891,1314933,1346302,663897,1523103,2921998
hqc128,sphincs128s-sphincs128s-hqc128,1322942,1314949,1389792,663837,1520832,2962789
hqc128,sphincs128s-sphincs128s-hqc128,1322906,1314948,1345060,663841,1476786,2877629
hqc128,sphincs128s-sphincs128s-hqc128,1322973,1314963,1344634,663857,1517367,2914991
hqc128,sphincs128s-sphincs128s-hqc128,1322875,1314926,1364083,663901,1477724,2902144
hqc128,sphincs128s-sphincs128s-hqc128,1322935,1314952,1360406,663868,1504644,2927681
hqc128,sphincs128s-sphincs128s-hqc128,1322926,1314979,1345269,663859,1519187,2916914
hqc128,sphincs128s-sphincs128s-hqc128,1322914,1314968,1342626,663899,1587432,2983898
hqc128,sphincs128s-sphincs128s-hqc128,1322918,1314932,1345086,663931,1512175,2925093
hqc128,sphincs128s-sphincs128s-hqc128,1322875,1314950,1341508,663885,1491306,2886659
hqc128,sphincs128s-sphincs128s-hqc128,1322920,1314921,1354946,663881,1521612,2929817
hqc128,sphincs128s-sphincs128s-hqc128,1322818,1314920,1339635,663937,1499595,2892606
hqc128,sphincs128s-sphincs128s-hqc128,1322942,1314951,1358345,663902,1531336,2941385
hqc128,sphincs128s-sphincs128s-hqc128,1322860,1314930,1352592,663904,1480232,2885036
hqc128,sphincs128s-sphincs128s-hqc128,1322971,1314947,1344822,663781,1523786,2932628
hqc128,sphincs128s-sphincs128s-hqc128,1322894,1314950,1343880,663879,1522431,2934767
hqc128,sphincs128s-sphincs128s-hqc128,1322924,1314946,1364575,663872,1564420,3013191
hqc128,sphincs128s-sphincs128s-hqc128,1322901,1314952,1387065,663894,1528437,2975207
hqc128,sphincs128s-sphincs128s-hqc128,1322851,1314941,1412220,663879,1563408,3033172
hqc128,sphincs128s-sphincs128s-hqc128,1322884,1314944,1359714,663912,1480183,2897215
hqc128,sphincs128s-sphincs128s-hqc128,1322911,1314944,1348400,663853,1520813,2946008
hqc128,sphincs128s-sphincs128s-hqc128,1322888,1314928,1353892,663879,1540196,2951078
hqc128,sphincs128s-sphincs128s-hqc128,1322865,1314947,1377362,663872,1532181,2961214
hqc128,sphincs128s-sphincs128s-hqc128,1322935,1314939,1341602,663840,4503884,5908842
hqc128,sphincs128s-sphincs128s-hqc128,1322872,1314936,1355379,663881,1636007,3052009
hqc128,sphincs128s-sphincs128s-hqc128,1322887,1314958,1341331,663914,1514509,2908895
hqc128,sphincs128s-sphincs128s-hqc128,1322940,1314964,1346386,663934,1526097,2927299
hqc128,sphincs128s-sphincs128s-hqc128,1322852,1314953,1353322,663909,1485899,2895166
hqc128,sphincs128s-sphincs128s-hqc128,1322941,1314956,1406274,663843,1511279,2993770
hqc128,sphincs128s-sphincs128s-hqc128,1322947,1314974,1347835,663879,1516443,2921971
hqc128,sphincs128s-sphincs128s-hqc128,1322915,1314941,1349573,663907,1497386,2921155
hqc128,sphincs128s-sphincs128s-hqc128,1322897,1314963,1339567,663924,1491749,2896254
hqc128,sphincs128s-sphincs128s-hqc128,1322918,1314946,1351160,663870,1481039,2885598
hqc128,sphincs128s-sphincs128s-hqc128,1322898,1314946,1339638,663915,1484256,2894453
hqc128,sphincs128s-sphincs128s-hqc128,1322960,1314968,1380496,663892,1524755,2963926
hqc128,sphincs128s-sphincs128s-hqc128,1322869,1314963,1341517,663918,1535501,2929199
hqc128,sphincs128s-sphincs128s-hqc128,1322931,1314942,1370267,663865,1475803,2922997
hqc128,sphincs128s-sphincs128s-hqc128,1322844,1314943,1345579,663871,1504940,2903401
hqc128,sphincs128s-sphincs128s-hqc128,1322879,1314950,1342231,663847,1515638,2915366
hqc128,sphincs128s-sphincs128s-hqc128,1322888,1314941,1341214,663896,1521644,2917515
hqc128,sphincs128s-sphincs128s-hqc128,1322942,1314954,1342677,663862,1518464,2951190
hqc128,sphincs128s-sphincs128s-hqc128,1322904,1314961,1343444,663904,1517156,2924346
hqc128,sphincs128s-sphincs128s-hqc128,1322947,1314936,1337821,663867,1487073,2884614
hqc128,sphincs128s-sphincs128s-hqc128,1322868,1314948,1340792,663883,1525781,2918640
hqc128,sphincs128s-sphincs128s-hqc128,1322927,1314953,1355970,663884,1514479,2921968
hqc128,sphincs128s-sphincs128s-hqc128,1322924,1314972,1350671,663861,1480696,2899484
hqc128,sphincs128s-sphincs128s-hqc128,1322909,1314943,1340691,663922,1479731,2872977
hqc128,sphincs128s-sphincs128s-hqc128,1322874,1314943,1341614,663887,1527864,2922294
hqc128,sphincs128s-sphincs128s-hqc128,1322917,1314953,1340958,663834,1547525,2956288
hqc128,sphincs128s-sphincs128s-hqc128,1322905,1314941,1347479,663936,1519789,2923344
hqc128,sphincs128s-sphincs128s-hqc128,1322914,1314975,1347864,663925,1520109,2924376
hqc128,sphincs128s-sphincs128s-hqc128,1322911,1314923,1338503,663954,1579415,2975140
hqc128,sphincs128s-sphincs128s-hqc128,1322894,1314937,1371292,663931,1508769,2936082
hqc128,sphincs128s-sphincs128s-hqc128,1322905,1314962,1362181,663834,1507707,2926236
hqc128,sphincs128s-sphincs128s-hqc128,1322940,1314949,1347255,663915,1518038,2933025
hqc128,sphincs128s-sphincs128s-hqc128,1322875,1314946,1340366,663944,1480768,2880260
hqc128,sphincs128s-sphincs128s-hqc128,1322930,1314939,1398188,663858,1530458,3036962
hqc128,sphincs128s-sphincs128s-hqc128,1322891,1314946,1350237,663886,1566412,2980721
hqc128,sphincs128s-sphincs128s-hqc128,1322883,1314942,1453244,663891,1523029,3039938
hqc128,sphincs128s-sphincs128s-hqc128,1322915,1314956,1345630,663874,1588881,2990119
hqc128,sphincs128s-sphincs128s-hqc128,1322897,1314941,1397606,663900,1513266,2978643
hqc128,sphincs128s-sphincs128s-hqc128,1322868,1314950,1351477,663930,1492513,2900543
hqc128,sphincs128s-sphincs128s-hqc128,1322933,1314936,1340312,663866,1515785,2908263
hqc128,sphincs128s-sphincs128s-hqc128,1322863,1314955,1340176,663929,1493870,2891902
hqc128,sphincs128s-sphincs128s-hqc128,1322891,1314929,1340408,663888,1478407,2871119
hqc128,sphincs128s-sphincs128s-hqc128,1322903,1314951,1384490,663871,1515234,2957881
hqc128,sphincs128s-sphincs128s-hqc128,1322902,1314936,1363585,663935,1549551,2966194
hqc128,sphincs128s-sphincs128s-hqc128,1322887,1314945,1340725,663902,1479610,2872389
hqc128,sphincs128s-sphincs128s-hqc128,1322921,1314972,1341833,663922,1520126,2916117
hqc128,sphincs128s-sphincs128s-hqc128,1322870,1314950,1349620,663863,1520340,2940911
hqc128,sphincs128s-sphincs128s-hqc128,1322892,1314919,1344412,663926,1534865,2932423
hqc128,sphincs128s-sphincs128s-hqc128,1322924,1314963,1342177,663879,1504495,2913835
hqc128,sphincs128s-sphincs128s-hqc128,1322926,1314939,1357091,663898,1500693,2916397
hqc128,sphincs128s-sphincs128s-hqc128,1322921,1314958,1340802,663885,1520157,2915050
hqc128,sphincs128s-sphincs128s-hqc128,1322944,1314981,1345717,663902,1544878,2956916
hqc128,sphincs128s-sphincs128s-hqc128,1322900,1314958,1354363,663835,1519851,2946978
hqc128,sphincs128s-sphincs128s-hqc128,1322872,1314925,1339906,663838,1475693,2867723
hqc128,sphincs128s-sphincs128s-hqc128,1322901,1314941,1356235,663872,1485882,2906465
hqc128,sphincs128s-sphincs128s-hqc128,1322938,1314968,1354077,663852,1479795,2897372
hqc128,sphincs128s-sphincs128s-hqc128,1322874,1314953,1367797,663866,1487091,2907143
hqc128,sphincs128s-sphincs128s-hqc128,1322921,1314966,1343450,663903,1521494,2919993
hqc128,sphincs128s-sphincs128s-hqc128,1322859,1314922,1342203,663900,1479164,2874039
hqc128,sphincs128s-sphincs128s-hqc128,1322893,1314940,1346917,663853,1504467,2904165
hqc128,sphincs128s-sphincs128s-hqc128,1322853,1314928,1341640,663890,1519454,2917985
hqc128,sphincs128s-sphincs128s-hqc128,1322886,1314940,1339190,663882,1516091,2907856
hqc128,sphincs128s-sphincs128s-hqc128,1322910,1314938,1338532,663880,1503047,2893997
hqc128,sphincs128s-sphincs128s-hqc128,1323493,1314947,1357050,663916,1496199,2916172
hqc128,sphincs128s-sphincs128s-hqc128,1322880,1314932,1338352,663884,1522496,2916845
hqc128,sphincs128s-sphincs128s-hqc128,1322917,1314964,1342921,663898,1523082,2935840
hqc128,sphincs128s-sphincs128s-hqc128,1322889,1314957,1340873,663898,1522081,2916807
hqc128,sphincs128s-sphincs128s-hqc128,1322906,1314946,1340661,663889,1527397,2936226
hqc128,sphincs128s-sphincs128s-hqc128,1322889,1314966,1341757,663886,1516576,2911568
hqc128,sphincs128s-sphincs128s-hqc128,1322899,1314947,1340317,663814,1515674,2913460
hqc128,sphincs128s-sphincs128s-hqc128,1322896,1314959,1342828,663879,1493393,2888492
hqc128,sphincs128s-sphincs128s-hqc128,1322895,1314932,1338808,663853,1481799,2876397
hqc128,sphincs128s-sphincs128s-hqc128,1322926,1314984,1342742,663889,1482575,2886389
hqc128,sphincs128s-sphincs128s-hqc128,1322956,1314975,1341412,663893,1501957,2897026
hqc128,sphincs128s-sphincs128s-hqc128,1322856,1314941,1338192,663895,1536980,2934374
hqc128,sphincs128s-sphincs128s-hqc128,1322905,1314923,1343675,663832,1478180,2917690
hqc128,sphincs128s-sphincs128s-hqc128,1322919,1314945,1338907,663864,1538655,2931317
hqc128,sphincs128s-sphincs128s-hqc128,1322884,1314932,1339236,663934,1515911,2909073
hqc128,sphincs128s-sphincs128s-hqc128,1322889,1314928,1355813,663856,1624380,3034037
hqc128,sphincs128s-sphincs128s-hqc128,1322874,1314942,1344430,663908,1505996,2902126
hqc128,sphincs128s-sphincs128s-hqc128,1322942,1314967,1375835,663869,1477127,2910523
hqc128,sphincs128s-sphincs128s-hqc128,1322865,1314913,1339756,663899,1517516,2915668
hqc128,sphincs128s-sphincs128s-hqc128,1322902,1314938,1336451,663924,1521037,2917018
hqc128,sphincs128s-sphincs128s-hqc128,1322847,1314950,1341610,663918,1516321,2911246
hqc128,sphincs128s-sphincs128s-hqc128,1322898,1314936,1339706,663866,1522144,2915048
hqc128,sphincs128s-sphincs128s-hqc128,1322870,1314923,1353682,663849,1522170,2942001
hqc128,sphincs128s-sphincs128s-hqc128,1322930,1314931,1349758,663910,1617889,3025239
hqc128,sphincs128s-sphincs128s-hqc128,1322917,1314955,1404274,663891,1519618,2974510
hqc128,sphincs128s-sphincs128s-hqc128,1322896,1314940,1342913,663909,1517509,2922854
hqc128,sphincs128s-sphincs128s-hqc128,1322925,1314933,1348317,663889,1514741,2951337
hqc128,sphincs128s-sphincs128s-hqc128,1322839,1314939,1353238,663868,1501487,2908147
hqc128,sphincs128s-sphincs128s-hqc128,1322920,1314969,1340560,663943,1490277,2896547
hqc128,sphincs128s-sphincs128s-hqc128,1322853,1314956,1344674,663907,1517083,2915442
hqc128,sphincs128s-sphincs128s-hqc128,1322981,1314947,1340980,663905,1516847,2914375
hqc128,sphincs128s-sphincs128s-hqc128,1322862,1314932,1338772,663884,1479434,2874400
hqc128,sphincs128s-sphincs128s-hqc128,1322919,1314933,1352462,663897,1519836,2936133
hqc128,sphincs128s-sphincs128s-hqc128,1322888,1314959,1358975,663941,1481860,2896202
hqc128,sphincs128s-sphincs128s-hqc128,1322948,1314951,1358341,663832,1519090,2934667
hqc128,sphincs128s-sphincs128s-hqc128,1322893,1314945,1355615,663840,1528527,2940206
hqc128,sphincs128s-sphincs128s-hqc128,1322933,1314964,1340885,663886,1520726,2970024
hqc128,sphincs128s-sphincs128s-hqc128,1322895,1314945,1339953,663885,1482480,2875968
hqc128,sphincs128s-sphincs128s-hqc128,1322895,1314952,1342560,663912,1507397,2900441
hqc128,sphincs128s-sphincs128s-hqc128,1322841,1314929,1347659,663916,1517903,2920413
hqc128,sphincs128s-sphincs128s-hqc128,1322883,1314947,1339490,663917,1513596,2908946
hqc128,sphincs128s-sphincs128s-hqc128,1322926,1314951,1346281,663905,1540718,3027481
hqc128,sphincs128s-sphincs128s-hqc128,1322920,1314946,1342097,663858,1526582,2920632
hqc128,sphincs128s-sphincs128s-hqc128,1322934,1314952,1340230,663891,1510697,2903900
hqc128,sphincs128s-sphincs128s-hqc128,1322957,1314962,1342390,663874,1482470,2877532
hqc128,sphincs128s-sphincs128s-hqc128,1322851,1314926,1346885,663835,1576379,2981269
hqc128,sphincs128s-sphincs128s-hqc128,1322877,1314956,1457862,663922,1526787,3037119
hqc128,sphincs128s-sphincs128s-hqc128,1322855,1314947,1351802,663889,1487761,2907601
hqc128,sphincs128s-sphincs128s-hqc128,1322860,1314952,1342706,663891,1491605,2890855
hqc128,sphincs128s-sphincs128s-hqc128,1322923,1314954,1343263,663890,1519205,2918931
hqc128,sphincs128s-sphincs128s-hqc128,1322891,1314953,1366289,663883,1515435,2970368
hqc128,sphincs128s-sphincs128s-hqc128,1322919,1314939,1345450,663925,1477724,2877394
hqc128,sphincs128s-sphincs128s-hqc128,1322897,1314956,1341132,663909,1532512,2925720
hqc128,sphincs128s-sphincs128s-hqc128,1322951,1314968,1418859,663886,1581460,3079392
hqc128,sphincs128s-sphincs128s-hqc128,1322909,1314948,1346052,663890,1523025,2921681
hqc128,sphincs128s-sphincs128s-hqc128,1322904,1314946,1339715,663899,1521748,2917580
hqc128,sphincs128s-sphincs128s-hqc128,1322913,1314933,1352852,663951,1531442,2937377
hqc128,sphincs128s-sphincs128s-hqc128,1322874,1314942,1357827,663890,1523125,2956615
hqc128,sphincs128s-sphincs128s-hqc128,1322947,1314946,1342196,663905,1520658,2915863
hqc128,sphincs128s-sphincs128s-hqc128,1322854,1314938,1345191,663856,1495258,2892308
hqc128,sphincs128s-sphincs128s-hqc128,1322944,1314968,1341043,663852,1487923,2881594
hqc128,sphincs128s-sphincs128s-hqc128,1322835,1314936,1338444,663951,1521984,2936285
hqc128,sphincs128s-sphincs128s-hqc128,1322938,1314964,1350837,663842,1484129,2886909
hqc128,sphincs128s-sphincs128s-hqc128,1322936,1314967,1344326,663859,1518679,2916335
hqc128,sphincs128s-sphincs128s-hqc128,1322873,1314953,1339209,663937,1501430,2915700
hqc128,sphincs128s-sphincs128s-hqc128,1322857,1314948,1350496,663878,1526253,2950136
hqc128,sphincs128s-sphincs128s-hqc128,1322950,1314960,1393592,663875,1528739,3041414
hqc128,sphincs128s-sphincs128s-hqc128,1322917,1314948,1397102,663957,1533115,3033691
hqc128,sphincs128s-sphincs128s-hqc128,1322919,1314963,1342588,663889,1536125,2933384
hqc128,sphincs128s-sphincs128s-hqc128,1322965,1314948,1347518,663853,1477193,2887546
hqc128,sphincs128s-sphincs128s-hqc128,1322863,1314935,1346824,663908,1526623,2926012
hqc128,sphincs128s-sphincs128s-hqc128,1322890,1314935,1341483,663831,1483169,2879079
hqc128,sphincs128s-sphincs128s-hqc128,1322914,1314979,1339429,663908,1515790,2907634
hqc128,sphincs128s-sphincs128s-hqc128,1322945,1314972,1339169,663913,1477473,2869072
hqc128,sphincs128s-sphincs128s-hqc128,1322908,1314967,1340360,663905,1516685,2910851
hqc128,sphincs128s-sphincs128s-hqc128,1322917,1314938,1340671,663860,1514936,2909774
hqc128,sphincs128s-sphincs128s-hqc128,1322906,1314953,1340195,663877,1533009,2926804
hqc128,sphincs128s-sphincs128s-hqc128,1322931,1314959,1355510,663868,1531913,2942885
hqc128,sphincs128s-sphincs128s-hqc128,1322859,1314924,1342274,663925,1503624,2898579
hqc128,sphincs128s-sphincs128s-hqc128,1322962,1314969,1344973,663863,1528438,2951298
hqc128,sphincs128s-sphincs128s-hqc128,1322901,1314929,1339269,663931,1517491,2909724
hqc128,sphincs128s-sphincs128s-hqc128,1322909,1314946,1342919,663824,1515080,2922198
hqc128,sphincs128s-sphincs128s-hqc128,1322895,1314949,1338699,663928,1526332,2917481
hqc128,sphincs128s-sphincs128s-hqc128,1322902,1314930,1339167,663897,1476369,2871882
hqc128,sphincs128s-sphincs128s-hqc128,1322897,1314934,1343259,663873,1475173,2871761
hqc128,sphincs128s-sphincs128s-hqc128,1322880,1314937,1339920,663896,1516040,2915434
hqc128,sphincs128s-sphincs128s-hqc128,1322875,1314927,1342359,663939,1515906,2917597
hqc128,sphincs128s-sphincs128s-hqc128,1322917,1314970,1339620,663925,1516571,2918677
hqc128,sphincs128s-sphincs128s-hqc128,1322939,1314984,1356385,663909,1476399,3952014
hqc128,sphincs128s-sphincs128s-hqc128,1322983,1314954,1345480,663872,1517956,2914756
hqc128,sphincs128s-sphincs128s-hqc128,1322913,1314957,1338632,663863,1521391,2913353
hqc128,sphincs128s-sphincs128s-hqc128,1322919,1314936,1339609,663849,1520510,2917283
hqc128,sphincs128s-sphincs128s-hqc128,1322914,1314955,1342620,663921,1528236,2925349
hqc128,sphincs128s-sphincs128s-hqc128,1322959,1314943,1340740,663856,1514910,2949379
hqc128,sphincs128s-sphincs128s-hqc128,1322896,1314940,1340898,663873,1511445,2904882
hqc128,sphincs128s-sphincs128s-hqc128,1322940,1314959,1339767,663867,1553700,2953128
hqc128,sphincs128s-sphincs128s-hqc128,1322934,1314944,1374051,663895,1551421,2976014
hqc128,sphincs128s-sphincs128s-hqc128,1322836,1314930,1339293,663915,1524166,2917091
hqc128,sphincs128s-sphincs128s-hqc128,1322911,1314962,1350292,663961,1532263,2940480
hqc128,sphincs128s-sphincs128s-hqc128,1322899,1314932,1344298,663901,1527663,2927082
hqc128,sphincs128s-sphincs128s-hqc128,1322923,1314962,1388878,663903,1516375,2975268
hqc128,sphincs128s-sphincs128s-hqc128,1322868,1314948,1340578,663884,1476781,2869653
hqc128,sphincs128s-sphincs128s-hqc128,1322928,1314953,1339045,663907,1522263,2913998
hqc128,sphincs128s-sphincs128s-hqc128,1322878,1314945,1347224,663881,1588829,3031875
hqc128,sphincs128s-sphincs128s-hqc128,1322878,1314948,1393639,663891,1529339,2985922
hqc128,sphincs128s-sphincs128s-hqc128,1322955,1314956,1345746,663906,1516735,2916387
hqc128,sphincs128s-sphincs128s-hqc128,1322916,1314967,1347816,663873,1476623,2882794
hqc128,sphincs128s-sphincs128s-hqc128,1322988,1314966,1343902,663898,1496254,2941111
hqc128,sphincs128s-sphincs128s-hqc128,1322899,1314961,1420346,663909,1538040,3017072
hqc128,sphincs128s-sphincs128s-hqc128,1322913,1314973,1377480,663846,1533014,2998505
hqc128,sphincs128s-sphincs128s-hqc128,1322900,1314940,1372828,663912,1533461,2979290
hqc128,sphincs128s-sphincs128s-hqc128,1322911,1314950,1353401,663904,1523495,2929880
hqc128,sphincs128s-sphincs128s-hqc128,1322884,1314939,1370407,663893,1546068,2983679
hqc128,sphincs128s-sphincs128s-hqc128,1322924,1314950,1379082,663909,1518574,2951775
hqc128,sphincs128s-sphincs128s-hqc128,1322930,1314978,1341861,663875,1529812,2925319
hqc128,sphincs128s-sphincs128s-hqc128,1322936,1314965,1366714,663881,1553136,2971616
hqc128,sphincs128s-sphincs128s-hqc128,1322873,1314945,1341355,663936,1478814,2874001
hqc128,sphincs128s-sphincs128s-hqc128,1322908,1314947,1358973,663863,1521353,2935660
hqc128,sphincs128s-sphincs128s-hqc128,1322880,1314959,1340367,663910,1517370,2909436
hqc128,sphincs128s-sphincs128s-hqc128,1322906,1314955,1342069,663868,1476907,2876924
hqc128,sphincs128s-sphincs128s-hqc128,1322936,1314987,1342166,663898,1553308,2956205
hqc128,sphincs128s-sphincs128s-hqc128,1322917,1314954,1340177,663953,1491084,2882958
hqc128,sphincs128s-sphincs128s-hqc128,1322909,1314942,1355430,663844,1478207,2886108
hqc128,sphincs128s-sphincs128s-hqc128,1322884,1314927,1339636,663938,1551082,2964082
hqc128,sphincs128s-sphincs128s-hqc128,1322890,1314952,1356331,663861,1503143,2964936
hqc128,sphincs128s-sphincs128s-hqc128,1322897,1314942,1440050,663866,1477723,2974738
hqc128,sphincs128s-sphincs128s-hqc128,1322850,1314933,1341007,663886,1520099,2913872
hqc128,sphincs128s-sphincs128s-hqc128,1322949,1314957,1340030,663879,1518957,2913325
hqc128,sphincs128s-sphincs128s-hqc128,1322890,1314935,1339890,663857,1493155,2907500
hqc128,sphincs128s-sphincs128s-hqc128,1322893,1314933,1348752,663899,1516357,2934851
hqc128,sphincs128s-sphincs128s-hqc128,1322868,1314934,1354209,663894,1516817,2922638
hqc128,sphincs128s-sphincs128s-hqc128,1322944,1314977,1342198,663939,1517112,2913284
hqc128,sphincs128s-sphincs128s-hqc128,1322872,1314948,1363558,663868,1517341,2935763
hqc128,sphincs128s-sphincs128s-hqc128,1322944,1314952,1342339,663913,1530724,2926332
hqc128,sphincs128s-sphincs128s-hqc128,1322884,1314954,1425045,663940,1478042,2958731
hqc128,sphincs128s-sphincs128s-hqc128,1322917,1314925,1365212,663916,1478188,2895944
hqc128,sphincs128s-sphincs128s-hqc128,1322889,1314969,1337268,663863,1523933,2917839
hqc128,sphincs128s-sphincs128s-hqc128,1322915,1314935,1338802,663937,1522085,3010919
hqc128,sphincs128s-sphincs128s-hqc128,1322915,1314957,1339435,663936,1530771,2952171
hqc128,sphincs128s-sphincs128s-hqc128,1322888,1314936,1349408,663878,1479777,2902259
hqc128,sphincs128s-sphincs128s-hqc128,1322898,1314958,1349402,663818,1484401,2886647
hqc128,sphincs128s-sphincs128s-hqc128,1322968,1314968,1343945,663893,1556401,2954309
hqc128,sphincs128s-sphincs128s-hqc128,1322894,1314942,1338339,663845,1521335,2921203
hqc128,sphincs128s-sphincs128s-hqc128,1322944,1314955,1341283,663916,1516851,2910350
hqc128,sphincs128s-sphincs128s-hqc128,1322980,1314950,1370813,663830,1514824,2938853
hqc128,sphincs128s-sphincs128s-hqc128,1322888,1314942,1338689,663881,1502408,2898058
hqc128,sphincs128s-sphincs128s-hqc128,1322929,1314952,1351534,663897,1522810,2931330
hqc128,sphincs128s-sphincs128s-hqc128,1322867,1314931,1356207,663842,1675606,3111068
hqc128,sphincs128s-sphincs128s-hqc128,1322847,1314934,1369671,663948,1552946,3048877
hqc128,sphincs128s-sphincs128s-hqc128,1322917,1314952,1354577,663875,1477969,2891109
hqc128,sphincs128s-sphincs128s-hqc128,1322866,1314943,1344221,663845,1508182,2939612
hqc128,sphincs128s-sphincs128s-hqc128,1322888,1314934,1360692,663905,1486391,2906342
hqc128,sphincs128s-sphincs128s-hqc128,1322879,1314964,1346174,663892,1482033,2880749
hqc128,sphincs128s-sphincs128s-hqc128,1322940,1314960,1345499,663921,1480574,2890606
hqc128,sphincs128s-sphincs128s-hqc128,1322891,1314948,1337950,663944,1479134,2887826
hqc128,sphincs128s-sphincs128s-hqc128,1322972,1314959,1346329,663922,1482430,2895131
hqc128,sphincs128s-sphincs128s-hqc128,1322895,1314931,1339756,663938,1479162,2875706
hqc128,sphincs128s-sphincs128s-hqc128,1322939,1314954,1339464,663861,1476653,2868678
hqc128,sphincs128s-sphincs128s-hqc128,1322859,1314930,1362965,663903,1493442,2911913
hqc128,sphincs128s-sphincs128s-hqc128,1322940,1314952,1341708,663852,1491145,2886475
hqc128,sphincs128s-sphincs128s-hqc128,1322891,1314955,1342000,663904,1519662,2915413
hqc128,sphincs128s-sphincs128s-hqc128,1322956,1314963,1342896,663861,1504348,2946008
hqc128,sphincs128s-sphincs128s-hqc128,1322863,1314938,1343032,663842,1497264,2908909
hqc128,sphincs128s-sphincs128s-hqc128,1322932,1314933,1374299,663850,1541853,3027429
hqc128,sphincs128s-sphincs128s-hqc128,1322871,1314946,1365689,663882,1519464,2938181
hqc128,sphincs128s-sphincs128s-hqc128,1322925,1314946,1350685,663875,1531218,2938954
hqc128,sphincs128s-sphincs128s-hqc128,1322908,1314983,2994089,663945,1527497,4679082
hqc128,sphincs128s-sphincs128s-hqc128,1322895,1314929,1365173,663924,1521064,2957296
hqc128,sphincs128s-sphincs128s-hqc128,1322892,1314961,1363780,663927,1516619,2933688
hqc128,sphincs128s-sphincs128s-hqc128,1322922,1314956,1344544,663892,1475815,2877342
hqc128,sphincs128s-sphincs128s-hqc128,1322886,1314941,1342698,663884,1515111,2912369
hqc128,sphincs128s-sphincs128s-hqc128,1322970,1314961,1350751,663846,1492902,2896336
hqc128,sphincs128s-sphincs128s-hqc128,1322901,1314956,1341726,663896,1506242,2924405
hqc128,sphincs128s-sphincs128s-hqc128,1322950,1314946,1354746,663889,1489800,2895997
hqc128,sphincs128s-sphincs128s-hqc128,1322873,1314944,1341439,663946,1542625,2949686
hqc128,sphincs128s-sphincs128s-hqc128,1322911,1314952,1341799,663873,1484433,2913833
hqc128,sphincs128s-sphincs128s-hqc128,1322911,1314952,1433503,663880,1492283,2982151
hqc128,sphincs128s-sphincs128s-hqc128,1322946,1314957,1344980,663906,1573868,2999092
hqc128,sphincs128s-sphincs128s-hqc128,1322937,1314955,1398184,663924,1581183,3039398
hqc128,sphincs128s-sphincs128s-hqc128,1322936,1314948,1341157,663873,1543521,2940183
hqc128,sphincs128s-sphincs128s-hqc128,1322900,1314959,1357387,663904,1482521,2902670
hqc128,sphincs128s-sphincs128s-hqc128,1322931,1314946,1352570,663912,1541886,2957873
hqc128,sphincs128s-sphincs128s-hqc128,1322891,1314961,1344496,663954,1522849,2945616
hqc128,sphincs128s-sphincs128s-hqc128,1322913,1314948,1343377,663863,1538932,2933830
hqc128,sphincs128s-sphincs128s-hqc128,1322926,1314949,1344082,663883,1519299,2917058
hqc128,sphincs128s-sphincs128s-hqc128,1322897,1314961,1369412,663839,1527203,2950857
hqc128,sphincs128s-sphincs128s-hqc128,1322929,1314957,1340172,663847,1522736,2922571
hqc128,sphincs128s-sphincs128s-hqc128,1322865,1314927,1341963,663884,1493984,2914388
hqc128,sphincs128s-sphincs128s-hqc128,1322961,1314972,1341031,663903,1531647,2936529
hqc128,sphincs128s-sphincs128s-hqc128,1322877,1314949,1368060,663869,1520765,2941783
hqc128,sphincs128s-sphincs128s-hqc128,1322923,1314954,1339537,663887,1569642,2967329
hqc128,sphincs128s-sphincs128s-hqc128,1322941,1314958,1341474,663892,1517832,2911974
hqc128,sphincs128s-sphincs128s-hqc128,1322900,1314952,1362967,663922,1496927,2917601
hqc128,sphincs128s-sphincs128s-hqc128,1322920,1314968,1393680,663905,1486277,2935389
hqc128,sphincs128s-sphincs128s-hqc128,1322878,1314957,1338666,663821,1490199,2881861
hqc128,sphincs128s-sphincs128s-hqc128,1322928,1314959,1344360,663890,1531080,2928428
hqc128,sphincs128s-sphincs128s-hqc128,1322887,1314946,1346803,663917,1483037,2894171
hqc128,sphincs128s-sphincs128s-hqc128,1322905,1314951,1339399,663897,1508503,2900974
hqc128,sphincs128s-sphincs128s-hqc128,1322873,1314955,1365547,663918,1516829,2933944
hqc128,sphincs128s-sphincs128s-hqc128,1322954,1314958,1342804,663893,1552021,2980244
hqc128,sphincs128s-sphincs128s-hqc128,1322867,1314924,1342098,663888,1547276,2945661
hqc128,sphincs128s-sphincs128s-hqc128,1322910,1314942,1344636,663922,1519556,2990706
hqc128,sphincs128s-sphincs128s-hqc128,1322905,1314950,1347943,663802,1533337,2934571
hqc128,sphincs128s-sphincs128s-hqc128,1322871,1314925,1342798,663870,1543579,2942117
hqc128,sphincs128s-sphincs128s-hqc128,1322885,1314916,1352417,663961,1516645,2924486
hqc128,sphincs128s-sphincs128s-hqc128,1322929,1314955,1368539,663868,1520684,2983515
hqc128,sphincs128s-sphincs128s-hqc128,1322913,1314951,1414295,663893,1481570,2947689
hqc128,sphincs128s-sphincs128s-hqc128,1322935,1314979,1356876,663882,1482139,2907020
hqc128,sphincs128s-sphincs128s-hqc128,1322885,1314950,1356721,663800,1493250,2905196
hqc128,sphincs128s-sphincs128s-hqc128,1322934,1314945,1339096,663894,1529529,3012383
hqc128,sphincs128s-sphincs128s-hqc128,1322960,1314960,1358045,663883,1493492,2903919
hqc128,sphincs128s-sphincs128s-hqc128,1322873,1314943,1344281,663877,1515852,2914763
hqc128,sphincs128s-sphincs128s-hqc128,1322883,1314949,1354436,663890,1527234,2933837
hqc128,sphincs128s-sphincs128s-hqc128,1322889,1314965,1341155,663903,1542592,2938857
hqc128,sphincs128s-sphincs128s-hqc128,1322932,1314942,1339879,663940,1515523,2912892
hqc128,sphincs128s-sphincs128s-hqc128,1322868,1314955,1344955,663908,1499985,2902655
hqc128,sphincs128s-sphincs128s-hqc128,1322940,1314944,1352398,663924,1521366,2924760
hqc128,sphincs128s-sphincs128s-hqc128,1322854,1314922,1369853,663907,1517766,2941076
hqc128,sphincs128s-sphincs128s-hqc128,1322921,1314951,1441521,663871,1524025,3036535
hqc128,sphincs128s-sphincs128s-hqc128,1322880,1314939,1382315,663910,1553063,3000614
hqc128,sphincs128s-sphincs128s-hqc128,1322955,1314958,1350496,663914,1480519,2883100
hqc128,sphincs128s-sphincs128s-hqc128,1322894,1314953,1343618,663933,1476854,2885533
hqc128,sphincs128s-sphincs128s-hqc128,1322919,1314974,1362931,663874,1515343,2951770
hqc128,sphincs128s-sphincs128s-hqc128,1322853,1314935,1358996,663933,1531548,2943562
hqc128,sphincs128s-sphincs128s-hqc128,1322975,1314998,1450412,663871,1480386,2986364
hqc128,sphincs128s-sphincs128s-hqc128,1322864,1314916,1360012,663834,1476721,2900444
hqc128,sphincs128s-sphincs128s-hqc128,1322920,1314932,1345807,663832,1515245,2920517
hqc128,sphincs128s-sphincs128s-hqc128,1322906,1314975,1340411,663899,1523292,2915495
hqc128,sphincs128s-sphincs128s-hqc128,1322912,1314951,1341393,663875,1540025,2937692
hqc128,sphincs128s-sphincs128s-hqc128,1322868,1314949,1354217,663903,1514737,2936398
hqc128,sphincs128s-sphincs128s-hqc128,1322887,1314919,1344717,663860,1563473,2960380
hqc128,sphincs128s-sphincs128s-hqc128,1322900,1314939,1340438,663868,1520182,2919294
hqc128,sphincs128s-sphincs128s-hqc128,1322906,1314939,1376148,663949,1526322,2985438
hqc128,sphincs128s-sphincs128s-hqc128,1322923,1314965,1345513,663919,1479100,2881503
hqc128,sphincs128s-sphincs128s-hqc128,1322913,1314973,1342977,663886,1518404,2912990
hqc128,sphincs128s-sphincs128s-hqc128,1322898,1314955,1350758,663916,1533897,2941002
hqc128,sphincs128s-sphincs128s-hqc128,1322968,1314943,1341841,663886,1483643,2878208
hqc128,sphincs128s-sphincs128s-hqc128,1322859,1314949,1357566,663872,1568764,3000562
hqc128,sphincs128s-sphincs128s-hqc128,1322944,1314999,1378059,663916,1527240,2973706
hqc128,sphincs128s-sphincs128s-hqc128,1322960,1314951,1348178,663881,1531166,2932153
hqc128,sphincs128s-sphincs128s-hqc128,1322900,1314940,1341654,663862,1548684,2973543
hqc128,sphincs128s-sphincs128s-hqc128,1322924,1314957,1339187,663837,1529922,2935201
hqc128,sphincs128s-sphincs128s-hqc128,1322949,1314987,1341245,663904,1522394,2916393
hqc128,sphincs128s-sphincs128s-hqc128,1322937,1314960,1339801,663877,4327334,5863949
hqc128,sphincs128s-sphincs128s-hqc128,1322896,1314974,1354444,663873,1545451,2953535
hqc128,sphincs128s-sphincs128s-hqc128,1322896,1314959,1342155,663902,1483610,2878323
hqc128,sphincs128s-sphincs128s-hqc128,1322936,1314951,1350042,663844,1516740,2931522
hqc128,sphincs128s-sphincs128s-hqc128,1322846,1314945,1357839,663901,1514541,2925505
hqc128,sphincs128s-sphincs128s-hqc128,1322914,1314939,1358927,663874,1476001,2898700
hqc128,sphincs128s-sphincs128s-hqc128,1322882,1314945,1342133,663847,1524351,2919756
hqc128,sphincs128s-sphincs128s-hqc128,1322936,1314959,1343407,663893,1483557,2879000
hqc128,sphincs128s-sphincs128s-hqc128,1322895,1314956,1365552,663892,1506667,2945556
hqc128,sphincs128s-sphincs128s-hqc128,1322905,1314955,1342338,663913,1516017,2921485
hqc128,sphincs128s-sphincs128s-hqc128,1322904,1314962,1344474,663850,1481349,2877141
hqc128,sphincs128s-sphincs128s-hqc128,1322930,1314951,1353542,663889,1538326,2945264
hqc128,sphincs128s-sphincs128s-hqc128,1322922,1314961,1340936,663947,1515175,2907955
hqc128,sphincs128s-sphincs128s-hqc128,1322941,1314946,1344826,663888,1516260,2912878
hqc128,sphincs128s-sphincs128s-hqc128,1322873,1314946,1338691,663874,1477720,2870275
hqc128,sphincs128s-sphincs128s-hqc128,1322914,1314946,1342182,663901,1514724,2910156
hqc128,sphincs128s-sphincs128s-hqc128,1322925,1314969,1343384,663859,1524916,2919066
hqc128,sphincs128s-sphincs128s-hqc128,1322927,1314950,1339704,663946,1517833,2908939
hqc128,sphincs128s-sphincs128s-hqc128,1322918,1314966,1339072,663879,1519049,2930532
hqc128,sphincs128s-sphincs128s-hqc128,1322887,1314925,1343459,663870,1479891,2879176
hqc128,sphincs128s-sphincs128s-hqc128,1322929,1314939,1342313,663848,1531167,2931086
hqc128,sphincs128s-sphincs128s-hqc128,1322927,1314949,1340200,663885,1515255,2907769
hqc128,sphincs128s-sphincs128s-hqc128,1322879,1314930,1343271,663922,1479810,2884627
hqc128,sphincs128s-sphincs128s-hqc128,1322949,1314935,1342987,663902,1518005,2920321
hqc128,sphincs128s-sphincs128s-hqc128,1322870,1314929,1341680,663872,1525127,2922945
hqc128,sphincs128s-sphincs128s-hqc128,1322853,1314945,1339000,663921,1520417,2913040
hqc128,sphincs128s-sphincs128s-hqc128,1322931,1314971,1339651,663933,1478447,2900766
hqc128,sphincs128s-sphincs128s-hqc128,1322892,1314937,1379771,663884,1515022,2948879
hqc128,sphincs128s-sphincs128s-hqc128,1322906,1314942,1340920,663840,1523716,2920698
hqc128,sphincs128s-sphincs128s-hqc128,1322916,1314965,1347626,663903,1530717,2938821
hqc128,sphincs128s-sphincs128s-hqc128,1322936,1314929,1340132,663869,1516069,2910441
hqc128,sphincs128s-sphincs128s-hqc128,1322882,1314951,1380378,663840,1523317,2959398
hqc128,sphincs128s-sphincs128s-hqc128,1322923,1314940,1391429,663887,1509385,2952919
hqc128,sphincs128s-sphincs128s-hqc128,1322875,1314951,1351857,663878,1519303,2922268
hqc128,sphincs128s-sphincs128s-hqc128,1322913,1314939,1340577,663880,1482191,2876905
hqc128,sphincs128s-sphincs128s-hqc128,1322892,1314948,1359014,663945,1518636,2968771
hqc128,sphincs128s-sphincs128s-hqc128,1322900,1314927,1340920,663911,1519566,2913694
hqc128,sphincs128s-sphincs128s-hqc128,1322874,1314947,1349442,663965,1481960,2884598
hqc128,sphincs128s-sphincs128s-hqc128,1322913,1314957,1354224,663885,1540522,2971751
hqc128,sphincs128s-sphincs128s-hqc128,1322878,1314932,1356073,663911,1528861,2940951
hqc128,sphincs128s-sphincs128s-hqc128,1322858,1314926,1343704,663907,1514995,2910791
hqc128,sphincs128s-sphincs128s-hqc128,1322915,1314944,1338834,663933,1521134,2915637
hqc128,sphincs128s-sphincs128s-hqc128,1322919,1314950,1350123,663852,1537292,2963981
hqc128,sphincs128s-sphincs128s-hqc128,1322877,1314944,1340065,663862,1520340,2917206
hqc128,sphincs128s-sphincs128s-hqc128,1322912,1314944,1354832,663917,1483389,2891553
hqc128,sphincs128s-sphincs128s-hqc128,1322921,1314956,1349459,663896,1512271,2921602
hqc128,sphincs128s-sphincs128s-hqc128,1322932,1314948,1340608,663900,1535075,2930871
hqc128,sphincs128s-sphincs128s-hqc128,1322852,1314924,1365249,663890,1529939,2953958
hqc128,sphincs128s-sphincs128s-hqc128,1322943,1314953,1367677,663910,1527661,2977006
hqc128,sphincs128s-sphincs128s-hqc128,1322895,1314956,1341360,663877,1592466,2986462
hqc128,sphincs128s-sphincs128s-hqc128,1322876,1314953,1355934,663889,1517052,2974702
hqc128,sphincs128s-sphincs128s-hqc128,1322936,1314951,1340681,663858,1525503,2917785
hqc128,sphincs128s-sphincs128s-hqc128,1322821,1314930,1366757,663861,1480046,2943535
hqc128,sphincs128s-sphincs128s-hqc128,1322902,1314942,1357487,663899,1527278,3249325
hqc128,sphincs128s-sphincs128s-hqc128,1322894,1314950,1344230,663892,1522811,2930231
hqc128,sphincs128s-sphincs128s-hqc128,1322938,1314947,1349394,663861,1516295,2918653
hqc128,sphincs128s-sphincs128s-hqc128,1322901,1314961,1342677,663954,1533876,2935175
hqc128,sphincs128s-sphincs128s-hqc128,1323007,1314976,1358281,663874,1517234,2925786
hqc128,sphincs128s-sphincs128s-hqc128,1322913,1314949,1339436,663842,1477970,2888476
hqc128,sphincs128s-sphincs128s-hqc128,1323249,1314945,1341219,663902,1525812,2931980
hqc128,sphincs128s-sphincs128s-hqc128,1322869,1314926,1338940,663845,1477206,2868268
hqc128,sphincs128s-sphincs128s-hqc128,1322884,1314918,1341472,663886,1519421,2958363
hqc128,sphincs128s-sphincs128s-hqc128,1322931,1314967,1340880,663840,1489887,2883565
hqc128,sphincs128s-sphincs128s-hqc128,1322965,1314961,1375074,663873,1546791,2988122
hqc128,sphincs128s-sphincs128s-hqc128,1322920,1314945,1529696,663856,1656042,3237885
hqc128,sphincs128s-sphincs128s-hqc128,1322951,1314983,1354740,663879,1518528,2926217
hqc128,sphincs128s-sphincs128s-hqc128,1322908,1314951,1341085,663878,1505845,2901493
hqc128,sphincs128s-sphincs128s-hqc128,1322934,1314954,1339365,663830,1522484,2922287
hqc128,sphincs128s-sphincs128s-hqc128,1322867,1314960,1378288,663831,1524807,2959112
hqc128,sphincs128s-sphincs128s-hqc128,1322906,1314936,1341625,663881,1524181,2918542
hqc128,sphincs128s-sphincs128s-hqc128,1322852,1314940,1355037,663897,1536138,2949015
hqc128,sphincs128s-sphincs128s-hqc128,1322917,1314924,1351741,663890,1517000,2922466
hqc128,sphincs128s-sphincs128s-hqc128,1322889,1314937,1343808,663880,1548254,2952736
hqc128,sphincs128s-sphincs128s-hqc128,1322947,1314964,1344622,663963,1479920,2898477
hqc128,sphincs128s-sphincs128s-hqc128,1322870,1314949,1339418,663904,1531653,2928227
hqc128,sphincs128s-sphincs128s-hqc128,1322942,1314952,1356095,663918,1517546,2941729
hqc128,sphincs128s-sphincs128s-hqc128,1322898,1314950,1342887,663895,1492554,2909028
hqc128,sphincs128s-sphincs128s-hqc128,1322944,1314933,1343127,663892,1477225,2896875
hqc128,sphincs128s-sphincs128s-hqc128,1322854,1314928,1379331,663903,1518598,2951572
hqc128,sphincs128s-sphincs128s-hqc128,1322918,1314957,1340342,663921,1515429,2914434
hqc128,sphincs128s-sphincs128s-hqc128,1322873,1314945,1343537,663897,1481337,2878431
hqc128,sphincs128s-sphincs128s-hqc128,1322961,1314962,1344547,663879,1520939,2933996
hqc128,sphincs128s-sphincs128s-hqc128,1322861,1314937,1370645,663867,1566971,3004348
hqc128,sphincs128s-sphincs128s-hqc128,1322941,1314972,1346122,663882,1506551,2933864
hqc128,sphincs128s-sphincs128s-hqc128,1322864,1314942,1358565,663872,1525646,2936349
hqc128,sphincs128s-sphincs128s-hqc128,1322911,1314934,1340213,663861,1478566,2871046
hqc128,sphincs128s-sphincs128s-hqc128,1322881,1314947,1348475,663876,1519559,2921166
hqc128,sphincs128s-sphincs128s-hqc128,1322940,1314951,1339290,663915,1517790,2914895
hqc128,sphincs128s-sphincs128s-hqc128,1322832,1314929,1343556,663857,1480076,2910664
hqc128,sphincs128s-sphincs128s-hqc128,1322925,1314959,1347003,663900,1522588,2929152
hqc128,sphincs128s-sphincs128s-hqc128,1322889,1314941,1342294,663860,1538872,2932748
hqc128,sphincs128s-sphincs128s-hqc128,1322914,1314953,1351370,663908,1497706,2901931
hqc128,sphincs128s-sphincs128s-hqc128,1322891,1314939,1353529,663809,1476450,2883513
hqc128,sphincs128s-sphincs128s-hqc128,1322952,1314971,1340594,663898,1525498,2916981
hqc128,sphincs128s-sphincs128s-hqc128,1322854,1314920,1347591,663913,1519655,2920608
hqc128,sphincs128s-sphincs128s-hqc128,1322900,1314944,1340915,663880,1544203,2958231
hqc128,sphincs128s-sphincs128s-hqc128,1322858,1314930,1342219,663866,1526757,2922804
hqc128,sphincs128s-sphincs128s-hqc128,1322910,1314955,1339293,663813,1524396,2915666
hqc128,sphincs128s-sphincs128s-hqc128,1322880,1314923,1377349,663933,1535641,2971866
hqc128,sphincs128s-sphincs128s-hqc128,1322922,1314922,1352988,663894,1514637,2921458
hqc128,sphincs128s-sphincs128s-hqc128,1322904,1314933,1339958,663841,1510556,2902488
hqc128,sphincs128s-sphincs128s-hqc128,1322945,1314950,1338978,663949,1529997,2921873
hqc128,sphincs128s-sphincs128s-hqc128,1322844,1314939,1338231,663867,1523631,2950635
hqc128,sphincs128s-sphincs128s-hqc128,1322910,1314949,1340857,663923,1476835,2870060
hqc128,sphincs128s-sphincs128s-hqc128,1322919,1314969,1340338,663867,1517154,2910913
hqc128,sphincs128s-sphincs128s-hqc128,1322948,1314969,1336981,663906,1613546,3011783
hqc128,sphincs128s-sphincs128s-hqc128,1322932,1314947,1344537,663930,1508697,2915312
hqc128,sphincs128s-sphincs128s-hqc128,1322924,1314987,1340646,663943,1555817,2947914
hqc128,sphincs128s-sphincs128s-hqc128,1322929,1314963,1341439,663889,1528376,2939509
hqc128,sphincs128s-sphincs128s-hqc128,1322925,1314968,1380253,663940,1509038,2958784
hqc128,sphincs128s-sphincs128s-hqc128,1322933,1314948,1352358,663905,1487940,2893258
hqc128,sphincs128s-sphincs128s-hqc128,1322844,1314938,1341577,663853,1491927,2897112
hqc128,sphincs128s-sphincs128s-hqc128,1322900,1314954,1343185,663925,1597300,2995107
hqc128,sphincs128s-sphincs128s-hqc128,1322881,1314935,1382261,663903,1481776,2915209
hqc128,sphincs128s-sphincs128s-hqc128,1322874,1314941,1351371,663932,1512615,2923887
hqc128,sphincs128s-sphincs128s-hqc128,1322912,1314947,1352277,663852,1528953,2932643
hqc128,sphincs128s-sphincs128s-hqc128,1322874,1314947,1347418,663894,1573207,2981031
hqc128,sphincs128s-sphincs128s-hqc128,1322881,1314944,1344516,663879,1518120,2918068
hqc128,sphincs128s-sphincs128s-hqc128,1322927,1314949,1341762,663842,1481723,2880744
hqc128,sphincs128s-sphincs128s-hqc128,1322897,1314951,1347297,663901,1544303,2974108
hqc128,sphincs128s-sphincs128s-hqc128,1322916,1314949,1348109,663912,1539509,2939617
hqc128,sphincs128s-sphincs128s-hqc128,1322893,1314928,1344996,663881,1519172,2942359
hqc128,sphincs128s-sphincs128s-hqc128,1322870,1314936,1379278,663851,1475715,2907601
hqc128,sphincs128s-sphincs128s-hqc128,1322948,1314956,1341075,663868,1489816,2891958
hqc128,sphincs128s-sphincs128s-hqc128,1322917,1314973,1339679,663949,1520590,3040469
hqc128,sphincs128s-sphincs128s-hqc128,1322930,1314970,1393244,663933,1556544,3009282
hqc128,sphincs128s-sphincs128s-hqc128,1322865,1314931,1366929,663887,1489418,2941958
hqc128,sphincs128s-sphincs128s-hqc128,1322902,1314952,1349839,663843,1476444,2882619
hqc128,sphincs128s-sphincs128s-hqc128,1322876,1314922,1340552,663881,1517354,2913514
hqc128,sphincs128s-sphincs128s-hqc128,1322914,1314969,1343439,663893,1517269,2919318
hqc128,sphincs128s-sphincs128s-hqc128,1322902,1314975,1340906,663888,1517790,2912723
hqc128,sphincs128s-sphincs128s-hqc128,1322906,1314952,1349836,663901,1483311,2895746
hqc128,sphincs128s-sphincs128s-hqc128,1322879,1314915,1373784,663923,1477986,2913917
hqc128,sphincs128s-sphincs128s-hqc128,1322932,1314934,1344241,663847,1529223,2972454
hqc128,sphincs128s-sphincs128s-hqc128,1322939,1314945,1355713,663924,1544294,2963091
hqc128,sphincs128s-sphincs128s-hqc128,1322926,1314957,1337860,663835,1561230,2954269
hqc128,sphincs128s-sphincs128s-hqc128,1322887,1314955,1346453,663871,1483233,2882421
hqc128,sphincs128s-sphincs128s-hqc128,1322979,1314954,1339946,663885,1479062,2878184
hqc128,sphincs128s-sphincs128s-hqc128,1322876,1314922,1343751,663874,1517200,2913169
hqc128,sphincs128s-sphincs128s-hqc128,1322902,1314924,1344961,663876,1520181,2926365
hqc128,sphincs128s-sphincs128s-hqc128,1322858,1314943,1352123,663889,1523701,2928417
hqc128,sphincs128s-sphincs128s-hqc128,1322968,1314944,1347182,663908,1476711,2889870
hqc128,sphincs128s-sphincs128s-hqc128,1322896,1314945,1339493,663932,1517684,2909813
hqc128,sphincs128s-sphincs128s-hqc128,1322979,1314959,1342168,663880,1514825,2912425
hqc128,sphincs128s-sphincs128s-hqc128,1322891,1314937,1341614,663895,1483228,2884125
hqc128,sphincs128s-sphincs128s-hqc128,1322990,1314952,1356184,663918,1532100,2941402
hqc128,sphincs128s-sphincs128s-hqc128,1322927,1314965,1379968,663917,1510691,2948811
hqc128,sphincs128s-sphincs128s-hqc128,1322905,1314950,1350204,663910,1482545,2885120
hqc128,sphincs128s-sphincs128s-hqc128,1322874,1314959,1342934,663914,1521699,2923237
hqc128,sphincs128s-sphincs128s-hqc128,1322913,1314939,1341570,663836,1518443,2913329
hqc128,sphincs128s-sphincs128s-hqc128,1322893,1314951,1349224,663865,1476947,2879989
hqc128,sphincs128s-sphincs128s-hqc128,1322917,1314957,1355613,663887,1582582,2992666
hqc128,sphincs128s-sphincs128s-hqc128,1322898,1314952,1343328,663879,1493071,2904137
hqc128,sphincs128s-sphincs128s-hqc128,1322915,1314954,1344082,663905,1534790,2931683
hqc128,sphincs128s-sphincs128s-hqc128,1322935,1314960,1362914,663883,1522753,2939940
hqc128,sphincs128s-sphincs128s-hqc128,1322872,1314941,1342029,663874,1519185,2918109
hqc128,sphincs128s-sphincs128s-hqc128,1322961,1314975,1361151,663884,1516805,2932134
hqc128,sphincs128s-sphincs128s-hqc128,1322902,1314938,1339929,663838,1515611,2907855
hqc128,sphincs128s-sphincs128s-hqc128,1322912,1314956,1337599,663958,1586951,2980795
hqc128,sphincs128s-sphincs128s-hqc128,1322939,1314960,1345375,663901,1517240,2930905
hqc128,sphincs128s-sphincs128s-hqc128,1322955,1314984,1340552,663828,1519400,2911758
hqc128,sphincs128s-sphincs128s-hqc128,1322910,1314934,1349502,663857,1504836,2908851
hqc128,sphincs128s-sphincs128s-hqc128,1322896,1314938,1339708,663895,1521373,2916570
hqc128,sphincs128s-sphincs128s-hqc128,1322974,1314966,1359706,663918,1516744,2933877
hqc128,sphincs128s-sphincs128s-hqc128,1322891,1314945,1341630,663924,1523733,2937156
hqc128,sphincs128s-sphincs128s-hqc128,1323535,1314955,1346430,663916,1517214,2914890
hqc128,sphincs128s-sphincs128s-hqc128,1322863,1314934,1340840,663895,1518370,2918788
hqc128,sphincs128s-sphincs128s-hqc128,1322914,1314914,1353716,663896,1516024,2922946
hqc128,sphincs128s-sphincs128s-hqc128,1322875,1314955,1351275,663930,1533314,2940970
hqc128,sphincs128s-sphincs128s-hqc128,1322916,1314936,1341575,663864,1514886,2921605
hqc128,sphincs128s-sphincs128s-hqc128,1322880,1314951,1350914,663892,1527085,2935883
hqc128,sphincs128s-sphincs128s-hqc128,1322905,1314953,1338566,663894,1515562,2909747
hqc128,sphincs128s-sphincs128s-hqc128,1322831,1314930,1345145,663917,1514071,2911917
hqc128,sphincs128s-sphincs128s-hqc128,1322893,1314924,1343272,663827,1517580,2913666
hqc128,sphincs128s-sphincs128s-hqc128,1322890,1314923,1340572,663919,1478415,2870422
hqc128,sphincs128s-sphincs128s-hqc128,1322952,1314944,1342683,663877,1535971,2945261
hqc128,sphincs128s-sphincs128s-hqc128,1322857,1314938,1384856,663912,1584989,3062544
hqc128,sphincs128s-sphincs128s-hqc128,1322870,1314946,1414852,663868,1518608,3012540
hqc128,sphincs128s-sphincs128s-hqc128,1322898,1314950,1370077,663887,1520681,2946733
hqc128,sphincs128s-sphincs128s-hqc128,1322852,1314961,1362494,663914,3289361,4740106
hqc128,sphincs128s-sphincs128s-hqc128,1322916,1314971,1395733,663919,1519305,3065186
hqc128,sphincs128s-sphincs128s-hqc128,1322865,1314930,1340567,663855,1577070,2970729
hqc128,sphincs128s-sphincs128s-hqc128,1322859,1314939,1372717,663893,1520156,2945803
hqc128,sphincs128s-sphincs128s-hqc128,1322909,1314950,1340470,663907,1541954,2936800
hqc128,sphincs128s-sphincs128s-hqc128,1322942,1314982,1377993,663867,1482864,2913311
hqc128,sphincs128s-sphincs128s-hqc128,1322902,1314964,1348770,663921,1517336,2960451
hqc128,sphincs128s-sphincs128s-hqc128,1322923,1314952,1345481,663888,1477047,2884211
hqc128,sphincs128s-sphincs128s-hqc128,1322861,1314930,1356066,663902,1491369,2899145
hqc128,sphincs128s-sphincs128s-hqc128,1322886,1314933,1365847,663868,1552197,2971618
hqc128,sphincs128s-sphincs128s-hqc128,1322967,1314955,1434338,663920,1486209,2975612
hqc128,sphincs128s-sphincs128s-hqc128,1322906,1314946,1340291,663874,1498432,2897115
hqc128,sphincs128s-sphincs128s-hqc128,1322905,1314948,1355077,663973,1477336,2885822
hqc128,sphincs128s-sphincs128s-hqc128,1322970,1314971,1349261,663866,1527303,2928701
hqc128,sphincs128s-sphincs128s-hqc128,1322945,1314956,1340080,663909,1528708,2942914
hqc128,sphincs128s-sphincs128s-hqc128,1322845,1314930,1356420,663921,1533359,2943204
hqc128,sphincs128s-sphincs128s-hqc128,1322897,1314963,1340882,663891,1520304,2915940
hqc128,sphincs128s-sphincs128s-hqc128,1322879,1314949,1340897,663923,1515029,2908610
hqc128,sphincs128s-sphincs128s-hqc128,1323007,1314973,1339221,663915,1477427,2869673
hqc128,sphincs128s-sphincs128s-hqc128,1322929,1314945,1339323,663945,1548401,2944632
hqc128,sphincs128s-sphincs128s-hqc128,1322989,1314974,1350380,663875,1484225,2885760
hqc128,sphincs128s-sphincs128s-hqc128,1322851,1314922,1350025,663876,1504934,2911148
hqc128,sphincs128s-sphincs128s-hqc128,1322918,1314946,1340179,663897,1488708,2882317
hqc128,sphincs128s-sphincs128s-hqc128,1322875,1314947,1370195,663839,1515867,2939064
hqc128,sphincs128s-sphincs128s-hqc128,1322907,1314930,1347920,663826,1560628,2960528
hqc128,sphincs128s-sphincs128s-hqc128,1322891,1314926,1339236,663860,1516449,2908063
hqc128,sphincs128s-sphincs128s-hqc128,1322856,1314929,1340264,663897,1538216,2936673
hqc128,sphincs128s-sphincs128s-hqc128,1322909,1314967,1341115,663878,1537879,2931956
hqc128,sphincs128s-sphincs128s-hqc128,1322906,1314960,1357733,663896,1477904,2888075
hqc128,sphincs128s-sphincs128s-hqc128,1322960,1314965,1341713,663898,1535596,2930394
hqc128,sphincs128s-sphincs128s-hqc128,1322869,1314961,1339343,663935,1525156,2919613
hqc128,sphincs128s-sphincs128s-hqc128,1322914,1314933,1340941,663875,1537610,2949217
hqc128,sphincs128s-sphincs128s-hqc128,1322878,1314945,1356619,663908,1520771,2960471
hqc128,sphincs128s-sphincs128s-hqc128,1322906,1314945,1340464,663926,1518844,2935946
hqc128,sphincs128s-sphincs128s-hqc128,1322883,1314963,1352100,663889,1520756,2929347
hqc128,sphincs128s-sphincs128s-hqc128,1322948,1314950,1339048,663897,1475983,2871173
hqc128,sphincs128s-sphincs128s-hqc128,1322883,1314935,1342127,663896,1515697,2910421
hqc128,sphincs128s-sphincs128s-hqc128,1322961,1314962,1343744,663901,1523680,2920025
hqc128,sphincs128s-sphincs128s-hqc128,1322894,1314942,1338965,663866,1518981,2918136
hqc128,sphincs128s-sphincs128s-hqc128,1322917,1314967,1354884,663865,1592790,3017232
hqc128,sphincs128s-sphincs128s-hqc128,1322875,1314920,1340392,663887,1479798,2873907
hqc128,sphincs128s-sphincs128s-hqc128,1322909,1314960,1380420,663887,1579003,3062933
hqc128,sphincs128s-sphincs128s-hqc128,1322885,1314958,1346508,663885,1477948,2964216
hqc128,sphincs128s-sphincs128s-hqc128,1322898,1314932,1340264,663852,1489867,2887501
hqc128,sphincs128s-sphincs128s-hqc128,1323496,1314958,1344946,663904,1480393,2879811
hqc128,sphincs128s-sphincs128s-hqc128,1322913,1314946,1355580,663908,1477649,2899966
hqc128,sphincs128s-sphincs128s-hqc128,1322921,1314957,1340117,663880,1520493,2917753
hqc128,sphincs128s-sphincs128s-hqc128,1322893,1314934,1353387,663886,1545136,2959322
hqc128,sphincs128s-sphincs128s-hqc128,1322913,1314961,1427926,663877,1544645,3235754
hqc128,sphincs128s-sphincs128s-hqc128,1323011,1314979,1396371,663895,1487107,3037216
hqc128,sphincs128s-sphincs128s-hqc128,1322910,1314944,1340887,663834,1530614,2930108
hqc128,sphincs128s-sphincs128s-hqc128,1322910,1314949,1346349,663903,1525221,2925038
hqc128,sphincs128s-sphincs128s-hqc128,1322908,1314961,1348663,663809,1516665,2928083
hqc128,sphincs128s-sphincs128s-hqc128,1322888,1314962,1339690,663901,1538137,2930692
hqc128,sphincs128s-sphincs128s-hqc128,1322915,1314940,1363262,663828,1538259,2960886
hqc128,sphincs128s-sphincs128s-hqc128,1322867,1314948,1406288,663866,1517380,2975810
hqc128,sphincs128s-sphincs128s-hqc128,1322954,1314945,1343000,663922,1515549,2925870
hqc128,sphincs128s-sphincs128s-hqc128,1322900,1314952,1341725,663914,1481095,2875097
hqc128,sphincs128s-sphincs128s-hqc128,1322893,1314947,1341602,663894,1477485,2871800
hqc128,sphincs128s-sphincs128s-hqc128,1322912,1314947,1348470,663894,1516912,2925444
hqc128,sphincs128s-sphincs128s-hqc128,1322923,1314936,1382278,663897,1488225,2942200
hqc128,sphincs128s-sphincs128s-hqc128,1322880,1314948,1341616,663908,1554980,2953196
hqc128,sphincs128s-sphincs128s-hqc128,1322911,1314953,1361034,663895,1521717,2936011
hqc128,sphincs128s-sphincs128s-hqc128,1322876,1314947,1384210,663885,1515960,2965351
hqc128,sphincs128s-sphincs128s-hqc128,1322929,1314940,1342211,663892,1515367,2909700
hqc128,sphincs128s-sphincs128s-hqc128,1322911,1314989,1340021,663901,1515237,2908162
hqc128,sphincs128s-sphincs128s-hqc128,1322947,1314963,1374543,663887,1521152,2950530
hqc128,sphincs128s-sphincs128s-hqc128,1322919,1314960,1388833,663857,1515124,2957701
hqc128,sphincs128s-sphincs128s-hqc128,1322909,1314941,1338146,663919,1490855,2888015
hqc128,sphincs128s-sphincs128s-hqc128,1322876,1314940,1343976,663856,1545655,2941036
hqc128,sphincs128s-sphincs128s-hqc128,1322856,1314949,1339760,663917,1524094,2949348
hqc128,sphincs128s-sphincs128s-hqc128,1322951,1314972,1358233,663907,1515756,2951846
hqc128,sphincs128s-sphincs128s-hqc128,1322912,1314963,1343836,663904,1516866,2912723
hqc128,sphincs128s-sphincs128s-hqc128,1322967,1314954,1361857,663896,1511226,2928662
hqc128,sphincs128s-sphincs128s-hqc128,1322872,1314933,1353841,663893,1497838,2903215
hqc128,sphincs128s-sphincs128s-hqc128,1322900,1314938,1339934,663889,1494762,2898148
hqc128,sphincs128s-sphincs128s-hqc128,1322882,1314944,1342333,663897,1570519,2966305
hqc128,sphincs128s-sphincs128s-hqc128,1322875,1314955,1384086,663844,1579085,3046987
hqc128,sphincs128s-sphincs128s-hqc128,1322893,1314952,1353866,663877,1479011,2893061
hqc128,sphincs128s-sphincs128s-hqc128,1322897,1314956,1351272,663891,1516904,2926164
hqc128,sphincs128s-sphincs128s-hqc128,1322838,1314950,1342894,663929,1525365,2919658
hqc128,sphincs128s-sphincs128s-hqc128,1322948,1314941,1339736,663933,1529150,3003495
hqc128,sphincs128s-sphincs128s-hqc128,1323506,1314961,1345314,663899,1517344,2915244
hqc128,sphincs128s-sphincs128s-hqc128,1322906,1314965,1340806,663886,1503847,2909971
hqc128,sphincs128s-sphincs128s-hqc128,1322880,1314930,1382621,663878,1578655,3020517
hqc128,sphincs128s-sphincs128s-hqc128,1322939,1314960,1353124,663889,1514452,2942240
hqc128,sphincs128s-sphincs128s-hqc128,1322882,1314928,1337676,663892,1489413,2892669
hqc128,sphincs128s-sphincs128s-hqc128,1322957,1314961,1376646,663857,1516669,2950562
hqc128,sphincs128s-sphincs128s-hqc128,1322914,1314965,1342976,663901,1551902,2947385
hqc128,sphincs128s-sphincs128s-hqc128,1322916,1314982,1343269,663860,1490574,2886032
hqc128,sphincs128s-sphincs128s-hqc128,1322906,1314960,1340896,663888,1522436,2929931
hqc128,sphincs128s-sphincs128s-hqc128,1322939,1314959,1354778,663856,1541468,2975975
hqc128,sphincs128s-sphincs128s-hqc128,1322890,1314940,1350553,663820,1541861,2945530
hqc128,sphincs128s-sphincs128s-hqc128,1322863,1314949,1343044,663906,1495705,2891963
hqc128,sphincs128s-sphincs128s-hqc128,1322923,1314952,1338540,663866,1519355,2913155
hqc128,sphincs128s-sphincs128s-hqc128,1323210,1314976,1341099,663907,1539637,2933791
hqc128,sphincs128s-sphincs128s-hqc128,1322920,1314964,1373280,663913,1489699,2916502
hqc128,sphincs128s-sphincs128s-hqc128,1322919,1314975,1344061,663886,1518352,2916447
hqc128,sphincs128s-sphincs128s-hqc128,1322945,1314941,1347632,663850,1480217,2883244
hqc128,sphincs128s-sphincs128s-hqc128,1322891,1314942,1338786,663894,1550435,2972584
hqc128,sphincs128s-sphincs128s-hqc128,1322930,1314939,1343217,663907,1518833,2914641
hqc128,sphincs128s-sphincs128s-hqc128,1322903,1314948,1337170,663879,1476776,2870363
hqc128,sphincs128s-sphincs128s-hqc128,1322956,1314951,1340620,663870,1515323,2908037
hqc128,sphincs128s-sphincs128s-hqc128,1322917,1314971,1344243,663867,1495920,2899014
hqc128,sphincs128s-sphincs128s-hqc128,1322986,1314980,1347450,663878,1480465,2881266
hqc128,sphincs128s-sphincs128s-hqc128,1322905,1314968,1342235,663846,1532257,2925727
hqc128,sphincs128s-sphincs128s-hqc128,1322938,1314938,1433184,663870,1500343,2989484
hqc128,sphincs128s-sphincs128s-hqc128,1322866,1314959,1348217,663882,1517941,2920421
hqc128,sphincs128s-sphincs128s-hqc128,1322952,1314940,1342484,663853,1510755,2915149
hqc128,sphincs128s-sphincs128s-hqc128,1322906,1314946,1345364,663858,1517580,2916433
hqc128,sphincs128s-sphincs128s-hqc128,1322899,1314953,1339427,663880,1534271,2926450
hqc128,sphincs128s-sphincs128s-hqc128,1322888,1314934,1375467,663868,1528564,2959541
hqc128,sphincs128s-sphincs128s-hqc128,1322904,1314932,1356557,663945,1526254,2936209
hqc128,sphincs128s-sphincs128s-hqc128,1322915,1314956,1368751,663848,1516344,3029606
hqc128,sphincs128s-sphincs128s-hqc128,1322892,1314937,1345038,663887,1517108,2917248
hqc128,sphincs128s-sphincs128s-hqc128,1322863,1314924,1338895,663902,1477745,2870084
hqc128,sphincs128s-sphincs128s-hqc128,1322926,1314944,1337052,663908,1526835,2930777
hqc128,sphincs128s-sphincs128s-hqc128,1322872,1314955,1344930,663885,1516002,2917237
hqc128,sphincs128s-sphincs128s-hqc128,1323218,1314927,1340806,663932,1533799,2934272
hqc128,sphincs128s-sphincs128s-hqc128,1322877,1314959,1393358,663870,1482687,2956809
hqc128,sphincs128s-sphincs128s-hqc128,1322949,1314959,1343665,663910,1477607,2875228
hqc128,sphincs128s-sphincs128s-hqc128,1322910,1314964,1347111,663925,1482396,2882573
hqc128,sphincs128s-sphincs128s-hqc128,1322955,1314951,1341688,663895,1478066,2884316
hqc128,sphincs128s-sphincs128s-hqc128,1322885,1314928,1339473,663926,1523136,2914659
hqc128,sphincs128s-sphincs128s-hqc128,1322933,1314954,1338951,663916,1532036,2930544
hqc128,sphincs128s-sphincs128s-hqc128,1322939,1314986,1345217,663901,1517024,2914637
hqc128,sphincs128s-sphincs128s-hqc128,1322907,1314934,1366281,663887,1534429,2969795
hqc128,sphincs128s-sphincs128s-hqc128,1322897,1314948,1397974,663848,1519035,2971948
hqc128,sphincs128s-sphincs128s-hqc128,1322954,1314967,1348001,663914,1524855,2931849
hqc128,sphincs128s-sphincs128s-hqc128,1322886,1314940,1341896,663831,1521748,2944798
hqc128,sphincs128s-sphincs128s-hqc128,1322971,1314962,1338042,663899,1527228,2921711
hqc128,sphincs128s-sphincs128s-hqc128,1322923,1314955,1339039,663844,1495083,2888035
hqc128,sphincs128s-sphincs128s-hqc128,1322953,1314965,1343801,663871,1526011,2921089
hqc128,sphincs128s-sphincs128s-hqc128,1322887,1314953,1346307,663849,1545055,2944629
hqc128,sphincs128s-sphincs128s-hqc128,1322878,1314942,1339577,663900,1498939,2901515
hqc128,sphincs128s-sphincs128s-hqc128,1322899,1314957,1339649,663951,1526226,2918786
hqc128,sphincs128s-sphincs128s-hqc128,1322911,1314952,1341607,663913,1515569,2910355
hqc128,sphincs128s-sphincs128s-hqc128,1322806,1314910,1343067,663855,1515105,2910186
hqc128,sphincs128s-sphincs128s-hqc128,1322958,1314968,1343005,663867,1555457,2952900
hqc128,sphincs128s-sphincs128s-hqc128,1322880,1314939,1347469,663860,1532854,2942952
hqc128,sphincs128s-sphincs128s-hqc128,1322886,1314928,1339145,663865,1523612,2915096
hqc128,sphincs128s-sphincs128s-hqc128,1323236,1314989,1341328,663851,1546767,2943447
hqc128,sphincs128s-sphincs128s-hqc128,1322907,1314949,1345742,663850,1515205,2911324
hqc128,sphincs128s-sphincs128s-hqc128,1322898,1314942,1338290,663881,1476977,2871029
hqc128,sphincs128s-sphincs128s-hqc128,1322929,1314935,1340559,663821,1475541,2870169
hqc128,sphincs128s-sphincs128s-hqc128,1322846,1314943,1339167,663861,1518954,2910512
hqc128,sphincs128s-sphincs128s-hqc128,1322921,1314949,1370796,663847,1529687,2952803
hqc128,sphincs128s-sphincs128s-hqc128,1322926,1314931,1346179,663899,1522888,2967141
hqc128,sphincs128s-sphincs128s-hqc128,1322877,1314951,1360928,663849,1494696,2908194
hqc128,sphincs128s-sphincs128s-hqc128,1322923,1314950,1350278,663887,1489797,2895489
hqc128,sphincs128s-sphincs128s-hqc128,1322883,1314945,1360393,663852,1578505,3009558
hqc128,sphincs128s-sphincs128s-hqc128,1322908,1314967,1340860,663891,1515877,2908916
hqc128,sphincs128s-sphincs128s-hqc128,1322939,1314969,1346139,663893,1516912,2922526
hqc128,sphincs128s-sphincs128s-hqc128,1322933,1314964,1345708,663871,1490075,2887438
hqc128,sphincs128s-sphincs128s-hqc128,1322950,1314957,1339488,663926,1521899,2913947
hqc128,sphincs128s-sphincs128s-hqc128,1322911,1314936,1384288,663834,1518692,2970974
hqc128,sphincs128s-sphincs128s-hqc128,1322931,1314946,1367285,663866,1479190,2899108
hqc128,sphincs128s-sphincs128s-hqc128,1322867,1314940,1340605,663907,1516708,2911275
hqc128,sphincs128s-sphincs128s-hqc128,1322943,1314942,1348419,663853,1516653,2919198
hqc128,sphincs128s-sphincs128s-hqc128,1322892,1314939,1342993,663895,1516219,2912525
hqc128,sphincs128s-sphincs128s-hqc128,1322926,1314957,1347660,663876,1516039,2916055
hqc128,sphincs128s-sphincs128s-hqc128,1322834,1314919,1339492,663804,1528964,2921711
hqc128,sphincs128s-sphincs128s-hqc128,1322917,1314954,1340093,663903,1478202,2872438
hqc128,sphincs128s-sphincs128s-hqc128,1322847,1314930,1344743,663879,1520229,2975463
hqc128,sphincs128s-sphincs128s-hqc128,1323230,1314949,1339356,663961,1559986,2951625
hqc128,sphincs128s-sphincs128s-hqc128,1322878,1314947,1394131,663914,1515570,2988236
hqc128,sphincs128s-sphincs128s-hqc128,1322918,1314949,1340542,663892,1514673,2908380
hqc128,sphincs128s-sphincs128s-hqc128,1322896,1314936,1340235,663904,1516060,2910198
hqc128,sphincs128s-sphincs128s-hqc128,1322921,1314953,1340967,663882,1476241,2889275
hqc128,sphincs128s-sphincs128s-hqc128,1322879,1314942,1339402,663858,1517241,2908764
hqc128,sphincs128s-sphincs128s-hqc128,1322916,1314947,1343633,663865,1500013,2894358
hqc128,sphincs128s-sphincs128s-hqc128,1322896,1314947,1403405,663934,1549527,3007531
hqc128,sphincs128s-sphincs128s-hqc128,1322962,1314962,1354554,663884,1520129,2937072
hqc128,sphincs128s-sphincs128s-hqc128,1322884,1314930,1342043,663900,1475636,2871501
hqc128,sphincs128s-sphincs128s-hqc128,1322920,1314942,1339802,663938,1516823,2908638
hqc128,sphincs128s-sphincs128s-hqc128,1322873,1314947,1338833,663836,1475644,2867047
hqc128,sphincs128s-sphincs128s-hqc128,1322928,1314955,1338598,663882,1487619,2879180
hqc128,sphincs128s-sphincs128s-hqc128,1322846,1314939,1404372,663885,1540776,3012548
hqc128,sphincs128s-sphincs128s-hqc128,1322910,1314942,1343503,663879,1517636,2912428
hqc128,sphincs128s-sphincs128s-hqc128,1322859,1314926,1339157,663889,1515372,2907369
hqc128,sphincs128s-sphincs128s-hqc128,1322959,1314960,1346015,663864,1525409,2924738
hqc128,sphincs128s-sphincs128s-hqc128,1322867,1314937,1339106,663882,1500273,2896672
hqc128,sphincs128s-sphincs128s-hqc128,1322930,1314951,1358161,663889,1553403,2964740
hqc128,sphincs128s-sphincs128s-hqc128,1322883,1314940,1368046,663956,1521702,2942701
hqc128,sphincs128s-sphincs128s-hqc128,1322931,1314944,1343398,663876,1485103,2882194
hqc128,sphincs128s-sphincs128s-hqc128,1322835,1314931,1340157,663892,1498363,2902014
hqc128,sphincs128s-sphincs128s-hqc128,1322944,1314955,1339575,663897,1476626,2870164
hqc128,sphincs128s-sphincs128s-hqc128,1322859,1314948,1338480,663898,1515861,2906654
hqc128,sphincs128s-sphincs128s-hqc128,1322927,1314957,1339459,663879,1476833,2869199
hqc128,sphincs128s-sphincs128s-hqc128,1322860,1314937,1337375,663949,1518621,2908941
hqc128,sphincs128s-sphincs128s-hqc128,1322905,1314926,1360738,663933,1569360,2982099
hqc128,sphincs128s-sphincs128s-hqc128,1322907,1314948,1338573,663898,1487869,2878930
hqc128,sphincs128s-sphincs128s-hqc128,1322904,1314959,1338569,663834,1478787,2886298
hqc128,sphincs128s-sphincs128s-hqc128,1322905,1314951,1382241,663904,1532600,2981975
hqc128,sphincs128s-sphincs128s-hqc128,1322915,1314951,1355229,663865,1517587,2923895
hqc128,sphincs128s-sphincs128s-hqc128,1322940,1314960,1339441,663886,1483422,2874752
hqc128,sphincs128s-sphincs128s-hqc128,1322903,1314955,1339484,663886,1481178,2875833
hqc128,sphincs128s-sphincs128s-hqc128,1322919,1314964,1355585,663913,1517805,2968736
hqc128,sphincs128s-sphincs128s-hqc128,1322833,1314931,1340791,663837,1515640,2916126
hqc128,sphincs128s-sphincs128s-hqc128,1322965,1314959,1339901,663905,1490678,2885985
hqc128,sphincs128s-sphincs128s-hqc128,1322861,1314937,1340199,663910,1688329,3085634
hqc128,sphincs128s-sphincs128s-hqc128,1322925,1314964,1344897,663897,1514661,2913230
hqc128,sphincs128s-sphincs128s-hqc128,1322935,1314963,1350023,663946,1478307,2881092
hqc128,sphincs128s-sphincs128s-hqc128,1322879,1314941,1341321,663819,1480954,2877526
hqc128,sphincs128s-sphincs128s-hqc128,1322910,1314955,1342855,663889,1515725,2911766
hqc128,sphincs128s-sphincs128s-hqc128,1322878,1314947,1339431,663924,1518711,2910622
hqc128,sphincs128s-sphincs128s-hqc128,1322919,1314957,1340754,663844,1527212,2920448
hqc128,sphincs128s-sphincs128s-hqc128,1322898,1314936,1380712,663945,1551765,2984960
hqc128,sphincs128s-sphincs128s-hqc128,1322929,1314954,1338975,663883,1515044,2907551
hqc128,sphincs128s-sphincs128s-hqc128,1322932,1314940,1363090,663857,1476634,2895256
hqc128,sphincs128s-sphincs128s-hqc128,1322917,1314931,1339080,663849,1567621,2961008
hqc128,sphincs128s-sphincs128s-hqc128,1322862,1314927,1341466,663922,1480888,2878257
hqc128,sphincs128s-sphincs128s-hqc128,1322933,1314941,1341513,663913,1475395,2870403
hqc128,sphincs128s-sphincs128s-hqc128,1322897,1314959,1342011,663867,1521457,2923308
hqc128,sphincs128s-sphincs128s-hqc128,1322890,1314927,1338627,663893,1501870,2896202
hqc128,sphincs128s-sphincs128s-hqc128,1322890,1314944,1340398,663906,1476823,2871343
hqc128,sphincs128s-sphincs128s-hqc128,1322919,1314970,1346716,663816,1515345,2914221
hqc128,sphincs128s-sphincs128s-hqc128,1322915,1314956,1341280,663864,1476600,2871797
hqc128,sphincs128s-sphincs128s-hqc128,1322880,1314926,1339889,663834,1524956,2925085
hqc128,sphincs128s-sphincs128s-hqc128,1322897,1314963,1349081,663910,1508104,2920354
hqc128,sphincs128s-sphincs128s-hqc128,1322916,1314939,1346023,663843,1515339,2991482
hqc128,sphincs128s-sphincs128s-hqc128,1322885,1314953,1336752,663864,1477741,2873187
hqc128,sphincs128s-sphincs128s-hqc128,1322968,1314959,1341936,663923,1555779,2950417
hqc128,sphincs128s-sphincs128s-hqc128,1322877,1314936,1340985,663890,1481281,2887109
hqc128,sphincs128s-sphincs128s-hqc128,1322948,1314977,1352734,663908,1524100,2930051
hqc128,sphincs128s-sphincs128s-hqc128,1322925,1314986,1348900,663909,1494374,2917276
hqc128,sphincs128s-sphincs128s-hqc128,1322927,1314954,1344057,663932,1516601,2928745
hqc128,sphincs128s-sphincs128s-hqc128,1322894,1314947,1344189,663873,1477803,2875494
hqc128,sphincs128s-sphincs128s-hqc128,1322915,1314934,1341045,663910,1519720,2937844
hqc128,sphincs128s-sphincs128s-hqc128,1322831,1314923,1338683,663916,1477787,2872656
hqc128,sphincs128s-sphincs128s-hqc128,1322892,1314946,1340063,663887,1530146,2927106
hqc128,sphincs128s-sphincs128s-hqc128,1322821,1314939,1358295,663868,1520534,2933156
hqc128,sphincs128s-sphincs128s-hqc128,1322930,1314949,1340208,663870,1518523,2915046
hqc128,sphincs128s-sphincs128s-hqc128,1322889,1314961,1343937,663887,1516803,2917466
hqc128,sphincs128s-sphincs128s-hqc128,1322902,1314933,1363311,663797,1541855,2957345
hqc128,sphincs128s-sphincs128s-hqc128,1322892,1314967,1340695,663864,1521279,2916730
hqc128,sphincs128s-sphincs128s-hqc128,1322947,1314947,1339040,663863,1494944,2893741
hqc128,sphincs128s-sphincs128s-hqc128,1322868,1314935,1359502,663970,1515247,2928510
hqc128,sphincs128s-sphincs128s-hqc128,1322966,1314956,1355902,663868,1516788,2926295
hqc128,sphincs128s-sphincs128s-hqc128,1322906,1314971,1339207,663874,1525267,2921930
hqc128,sphincs128s-sphincs128s-hqc128,1322920,1314942,1343223,663957,1476864,2872770
hqc128,sphincs128s-sphincs128s-hqc128,1322917,1314971,1340958,663893,1480470,2875470
hqc128,sphincs128s-sphincs128s-hqc128,1322914,1314932,1339915,663865,1475924,2870995
hqc128,sphincs128s-sphincs128s-hqc128,1322930,1314939,1351116,663874,1518636,2930356
hqc128,sphincs128s-sphincs128s-hqc128,1322914,1314941,1342339,663857,1524037,2924058
hqc128,sphincs128s-sphincs128s-hqc128,1322895,1314953,1368875,663894,1496566,2921786
hqc128,sphincs128s-sphincs128s-hqc128,1322909,1314941,1341287,663868,1476568,2872308
hqc128,sphincs128s-sphincs128s-hqc128,1322883,1314955,1339706,663873,1480296,2872319
hqc128,sphincs128s-sphincs128s-hqc128,1322940,1314957,1339459,663854,1484011,2875231
hqc128,sphincs128s-sphincs128s-hqc128,1322875,1314949,1347986,663895,1490254,2891268
hqc128,sphincs128s-sphincs128s-hqc128,1322911,1314958,1355525,663876,1476554,2892910
hqc128,sphincs128s-sphincs128s-hqc128,1322889,1314934,1343676,663875,1477959,2878175
hqc128,sphincs128s-sphincs128s-hqc128,1322935,1314958,1343059,663842,1515070,2911054
hqc128,sphincs128s-sphincs128s-hqc128,1322879,1314935,1339540,663932,1518589,2910181
hqc128,sphincs128s-sphincs128s-hqc128,1322955,1314959,1342461,663857,1515617,2910709
hqc128,sphincs128s-sphincs128s-hqc128,1322920,1314946,1347914,663868,1516606,2919042
hqc128,sphincs128s-sphincs128s-hqc128,1322916,1314931,1341866,663904,1519441,2913267
hqc128,sphincs128s-sphincs128s-hqc128,1322911,1314952,1349862,663892,1514563,2917981
hqc128,sphincs128s-sphincs128s-hqc128,1322931,1314955,1344010,663862,1534831,2930964
hqc128,sphincs128s-sphincs128s-hqc128,1323518,1314966,1343062,663902,1516602,2911692
hqc128,sphincs128s-sphincs128s-hqc128,1322931,1314958,1341241,663878,1479528,2872300
hqc128,sphincs128s-sphincs128s-hqc128,1322869,1314940,1347313,663898,1482938,2883514
hqc128,sphincs128s-sphincs128s-hqc128,1322870,1314920,1346115,663955,1517092,2916403
hqc128,sphincs128s-sphincs128s-hqc128,1322869,1314944,1335161,663893,1479614,2884359
hqc128,sphincs128s-sphincs128s-hqc128,1322886,1314922,1340662,663895,1518774,2912922
hqc128,sphincs128s-sphincs128s-hqc128,1322938,1314943,1340485,663979,1517576,2912782
hqc128,sphincs128s-sphincs128s-hqc128,1322961,1314953,1339510,663842,1520105,2912946
hqc128,sphincs128s-sphincs128s-hqc128,1322852,1314930,1343396,663863,1516523,2915619
hqc128,sphincs128s-sphincs128s-hqc128,1322895,1314914,1340850,663864,1521561,2913821
hqc128,sphincs128s-sphincs128s-hqc128,1322874,1314944,1372869,663911,1478847,2903964
hqc128,sphincs128s-sphincs128s-hqc128,1322940,1314929,1339931,663869,1577746,2970885
hqc128,sphincs128s-sphincs128s-hqc128,1322926,1314968,1468755,663919,1484149,3008411
hqc128,sphincs128s-sphincs128s-hqc128,1322868,1314935,1358268,663875,1481629,2891854
hqc128,sphincs128s-sphincs128s-hqc128,1322878,1314919,1340720,663891,1526608,2942456
hqc128,sphincs128s-sphincs128s-hqc128,1322884,1314948,1340459,663904,1515621,2909105
hqc128,sphincs128s-sphincs128s-hqc128,1322907,1314943,1339346,663858,1487325,2882995
hqc128,sphincs128s-sphincs128s-hqc128,1322856,1314919,1420488,663881,1504458,2981809
hqc128,sphincs128s-sphincs128s-hqc128,1322981,1314971,1341886,663922,1541933,2943114
hqc128,sphincs128s-sphincs128s-hqc128,1322902,1314945,1339419,663908,1476436,2868059
hqc128,sphincs128s-sphincs128s-hqc128,1322961,1314965,1339776,663867,1486712,2880071
hqc128,sphincs128s-sphincs128s-hqc128,1322874,1314942,1351179,663842,1490345,2971316
hqc128,sphincs128s-sphincs128s-hqc128,1322938,1314962,1339198,663921,1479312,2876832
hqc128,sphincs128s-sphincs128s-hqc128,1322870,1314948,1354290,663865,1517624,2926657
hqc128,sphincs128s-sphincs128s-hqc128,1322952,1314951,1346714,663855,1477243,2875254
hqc128,sphincs128s-sphincs128s-hqc128,1322867,1314930,1340678,663824,1515783,2908596
hqc128,sphincs128s-sphincs128s-hqc128,1322938,1314948,1339891,663867,1476889,2871864
hqc128,sphincs128s-sphincs128s-hqc128,1322900,1314939,1350671,663913,1478028,2883691
hqc128,sphincs128s-sphincs128s-hqc128,1322890,1314917,1344205,663870,1542547,2941856
hqc128,sphincs128s-sphincs128s-hqc128,1322908,1314973,1372292,663849,1478923,2903132
hqc128,sphincs128s-sphincs128s-hqc128,1322971,1314968,1340853,663837,1528468,2922994
hqc128,sphincs128s-sphincs128s-hqc128,1322879,1314943,1355808,663879,1525005,2932256
hqc128,sphincs128s-sphincs128s-hqc128,1322929,1314958,1357915,663881,1516268,2928250
hqc128,sphincs128s-sphincs128s-hqc128,1322878,1314968,1359874,663890,1527927,2939705
hqc128,sphincs128s-sphincs128s-hqc128,1322877,1314962,1342958,663934,1523767,2921740
hqc128,sphincs128s-sphincs128s-hqc128,1322863,1314950,1341374,663882,1517070,2951439
hqc128,sphincs128s-sphincs128s-hqc128,1322914,1314942,1340863,663899,1541441,2941697
hqc128,sphincs128s-sphincs128s-hqc128,1322879,1314953,1342533,663857,1516747,2915398
hqc128,sphincs128s-sphincs128s-hqc128,1322886,1314966,1342136,663982,1531200,2937611
hqc128,sphincs128s-sphincs128s-hqc128,1322917,1314951,1347441,663877,1479652,2881086
hqc128,sphincs128s-sphincs128s-hqc128,1322883,1314942,1339306,663863,1495100,2892915
hqc128,sphincs128s-sphincs128s-hqc128,1322915,1314962,1355844,663894,1509469,2919228
hqc128,sphincs128s-sphincs128s-hqc128,1322877,1314968,1340211,663911,3269090,4706168
hqc128,sphincs128s-sphincs128s-hqc128,1322898,1314944,1341162,663871,1516423,2913219
hqc128,sphincs128s-sphincs128s-hqc128,1322938,1314949,1339681,663936,1520101,2919150
hqc128,sphincs128s-sphincs128s-hqc128,1322901,1314969,1345222,663946,1478056,2879479
hqc128,sphincs128s-sphincs128s-hqc128,1322960,1314956,1342013,663907,1487460,2882669
hqc128,sphincs128s-sphincs128s-hqc128,1322862,1314922,1342216,663931,1477593,2874412
hqc128,sphincs128s-sphincs128s-hqc128,1322913,1314957,1344187,663905,1481379,2889108
hqc128,sphincs128s-sphincs128s-hqc128,1322886,1314949,1342857,663920,1518880,2915009
hqc128,sphincs128s-sphincs128s-hqc128,1322922,1314946,1339261,663890,1476174,2869689
hqc128,sphincs128s-sphincs128s-hqc128,1322908,1314953,1338990,663942,1514973,2906454
hqc128,sphincs128s-sphincs128s-hqc128,1322917,1314955,1342666,663880,1516328,2910200
hqc128,sphincs128s-sphincs128s-hqc128,1322910,1314962,1339513,663898,1517695,2926598
hqc128,sphincs128s-sphincs128s-hqc128,1322910,1314948,1347750,663900,1476834,2884162
hqc128,sphincs128s-sphincs128s-hqc128,1322879,1314946,1341290,663893,1477218,2870014
hqc128,sphincs128s-sphincs128s-hqc128,1322946,1314962,1342086,663891,1505211,2902800
hqc128,sphincs128s-sphincs128s-hqc128,1322863,1314921,1340332,663870,1534296,2927892
hqc128,sphincs128s-sphincs128s-hqc128,1322907,1314936,1339598,663901,1488973,2880788
hqc128,sphincs128s-sphincs128s-hqc128,1322881,1314946,1340294,663861,1518999,2914630
hqc128,sphincs128s-sphincs128s-hqc128,1322924,1314958,1341296,663889,1519617,2912712
hqc128,sphincs128s-sphincs128s-hqc128,1322915,1314938,1341326,663920,1520281,2914195
hqc128,sphincs128s-sphincs128s-hqc128,1322897,1314950,1338754,663967,1519087,2918643
hqc128,sphincs128s-sphincs128s-hqc128,1322924,1314958,1343089,663931,1518641,2914447
hqc128,sphincs128s-sphincs128s-hqc128,1322865,1314945,1342791,663926,1477534,2871608
hqc128,sphincs128s-sphincs128s-hqc128,1322886,1314943,1356961,663921,1477861,2886879
hqc128,sphincs128s-sphincs128s-hqc128,1322863,1314950,1347371,663920,1516575,2916985
hqc128,sphincs128s-sphincs128s-hqc128,1322971,1314963,1348509,663879,1528236,2938527
hqc128,sphincs128s-sphincs128s-hqc128,1322877,1314962,1342230,663929,1488067,2887395
hqc128,sphincs128s-sphincs128s-hqc128,1322929,1314960,1345974,663897,1523265,2923317
hqc128,sphincs128s-sphincs128s-hqc128,1322929,1314966,1339321,663882,1529789,2928613
hqc128,sphincs128s-sphincs128s-hqc128,1322910,1314939,1341136,663851,1478013,2871326
hqc128,sphincs128s-sphincs128s-hqc128,1322908,1314967,1338964,663925,1519838,2911439
hqc128,sphincs128s-sphincs128s-hqc128,1322949,1314971,1340088,663887,1537719,2937093
hqc128,sphincs128s-sphincs128s-hqc128,1322929,1314964,1339801,663924,1523632,2917369
hqc128,sphincs128s-sphincs128s-hqc128,1322911,1314952,1339177,663900,1516410,2937791
hqc128,sphincs128s-sphincs128s-hqc128,1322884,1314955,1339394,663923,1477581,2870083
hqc128,sphincs128s-sphincs128s-hqc128,1322906,1314952,1338715,663878,1517401,2929757
hqc128,sphincs128s-sphincs128s-hqc128,1322913,1314966,1341664,663855,1478641,2875110
hqc128,sphincs128s-sphincs128s-hqc128,1322935,1314955,1346920,663914,1527127,2936271
hqc128,sphincs128s-sphincs128s-hqc128,1322855,1314943,1345499,663850,1517698,2917414
hqc128,sphincs128s-sphincs128s-hqc128,1322952,1314961,1342924,663863,1555504,2973147
hqc128,sphincs128s-sphincs128s-hqc128,1322882,1314966,1386724,663858,1532983,2973549
hqc128,sphincs128s-sphincs128s-hqc128,1322915,1314942,1355650,663946,1514315,2924595
hqc128,sphincs128s-sphincs128s-hqc128,1322899,1314956,1398565,663900,1480880,2934345
hqc128,sphincs128s-sphincs128s-hqc128,1322910,1314945,1340384,663932,1480231,2873059
hqc128,sphincs128s-sphincs128s-hqc128,1322897,1314937,1368841,663909,1541414,2963336
hqc128,sphincs128s-sphincs128s-hqc128,1322903,1314946,1338940,663816,1489053,2883897
hqc128,sphincs128s-sphincs128s-hqc128,1322881,1314947,1340057,663833,1550803,2948756
hqc128,sphincs128s-sphincs128s-hqc128,1322893,1314916,1388954,663896,1532533,2975026
hqc128,sphincs128s-sphincs128s-hqc128,1322892,1314959,1347825,663924,1478082,2886723
hqc128,sphincs128s-sphincs128s-hqc128,1322940,1314959,1349611,663834,1515168,2919619
hqc128,sphincs128s-sphincs128s-hqc128,1322901,1314948,1358727,663836,1475741,2889464
hqc128,sphincs128s-sphincs128s-hqc128,1322916,1314944,1346790,663911,1518814,2918815
hqc128,sphincs128s-sphincs128s-hqc128,1322884,1314935,1339854,663842,1518975,2914987
hqc128,sphincs128s-sphincs128s-hqc128,1322915,1314961,1363407,663871,1517169,2935721
hqc128,sphincs128s-sphincs128s-hqc128,1322874,1314937,1349614,663867,1481005,2882641
hqc128,sphincs128s-sphincs128s-hqc128,1322861,1314928,1360781,663881,1527274,2947465
hqc128,sphincs128s-sphincs128s-hqc128,1323508,1314972,1354364,663869,1560026,2966553
hqc128,sphincs128s-sphincs128s-hqc128,1322917,1314946,1344864,663888,1523652,2922280
hqc128,sphincs128s-sphincs128s-hqc128,1322905,1314937,1354176,663857,1507839,2915625
hqc128,sphincs128s-sphincs128s-hqc128,1322908,1314929,1348998,663859,1525133,2937290
hqc128,sphincs128s-sphincs128s-hqc128,1322889,1314955,1345381,663831,1536378,2935138
hqc128,sphincs128s-sphincs128s-hqc128,1322919,1314952,1346255,663855,1558048,2994761
hqc128,sphincs128s-sphincs128s-hqc128,1322927,1314945,1354753,663885,1530461,2941311
hqc128,sphincs128s-sphincs128s-hqc128,1322947,1314955,1342623,663874,1538243,2937513
hqc128,sphincs128s-sphincs128s-hqc128,1322864,1314941,1344404,663883,1479805,2876629
hqc128,sphincs128s-sphincs128s-hqc128,1322911,1314953,1342909,663869,1535376,2935428
hqc128,sphincs128s-sphincs128s-hqc128,1322951,1314945,1344065,663833,1479627,2875623
hqc128,sphincs128s-sphincs128s-hqc128,1322858,1314929,1339955,663866,1478110,2872029
hqc128,sphincs128s-sphincs128s-hqc128,1322959,1314956,1364722,663901,1515767,2940440
hqc128,sphincs128s-sphincs128s-hqc128,1322884,1314938,1347929,663901,1526127,2955712
hqc128,sphincs128s-sphincs128s-hqc128,1322933,1314961,1343964,663892,1518682,2917471
hqc128,sphincs128s-sphincs128s-hqc128,1322895,1314947,1341326,663941,1516453,2909279
hqc128,sphincs128s-sphincs128s-hqc128,1322912,1314950,1341314,663929,1527599,2923518
hqc128,sphincs128s-sphincs128s-hqc128,1322892,1314958,1341738,663861,1520611,2917643
hqc128,sphincs128s-sphincs128s-hqc128,1322899,1314948,1341639,663884,1479339,2874882
hqc128,sphincs128s-sphincs128s-hqc128,1322894,1314965,1368665,663904,1520520,2945483
hqc128,sphincs128s-sphincs128s-hqc128,1322904,1314935,1342343,663853,1501997,2896777
hqc128,sphincs128s-sphincs128s-hqc128,1322888,1314936,1340028,663932,1489151,2881893
hqc128,sphincs128s-sphincs128s-hqc128,1322926,1314940,1343596,663888,1482566,2880137
hqc128,sphincs128s-sphincs128s-hqc128,1322914,1314953,1340297,663866,1522322,2916352
hqc128,sphincs128s-sphincs128s-hqc128,1322930,1314952,1340006,663893,1485191,2879544
hqc128,sphincs128s-sphincs128s-hqc128,1322865,1314938,1348727,663941,1671829,3074671
hqc128,sphincs128s-sphincs128s-hqc128,1322862,1314956,1344544,663899,1477348,2874985
hqc128,sphincs128s-sphincs128s-hqc128,1322957,1314960,1355959,663848,1494808,2905501
hqc128,sphincs128s-sphincs128s-hqc128,1322831,1314940,1347171,663876,1520940,2944026
hqc128,sphincs128s-sphincs128s-hqc128,1322922,1314932,1351365,663909,1543182,2954200
hqc128,sphincs128s-sphincs128s-hqc128,1322848,1314933,1337910,663857,1476737,2871049
hqc128,sphincs128s-sphincs128s-hqc128,1322905,1314942,1408652,663922,1479420,2941225
hqc128,sphincs128s-sphincs128s-hqc128,1322894,1314952,1343735,663901,1505610,2904408
hqc128,sphincs128s-sphincs128s-hqc128,1322930,1314974,1345375,663921,1486176,2897708
hqc128,sphincs128s-sphincs128s-hqc128,1322890,1314952,1349481,663897,1478088,2881593
hqc128,sphincs128s-sphincs128s-hqc128,1322937,1314941,1345884,663869,1521431,2922176
hqc128,sphincs128s-sphincs128s-hqc128,1322851,1314947,1341091,663905,1479483,2878151
hqc128,sphincs128s-sphincs128s-hqc128,1322903,1314948,1345398,663905,1518860,2917660
hqc128,sphincs128s-sphincs128s-hqc128,1322892,1314961,1341711,663855,1524380,2918080
hqc128,sphincs128s-sphincs128s-hqc128,1322953,1314950,1340179,663933,1481207,2876889
hqc128,sphincs128s-sphincs128s-hqc128,1322886,1314940,1342109,663882,1519729,2916854
hqc128,sphincs128s-sphincs128s-hqc128,1322958,1314983,1344337,663926,1479787,2876930
hqc128,sphincs128s-sphincs128s-hqc128,1322885,1314949,1351863,663872,1494379,2899234
hqc128,sphincs128s-sphincs128s-hqc128,1322914,1314974,1340782,663913,1517467,2918407
hqc128,sphincs128s-sphincs128s-hqc128,1322881,1314962,1341250,663822,1483820,2882564
hqc128,sphincs128s-sphincs128s-hqc128,1322916,1314950,1339493,663963,1507486,2899060
hqc128,sphincs128s-sphincs128s-hqc128,1322861,1314947,1341220,663935,1483540,2880808
hqc128,sphincs128s-sphincs128s-hqc128,1322944,1314951,1341260,663857,1533935,2936298
hqc128,sphincs128s-sphincs128s-hqc128,1322892,1314924,1353892,663895,1519895,2926737
hqc128,sphincs128s-sphincs128s-hqc128,1322896,1314946,1393779,663863,1525372,2971883
hqc128,sphincs128s-sphincs128s-hqc128,1322856,1314934,1341907,663816,1475652,2869943
hqc128,sphincs128s-sphincs128s-hqc128,1322882,1314938,1339612,663902,1517333,2909180
hqc128,sphincs128s-sphincs128s-hqc128,1322892,1314952,1351372,663875,1528880,2933859
hqc128,sphincs128s-sphincs128s-hqc128,1322893,1314954,1404814,663923,1519530,2976972
hqc128,sphincs128s-sphincs128s-hqc128,1322858,1314927,1363606,663815,1524948,2945640
hqc128,sphincs128s-sphincs128s-hqc128,1322908,1314956,1340709,663938,1478892,2874111
hqc128,sphincs128s-sphincs128s-hqc128,1322891,1314955,1341923,663913,1477798,2872146
hqc128,sphincs128s-sphincs128s-hqc128,1322947,1314965,1376294,663851,1497695,2927304
hqc128,sphincs128s-sphincs128s-hqc128,1322932,1314966,1369974,663904,1477354,2898363
hqc128,sphincs128s-sphincs128s-hqc128,1322952,1314957,1396773,663865,1557039,3006530
hqc128,sphincs128s-sphincs128s-hqc128,1322895,1314951,1350116,663861,1487203,2889642
hqc128,sphincs128s-sphincs128s-hqc128,1322847,1314942,1340302,663934,1486884,2881564
hqc128,sphincs128s-sphincs128s-hqc128,1322911,1314940,1342795,663896,1521009,2917042
hqc128,sphincs128s-sphincs128s-hqc128,1322875,1314956,1340147,663928,1539754,2933493
hqc128,sphincs128s-sphincs128s-hqc128,1322884,1314933,1339948,663895,1515177,2910045
hqc128,sphincs128s-sphincs128s-hqc128,1322880,1314937,1342481,663861,1516576,2926177
hqc128,sphincs128s-sphincs128s-hqc128,1322903,1314947,1338519,663863,1517335,2908737
hqc128,sphincs128s-sphincs128s-hqc128,1322878,1314941,1356178,663873,1516152,2924381
hqc128,sphincs128s-sphincs128s-hqc128,1322964,1314956,1364468,663828,1475602,2892844
hqc128,sphincs128s-sphincs128s-hqc128,1322890,1314965,1353564,663904,1475944,2899172
hqc128,sphincs128s-sphincs128s-hqc128,1322951,1314959,1339340,663910,1483422,2879099
hqc128,sphincs128s-sphincs128s-hqc128,1322858,1314919,1342457,663829,1516233,2918309
hqc128,sphincs128s-sphincs128s-hqc128,1322915,1314964,1341750,663862,1487048,2882988
hqc128,sphincs128s-sphincs128s-hqc128,1322880,1314939,1341967,663891,1582055,2976218
hqc128,sphincs128s-sphincs128s-hqc128,1322868,1314943,1341460,663860,1525260,2921860
hqc128,sphincs128s-sphincs128s-hqc128,1322922,1314947,1339435,663887,1477541,2872449
hqc128,sphincs128s-sphincs128s-hqc128,1322873,1314964,1338331,663877,1478207,2871409
hqc128,sphincs128s-sphincs128s-hqc128,1322923,1314960,1342656,663919,1487831,2882887
hqc128,sphincs128s-sphincs128s-hqc128,1322875,1314940,1343877,663928,1538621,2944366
hqc128,sphincs128s-sphincs128s-hqc128,1322926,1314954,1340535,663825,1483911,2887257
hqc128,sphincs128s-sphincs128s-hqc128,1322893,1314960,1347273,663921,1525321,2937353
hqc128,sphincs128s-sphincs128s-hqc128,1322929,1314967,1338002,663841,1476166,2868891
hqc128,sphincs128s-sphincs128s-hqc128,1322884,1314956,1338925,663877,1526248,2918251
hqc128,sphincs128s-sphincs128s-hqc128,1322923,1314941,1338205,663906,1519357,2909557
hqc128,sphincs128s-sphincs128s-hqc128,1322860,1314918,1341200,663891,1524886,2920136
hqc128,sphincs128s-sphincs128s-hqc128,1322920,1314944,1342102,663884,1516961,2913176
hqc128,sphincs128s-sphincs128s-hqc128,1322899,1314954,1345180,663890,1522256,2921918
hqc128,sphincs128s-sphincs128s-hqc128,1322939,1314968,1338699,663866,1515432,2906467
hqc128,sphincs128s-sphincs128s-hqc128,1322891,1314953,1340291,663947,1485140,2879876
hqc128,sphincs128s-sphincs128s-hqc128,1322925,1314943,1370658,663870,1476053,2899204
hqc128,sphincs128s-sphincs128s-hqc128,1322861,1314939,1345388,663881,1518243,2915891
hqc128,sphincs128s-sphincs128s-hqc128,1322891,1314946,1338596,663886,1478254,2871815
hqc128,sphincs128s-sphincs128s-hqc128,1322870,1314934,1361989,663900,1477816,2891343
hqc128,sphincs128s-sphincs128s-hqc128,1322934,1314970,1336901,663861,1520035,2918353
hqc128,sphincs128s-sphincs128s-hqc128,1322878,1314939,1351869,663857,1480879,2888971
hqc128,sphincs128s-sphincs128s-hqc128,1322928,1314943,1343341,663869,1481153,2884765
hqc128,sphincs128s-sphincs128s-hqc128,1322920,1314967,1342997,663809,1476762,2874504
hqc128,sphincs128s-sphincs128s-hqc128,1322923,1314941,1340447,663870,1491174,2900692
hqc128,sphincs128s-sphincs128s-hqc128,1322903,1314963,1341442,663901,1532915,2925816
hqc128,sphincs128s-sphincs128s-hqc128,1323219,1314933,1342610,663905,1544680,2939021
hqc128,sphincs128s-sphincs128s-hqc128,1322905,1314957,1338684,663873,1557587,2948693
hqc128,sphincs128s-sphincs128s-hqc128,1322939,1314936,1339380,663926,1487975,2882145
hqc128,sphincs128s-sphincs128s-hqc128,1322893,1314962,1339124,663916,1478038,2875429
hqc128,sphincs128s-sphincs128s-hqc128,1322936,1314960,1342955,663878,1520014,2915951
hqc128,sphincs128s-sphincs128s-hqc128,1322841,1314934,1337742,663897,1479416,2872775
hqc128,sphincs128s-sphincs128s-hqc128,1322913,1314955,1347659,663901,1481585,2881765
hqc128,sphincs128s-sphincs128s-hqc128,1322905,1314948,1340667,663878,1478594,2874192
hqc128,sphincs128s-sphincs128s-hqc128,1322939,1314938,1342279,663885,1519277,2918026
hqc128,sphincs128s-sphincs128s-hqc128,1322901,1314948,1338163,663884,1480871,2875234
hqc128,sphincs128s-sphincs128s-hqc128,1322951,1314940,1358701,663833,1515795,2933150
hqc128,sphincs128s-sphincs128s-hqc128,1322895,1314962,1339812,663846,1518088,2917161
hqc128,sphincs128s-sphincs128s-hqc128,1322876,1314938,1347345,663846,1580187,2979549
hqc128,sphincs128s-sphincs128s-hqc128,1322904,1314921,1345275,663881,1519860,2917600
hqc128,sphincs128s-sphincs128s-hqc128,1322850,1314940,1360470,663953,1527412,2940086
hqc128,sphincs128s-sphincs128s-hqc128,1322939,1314950,1338305,663868,1610204,3014443
hqc128,sphincs128s-sphincs128s-hqc128,1322884,1314922,1365048,663893,1523028,2940802
hqc128,sphincs128s-sphincs128s-hqc128,1322887,1314935,1340342,663925,1478436,2870833
hqc128,sphincs128s-sphincs128s-hqc128,1322957,1314950,1342480,663824,1480660,2877963
hqc128,sphincs128s-sphincs128s-hqc128,1322875,1314955,1339390,663865,1521311,2917563
hqc128,sphincs128s-sphincs128s-hqc128,1322952,1314970,1346662,663917,1515590,2914375
hqc128,sphincs128s-sphincs128s-hqc128,1322883,1314968,1340232,663847,1479177,2873633
hqc128,sphincs128s-sphincs128s-hqc128,1322907,1314950,1423015,663919,1526943,3034805
hqc128,sphincs128s-sphincs128s-hqc128,1322874,1314925,1344062,663892,1537011,2933329
hqc128,sphincs128s-sphincs128s-hqc128,1322922,1314939,1343105,663891,1483336,2884829
hqc128,sphincs128s-sphincs128s-hqc128,1322901,1314947,1344161,663934,1564862,2965687
hqc128,sphincs128s-sphincs128s-hqc128,1322886,1314939,1404916,663881,1541858,3026293
hqc128,sphincs128s-sphincs128s-hqc128,1322879,1314949,1342330,663894,1586014,2981096
hqc128,sphincs128s-sphincs128s-hqc128,1322847,1314942,1429540,663854,1567386,3072572
hqc128,sphincs128s-sphincs128s-hqc128,1322928,1314944,1346338,663938,1516142,2919836
hqc128,sphincs128s-sphincs128s-hqc128,1322860,1314939,1340291,663860,1479966,2873506
hqc128,sphincs128s-sphincs128s-hqc128,1322916,1314932,1339421,663841,1502035,2896929
hqc128,sphincs128s-sphincs128s-hqc128,1322879,1314957,1337279,663885,1532406,2928819
hqc128,sphincs128s-sphincs128s-hqc128,1322963,1314947,1341177,663910,1520426,2915290
hqc128,sphincs128s-sphincs128s-hqc128,1322871,1314945,1370863,663925,1520799,2946678
hqc128,sphincs128s-sphincs128s-hqc128,1322941,1314943,1341893,663864,1481097,2882044
hqc128,sphincs128s-sphincs128s-hqc128,1322915,1314952,1340690,663924,1516886,2913257
hqc128,sphincs128s-sphincs128s-hqc128,1322937,1314947,1339399,663851,1516599,2907315
hqc128,sphincs128s-sphincs128s-hqc128,1322894,1314960,1339915,663859,1520492,2913863
hqc128,sphincs128s-sphincs128s-hqc128,1322973,1314944,1338932,663884,1526056,2938896
hqc128,sphincs128s-sphincs128s-hqc128,1322933,1314973,1341893,663937,1508806,2904975
hqc128,sphincs128s-sphincs128s-hqc128,1322890,1314942,1339640,663891,1516846,2910100
hqc128,sphincs128s-sphincs128s-hqc128,1322864,1314923,1338954,663883,1520976,2923499
hqc128,sphincs128s-sphincs128s-hqc128,1322905,1314933,1340816,663851,1523782,2917155
hqc128,sphincs128s-sphincs128s-hqc128,1322875,1314929,1351912,663849,1515976,2921329
hqc128,sphincs128s-sphincs128s-hqc128,1322954,1314970,1339478,663926,1516628,2911284
hqc128,sphincs128s-sphincs128s-hqc128,1322927,1314933,1342579,663888,1524406,2918723
hqc128,sphincs128s-sphincs128s-hqc128,1322922,1314954,1339856,663891,1597134,2990711
hqc128,sphincs128s-sphincs128s-hqc128,1322925,1314940,1339550,663872,1478217,2883935
hqc128,sphincs128s-sphincs128s-hqc128,1322912,1314965,1343196,663885,1478179,2878834
hqc128,sphincs128s-sphincs128s-hqc128,1322997,1314953,1342539,663910,1479003,2874459
hqc128,sphincs128s-sphincs128s-hqc128,1322900,1314940,1344241,663871,1477965,2881397
hqc128,sphincs128s-sphincs128s-hqc128,1322960,1314931,1347984,663952,1543192,2946684
hqc128,sphincs128s-sphincs128s-hqc128,1322884,1314968,1338780,663890,1522694,2924885
hqc128,sphincs128s-sphincs128s-hqc128,1322939,1314930,1352880,663854,1528011,2932630
hqc128,sphincs128s-sphincs128s-hqc128,1322894,1314953,1338025,663921,1516890,2909694
hqc128,sphincs128s-sphincs128s-hqc128,1322941,1314957,1342648,663840,1480338,2896167
hqc128,sphincs128s-sphincs128s-hqc128,1322921,1314959,1343405,663850,1535193,2938676
hqc128,sphincs128s-sphincs128s-hqc128,1322946,1314948,1337465,663899,1550152,2944930
hqc128,sphincs128s-sphincs128s-hqc128,1322915,1314940,1342900,663912,1494620,2890851
hqc128,sphincs128s-sphincs128s-hqc128,1322951,1314965,1342542,663899,1515790,2912348
hqc128,sphincs128s-sphincs128s-hqc128,1322881,1314943,1340432,663927,1518434,2910702
hqc128,sphincs128s-sphincs128s-hqc128,1322928,1314940,1338959,663927,1486836,2882673
hqc128,sphincs128s-sphincs128s-hqc128,1322877,1314947,1340632,663880,1556336,2951211
hqc128,sphincs128s-sphincs128s-hqc128,1322880,1314940,4247895,663901,1586989,5930751
hqc128,sphincs128s-sphincs128s-hqc128,1322945,1314953,1354377,663849,1515778,2922911
hqc128,sphincs128s-sphincs128s-hqc128,1322861,1314959,1341928,663815,1519243,2918397
hqc128,sphincs128s-sphincs128s-hqc128,1322913,1314926,1343945,663899,1550114,2946667
hqc128,sphincs128s-sphincs128s-hqc128,1322886,1314930,1345219,663849,1536488,2950277
hqc128,sphincs128s-sphincs128s-hqc128,1322901,1314945,1338531,663907,1522307,2918732
hqc128,sphincs128s-sphincs128s-hqc128,1322916,1314935,1338755,663856,1535316,2926935
hqc128,sphincs128s-sphincs128s-hqc128,1322881,1314944,1346963,663871,1569690,2976410
hqc128,sphincs128s-sphincs128s-hqc128,1322868,1314932,1348120,663865,1564561,2970372
hqc128,sphincs128s-sphincs128s-hqc128,1322936,1314957,1455874,663952,1490804,2998725
hqc128,sphincs128s-sphincs128s-hqc128,1322932,1314944,1351036,663874,1531736,2951028
hqc128,sphincs128s-sphincs128s-hqc128,1322884,1314957,1373875,663895,1557095,2983384
hqc128,sphincs128s-sphincs128s-hqc128,1322886,1314926,1412672,663903,1525027,2996922
hqc128,sphincs128s-sphincs128s-hqc128,1322886,1314924,1342995,663858,1538804,2935523
hqc128,sphincs128s-sphincs128s-hqc128,1322944,1314948,1349949,663933,1529359,2956427
hqc128,sphincs128s-sphincs128s-hqc128,1322873,1314942,1352590,663886,1487544,2892608
hqc128,sphincs128s-sphincs128s-hqc128,1322913,1314942,1366940,663841,1490357,2909152
hqc128,sphincs128s-sphincs128s-hqc128,1322850,1314950,1357645,663910,1514865,2935768
hqc128,sphincs128s-sphincs128s-hqc128,1322890,1314957,1349784,663883,1514753,2916548
hqc128,sphincs128s-sphincs128s-hqc128,1322932,1314968,1351836,663832,1515109,2942230
hqc128,sphincs128s-sphincs128s-hqc128,1322917,1314948,1347775,663859,1537587,2941836
hqc128,sphincs128s-sphincs128s-hqc128,1322878,1314948,1358795,663836,1522605,2938247
hqc128,sphincs128s-sphincs128s-hqc128,1322917,1314954,1507534,663868,1549702,3131547
hqc128,sphincs128s-sphincs128s-hqc128,1322920,1314970,1351166,663882,1522977,2946641
hqc128,sphincs128s-sphincs128s-hqc128,1322909,1314951,1364614,663910,1526450,2953097
hqc128,sphincs128s-sphincs128s-hqc128,1322897,1314946,1339296,663919,1516810,2911692
hqc128,sphincs128s-sphincs128s-hqc128,1322962,1314964,1342345,663858,1516448,2910986
hqc128,sphincs128s-sphincs128s-hqc128,1322868,1314950,1340294,663924,1515520,2987902
hqc128,sphincs128s-sphincs128s-hqc128,1322911,1314942,1353818,663866,1519268,2925391
hqc128,sphincs128s-sphincs128s-hqc128,1322913,1314964,1346763,663878,1487953,2898223
hqc128,sphincs128s-sphincs128s-hqc128,1322932,1314944,1348724,663907,1521003,2922584
hqc128,sphincs128s-sphincs128s-hqc128,1322878,1314932,1340519,663843,1477914,2870879
hqc128,sphincs128s-sphincs128s-hqc128,1322929,1314939,1356293,663963,1657408,3066307
hqc128,sphincs128s-sphincs128s-hqc128,1322923,1314945,1354551,663878,1515971,2923480
hqc128,sphincs128s-sphincs128s-hqc128,1322873,1314956,1336497,663873,1522990,2916039
hqc128,sphincs128s-sphincs128s-hqc128,1322935,1314962,1338971,663891,1526197,2918270
hqc128,sphincs128s-sphincs128s-hqc128,1322906,1314934,1340130,663947,1517474,2910164
hqc128,sphincs128s-sphincs128s-hqc128,1322954,1314956,1342641,663827,1477605,2935985
hqc128,sphincs128s-sphincs128s-hqc128,1322895,1314954,1364755,663935,1523232,2941769
hqc128,sphincs128s-sphincs128s-hqc128,1322889,1314961,1354093,663885,1522249,2930177
hqc128,sphincs128s-sphincs128s-hqc128,1322924,1314940,1339481,663910,1517185,2910914
hqc128,sphincs128s-sphincs128s-hqc128,1322866,1314924,1338329,663856,1518216,2909496
hqc128,sphincs128s-sphincs128s-hqc128,1322964,1314973,1368774,663918,1516253,2936164
hqc128,sphincs128s-sphincs128s-hqc128,1322887,1314934,1368508,663959,1543021,2968196
hqc128,sphincs128s-sphincs128s-hqc128,1322940,1314962,1341542,663858,1514622,2912306
hqc128,sphincs128s-sphincs128s-hqc128,1322882,1314957,1339900,663903,1519214,2914255
hqc128,sphincs128s-sphincs128s-hqc128,1322931,1314942,1351191,663917,1586295,2988888
hqc128,sphincs128s-sphincs128s-hqc128,1322912,1314939,1345553,663900,1516551,2927782
hqc128,sphincs128s-sphincs128s-hqc128,1322905,1314973,1344776,663942,1559935,2958471
hqc128,sphincs128s-sphincs128s-hqc128,1322949,1314968,1342491,663867,1476642,2872363
hqc128,sphincs128s-sphincs128s-hqc128,1322910,1314932,1339560,663860,1521214,2919118
hqc128,sphincs128s-sphincs128s-hqc128,1322949,1314954,1339006,663908,1516236,2907300
hqc128,sphincs128s-sphincs128s-hqc128,1322870,1314938,1343430,663895,1517094,2913619
hqc128,sphincs128s-sphincs128s-hqc128,1322934,1314967,1340016,663824,1547930,2942059
hqc128,sphincs128s-sphincs128s-hqc128,1322884,1314960,1338630,663922,1516404,2907156
hqc128,sphincs128s-sphincs128s-hqc128,1322900,1314940,1340264,663888,1528715,2921234
hqc128,sphincs128s-sphincs128s-hqc128,1322865,1314934,1341832,663905,1475533,2870374
hqc128,sphincs128s-sphincs128s-hqc128,1322951,1314967,1381624,663917,1517641,2953354
hqc128,sphincs128s-sphincs128s-hqc128,1322885,1314961,1339410,663889,1478311,2869814
hqc128,sphincs128s-sphincs128s-hqc128,1322931,1314977,1354143,663827,1478520,2888381
hqc128,sphincs128s-sphincs128s-hqc128,1322873,1314934,1343184,663908,1481031,2877567
hqc128,sphincs128s-sphincs128s-hqc128,1322918,1314952,1340497,663897,1539349,2934371
hqc128,sphincs128s-sphincs128s-hqc128,1322894,1314945,1350430,663921,1478889,2885785
hqc128,sphincs128s-sphincs128s-hqc128,1322914,1314945,1351929,663860,1516748,2920620
hqc128,sphincs128s-sphincs128s-hqc128,1322868,1314944,1359107,663946,1519143,2931811
hqc128,sphincs128s-sphincs128s-hqc128,1322913,1314942,1342945,663868,1519468,2918325
hqc128,sphincs128s-sphincs128s-hqc128,1322905,1314963,1343459,663894,1484165,2879317
hqc128,sphincs128s-sphincs128s-hqc128,1322893,1314943,1340602,663885,1519796,2938254
hqc128,sphincs128s-sphincs128s-hqc128,1322845,1314918,1340447,663841,1516639,2912226
hqc128,sphincs128s-sphincs128s-hqc128,1322948,1314950,1363052,663887,1531584,2951850
hqc128,sphincs128s-sphincs128s-hqc128,1323496,1314959,1344163,663907,1490996,2888160
hqc128,sphincs128s-sphincs128s-hqc128,1322943,1314962,1343144,663922,1506473,2910148
hqc128,sphincs128s-sphincs128s-hqc128,1322867,1314934,1338934,663893,1522158,2914178
hqc128,sphincs128s-sphincs128s-hqc128,1322936,1314965,1339493,663892,1517798,2945318
hqc128,sphincs128s-sphincs128s-hqc128,1322920,1314948,1361806,663844,1514299,2932218
hqc128,sphincs128s-sphincs128s-hqc128,1322947,1314941,1342602,663951,1524601,2933188
hqc128,sphincs128s-sphincs128s-hqc128,1322875,1314952,1339389,663872,1518714,2919441
hqc128,sphincs128s-sphincs128s-hqc128,1322935,1314966,1339691,663898,1525670,2918013
hqc128,sphincs128s-sphincs128s-hqc128,1322892,1314942,1339358,663882,1518295,2913528
hqc128,sphincs128s-sphincs128s-hqc128,1322923,1314953,1343662,663904,1519688,2918525
hqc128,sphincs128s-sphincs128s-hqc128,1322894,1314970,1350140,663886,1476497,2878377
hqc128,sphincs128s-sphincs128s-hqc128,1322928,1314956,1340281,663870,1477132,2931875
hqc128,sphincs128s-sphincs128s-hqc128,1322920,1314947,1343995,663905,1515720,2913765
hqc128,sphincs128s-sphincs128s-hqc128,1322910,1314941,1344964,663843,1488319,2887186
hqc128,sphincs128s-sphincs128s-hqc128,1322904,1314940,1341267,663874,1477592,2872609
hqc128,sphincs128s-sphincs128s-hqc128,1322906,1314927,1342987,663905,1516614,2913122
hqc128,sphincs128s-sphincs128s-hqc128,1322940,1314965,1340879,663889,1498038,2894829
hqc128,sphincs128s-sphincs128s-hqc128,1322948,1314945,1342426,663940,1518265,2911762
hqc128,sphincs128s-sphincs128s-hqc128,1322892,1314951,1355954,663917,1520414,2936455
hqc128,sphincs128s-sphincs128s-hqc128,1322921,1314950,1375787,663927,1492533,2921012
hqc128,sphincs128s-sphincs128s-hqc128,1322887,1314948,1360069,663951,1552277,2968372
hqc128,sphincs128s-sphincs128s-hqc128,1322951,1314946,1353267,663884,1523141,2929149
hqc128,sphincs128s-sphincs128s-hqc128,1322890,1314932,1366135,663938,1519696,2938332
hqc128,sphincs128s-sphincs128s-hqc128,1322926,1314933,1349349,663875,1545496,2975889
hqc128,sphincs128s-sphincs128s-hqc128,1322856,1314923,1341347,663879,1515784,2908793
hqc128,sphincs128s-sphincs128s-hqc128,1322896,1314927,1354124,663869,1482202,2939421
hqc128,sphincs128s-sphincs128s-hqc128,1322903,1314952,1361818,663872,1515387,2929795
hqc128,sphincs128s-sphincs128s-hqc128,1322892,1314940,1353704,663900,1525187,2938284
hqc128,sphincs128s-sphincs128s-hqc128,1322901,1314955,1342629,663836,1505139,2901603
hqc128,sphincs128s-sphincs128s-hqc128,1322906,1314908,1350301,663867,1496012,2909970
hqc128,sphincs128s-sphincs128s-hqc128,1322888,1314945,1353940,663884,1478012,2883539
hqc128,sphincs128s-sphincs128s-hqc128,1322907,1314951,1423597,663865,1517042,3014023
hqc128,sphincs128s-sphincs128s-hqc128,1322913,1314956,1359954,663901,1478259,2894438
hqc128,sphincs128s-sphincs128s-hqc128,1322916,1314964,1342375,663889,1523756,2923710
hqc128,sphincs128s-sphincs128s-hqc128,1322837,1314923,1354695,663886,1477653,2884563
hqc128,sphincs128s-sphincs128s-hqc128,1322913,1314933,1367785,663911,1517881,2943778
hqc128,sphincs128s-sphincs128s-hqc128,1322900,1314950,1346268,663907,1516236,2923144
hqc128,sphincs128s-sphincs128s-hqc128,1322919,1314955,1339457,663890,1501798,2904200
hqc128,sphincs128s-sphincs128s-hqc128,1322884,1314947,1365564,663849,1556443,2985651
hqc128,sphincs128s-sphincs128s-hqc128,1322871,1314948,1390198,663935,1527308,2993081
hqc128,sphincs128s-sphincs128s-hqc128,1322955,1314966,1352408,663936,1515639,2931054
hqc128,sphincs128s-sphincs128s-hqc128,1322892,1314956,1341894,663896,1517064,2931836
hqc128,sphincs128s-sphincs128s-hqc128,1322944,1314955,1339614,663868,1543389,2935557
hqc128,sphincs128s-sphincs128s-hqc128,1322843,1314946,1363679,663895,1501564,2917912
hqc128,sphincs128s-sphincs128s-hqc128,1322919,1314945,1340299,663889,1516466,2909240
hqc128,sphincs128s-sphincs128s-hqc128,1322870,1314945,1351585,663877,1520240,2934339
hqc128,sphincs128s-sphincs128s-hqc128,1322895,1314945,1338642,663965,1515801,2934005
hqc128,sphincs128s-sphincs128s-hqc128,1322896,1314951,1377448,663848,1554881,2984393
hqc128,sphincs128s-sphincs128s-hqc128,1322912,1314952,1344597,663905,1499569,2920402
hqc128,sphincs128s-sphincs128s-hqc128,1322968,1314972,1340581,663926,1539597,2933996
hqc128,sphincs128s-sphincs128s-hqc128,1322904,1314928,1356481,663922,1520772,2930597
hqc128,sphincs128s-sphincs128s-hqc128,1322971,1314969,1340299,663934,1517544,2911183
hqc128,sphincs128s-sphincs128s-hqc128,1322892,1314944,1340726,663884,1481958,2875369
hqc128,sphincs128s-sphincs128s-hqc128,1322944,1314948,1338260,663902,1494665,2888924
hqc128,sphincs128s-sphincs128s-hqc128,1322877,1314952,1357004,663843,1520731,3015805
hqc128,sphincs128s-sphincs128s-hqc128,1322952,1314953,1346495,663896,1492596,2897356
hqc128,sphincs128s-sphincs128s-hqc128,1322915,1314968,1338900,663918,1517804,2930427
hqc128,sphincs128s-sphincs128s-hqc128,1322900,1314931,1340120,663874,1478243,2872221
hqc128,sphincs128s-sphincs128s-hqc128,1322938,1314973,1345628,663862,1490907,2898108
hqc128,sphincs128s-sphincs128s-hqc128,1322893,1314946,1349022,663901,1515890,2918137
hqc128,sphincs128s-sphincs128s-hqc128,1322883,1314935,1342098,663873,1520316,2918131
hqc128,sphincs128s-sphincs128s-hqc128,1322961,1314978,1340591,663843,1516170,2912751
hqc128,sphincs128s-sphincs128s-hqc128,1322872,1314955,1339574,663926,1539785,2945697
hqc128,sphincs128s-sphincs128s-hqc128,1322900,1314929,1339719,663904,1543215,2959483
hqc128,sphincs128s-sphincs128s-hqc128,1322890,1314955,1555728,663860,1517476,3135916
hqc128,sphincs128s-sphincs128s-hqc128,1322895,1314936,1353855,663909,1537872,2944568
hqc128,sphincs128s-sphincs128s-hqc128,1322847,1314948,1340315,663825,1481499,2875288
hqc128,sphincs128s-sphincs128s-hqc128,1322902,1314960,1356542,663865,1488259,2897733
hqc128,sphincs128s-sphincs128s-hqc128,1322880,1314964,1353115,663947,1539838,3067185
hqc128,sphincs128s-sphincs128s-hqc128,1322943,1314944,1348344,663881,1546660,2963161
hqc128,sphincs128s-sphincs128s-hqc128,1322915,1314971,1343264,663874,1489541,2908279
hqc128,sphincs128s-sphincs128s-hqc128,1322910,1314925,1347059,663875,1501261,2902469
hqc128,sphincs128s-sphincs128s-hqc128,1322860,1314929,1356821,663918,1490990,2946450
hqc128,sphincs128s-sphincs128s-hqc128,1322920,1314954,1346219,663919,1545828,2964250
hqc128,sphincs128s-sphincs128s-hqc128,1322851,1314935,1648363,663874,1490537,3204625
hqc128,sphincs128s-sphincs128s-hqc128,1322848,1314928,1363337,663862,1521180,2937272
hqc128,sphincs128s-sphincs128s-hqc128,1322912,1314938,1351866,663871,1549949,2956509
hqc128,sphincs128s-sphincs128s-hqc128,1322889,1314946,1346347,663875,1526571,2946219
hqc128,sphincs128s-sphincs128s-hqc128,1322904,1314943,1342111,663842,1524450,2921279
hqc128,sphincs128s-sphincs128s-hqc128,1322883,1314955,1409429,663885,1549298,3025621
hqc128,sphincs128s-sphincs128s-hqc128,1322910,1314939,1358084,663911,1516106,2942113
hqc128,sphincs128s-sphincs128s-hqc128,1322924,1314964,1355253,663861,1534290,2955007
hqc128,sphincs128s-sphincs128s-hqc128,1322950,1314976,1353759,663896,1501080,2911439
hqc128,sphincs128s-sphincs128s-hqc128,1322860,1314929,1344933,663907,1529140,3101705
hqc128,sphincs128s-sphincs128s-hqc128,1322996,1314964,1342092,663950,1527460,2924831
hqc128,sphincs128s-sphincs128s-hqc128,1322914,1314958,1374312,663891,1555238,2981326
hqc128,sphincs128s-sphincs128s-hqc128,1322893,1314942,1346854,663917,1483166,2886098
hqc128,sphincs128s-sphincs128s-hqc128,1322921,1314948,1350148,663957,1533232,2935997
hqc128,sphincs128s-sphincs128s-hqc128,1322932,1314954,1346568,663825,1478610,2875706
hqc128,sphincs128s-sphincs128s-hqc128,1322920,1314968,1339089,663875,1515448,2916639
hqc128,sphincs128s-sphincs128s-hqc128,1322941,1314953,1365896,663809,1516583,2960858
hqc128,sphincs128s-sphincs128s-hqc128,1322888,1314948,1354035,663924,1533883,2942678
hqc128,sphincs128s-sphincs128s-hqc128,1322942,1314968,1348421,663891,1476457,2878933
hqc128,sphincs128s-sphincs128s-hqc128,1322927,1314964,1339080,663872,1476831,2869248
hqc128,sphincs128s-sphincs128s-hqc128,1322857,1314916,1340739,663887,1482007,2875056
hqc128,sphincs128s-sphincs128s-hqc128,1322928,1314955,1340836,663948,1522005,2915272
hqc128,sphincs128s-sphincs128s-hqc128,1322902,1314933,1339629,663915,1519776,2913924
hqc128,sphincs128s-sphincs128s-hqc128,1322876,1314967,1341060,663869,1479788,2872457
hqc128,sphincs128s-sphincs128s-hqc128,1322936,1314954,1347334,663876,1479253,2890363
hqc128,sphincs128s-sphincs128s-hqc128,1322928,1314957,1341846,663871,1516665,2912551
hqc128,sphincs128s-sphincs128s-hqc128,1322894,1314948,1342971,663829,1515613,2913430
hqc128,sphincs128s-sphincs128s-hqc128,1322900,1314930,1339764,663846,1525152,2919122
hqc128,sphincs128s-sphincs128s-hqc128,1322936,1314956,1339644,663915,1578108,2969903
hqc128,sphincs128s-sphincs128s-hqc128,1322946,1314978,1340341,663922,1475450,2900218
hqc128,sphincs128s-sphincs128s-hqc128,1322867,1314943,1342416,663863,1504849,2900127
hqc128,sphincs128s-sphincs128s-hqc128,1322907,1314926,1354656,663895,1477190,2884784
hqc128,sphincs128s-sphincs128s-hqc128,1322851,1314933,1339004,663962,1518155,2913159
hqc128,sphincs128s-sphincs128s-hqc128,1322908,1314938,1343462,663857,1479922,2908767
hqc128,sphincs128s-sphincs128s-hqc128,1322889,1314921,1343572,663884,1577868,2974248
hqc128,sphincs128s-sphincs128s-hqc128,1322892,1314955,1339821,663870,1476190,2872188
hqc128,sphincs128s-sphincs128s-hqc128,1322916,1314952,1341033,663892,1516946,2909457
hqc128,sphincs128s-sphincs128s-hqc128,1322870,1314945,1340769,663886,1515992,2922214
hqc128,sphincs128s-sphincs128s-hqc128,1322894,1314961,1339181,663827,1486678,2878823
hqc128,sphincs128s-sphincs128s-hqc128,1322895,1314946,1342814,663869,1506265,2902385
hqc128,sphincs128s-sphincs128s-hqc128,1322943,1314958,1349512,663928,1475409,2878347
hqc128,sphincs128s-sphincs128s-hqc128,1322856,1314959,1337423,663850,1519080,2912106
hqc128,sphincs128s-sphincs128s-hqc128,1322893,1314946,1339412,663951,1516235,2908921
hqc128,sphincs128s-sphincs128s-hqc128,1322894,1314941,1340237,663941,1580711,2975360
hqc128,sphincs128s-sphincs128s-hqc128,1322874,1314942,1339697,663828,1521126,2915016
hqc128,sphincs128s-sphincs128s-hqc128,1322948,1314946,1338870,663875,1501526,2909289
hqc128,sphincs128s-sphincs128s-hqc128,1322880,1314958,1338981,663878,1519474,2914933
hqc128,sphincs128s-sphincs128s-hqc128,1322886,1314923,1355487,663844,1533220,2965063
hqc128,sphincs128s-sphincs128s-hqc128,1322854,1314922,1354387,663893,1523895,2942433
hqc128,sphincs128s-sphincs128s-hqc128,1322973,1314970,1342189,663920,1496579,2935294
hqc128,sphincs128s-sphincs128s-hqc128,1322891,1314945,1339956,663828,1523819,2918875
hqc128,sphincs128s-sphincs128s-hqc128,1322932,1314960,1360775,663889,1514970,2938774
hqc128,sphincs128s-sphincs128s-hqc128,1322884,1314946,1337550,663843,1515990,2909615
hqc128,sphincs128s-sphincs128s-hqc128,1322910,1314938,1353235,663879,1485243,2890997
hqc128,sphincs128s-sphincs128s-hqc128,1322859,1314951,1339394,663851,1518127,2909407
hqc128,sphincs128s-sphincs128s-hqc128,1322885,1314916,1340634,663947,1481486,2875160
hqc128,sphincs128s-sphincs128s-hqc128,1322882,1314936,1339958,663902,1477558,2869452
hqc128,sphincs128s-sphincs128s-hqc128,1322887,1314945,1340179,663869,1475776,2869718
hqc128,sphincs128s-sphincs128s-hqc128,1322907,1314947,1340947,663874,1518979,2917001
hqc128,sphincs128s-sphincs128s-hqc128,1322956,1314965,1340911,663881,1516164,2912444
hqc128,sphincs128s-sphincs128s-hqc128,1322904,1314954,1340691,663825,1475783,2868269
hqc128,sphincs128s-sphincs128s-hqc128,1322904,1314921,1338911,663859,1527174,2921660
hqc128,sphincs128s-sphincs128s-hqc128,1322864,1314955,1339083,663909,1476041,2871499
hqc128,sphincs128s-sphincs128s-hqc128,1322908,1314953,1341046,663882,1487272,2884027
hqc128,sphincs128s-sphincs128s-hqc128,1322901,1314964,1339438,663871,1475417,2871285
hqc128,sphincs128s-sphincs128s-hqc128,1322925,1314943,1338710,663905,1480956,2872621
hqc128,sphincs128s-sphincs128s-hqc128,1322852,1314934,1342154,663885,1527373,2929312
hqc128,sphincs128s-sphincs128s-hqc128,1322893,1314938,1343389,663885,1476871,2874537
hqc128,sphincs128s-sphincs128s-hqc128,1322890,1314943,1357851,663906,1517571,2926315
hqc128,sphincs128s-sphincs128s-hqc128,1322941,1314942,1341225,663909,1505018,2898717
hqc128,sphincs128s-sphincs128s-hqc128,1322874,1314945,1337990,663869,1478345,2872165
hqc128,sphincs128s-sphincs128s-hqc128,1322952,1314963,1340285,663863,1477719,2894464
hqc128,sphincs128s-sphincs128s-hqc128,1322931,1314963,1340612,663891,1483187,2877329
hqc128,sphincs128s-sphincs128s-hqc128,1322952,1314955,1367721,663880,1517628,2936443
hqc128,sphincs128s-sphincs128s-hqc128,1322930,1314953,1354840,663887,1523022,2937196
hqc128,sphincs128s-sphincs128s-hqc128,1322940,1314971,1340041,663896,1481065,2872940
hqc128,sphincs128s-sphincs128s-hqc128,1322865,1314941,1339719,663885,1479258,2878216
hqc128,sphincs128s-sphincs128s-hqc128,1322961,1314969,1342850,663860,1521807,2916518
hqc128,sphincs128s-sphincs128s-hqc128,1322916,1314933,1357482,663888,1520659,3014263
hqc128,sphincs128s-sphincs128s-hqc128,1322908,1314939,1357890,663894,1521697,2953719
hqc128,sphincs128s-sphincs128s-hqc128,1322875,1314957,1346412,663902,1557375,2955791
hqc128,sphincs128s-sphincs128s-hqc128,1322897,1314956,1341866,663874,1537583,2965786
hqc128,sphincs128s-sphincs128s-hqc128,1322879,1314957,1351037,663832,1528425,2933425
hqc128,sphincs128s-sphincs128s-hqc128,1323570,1314945,1360319,663893,1498421,2918506
hqc128,sphincs128s-sphincs128s-hqc128,1322877,1314931,1346113,663937,1519951,2924912
hqc128,sphincs128s-sphincs128s-hqc128,1322919,1314938,1383495,663861,1515254,2957576
hqc128,sphincs128s-sphincs128s-hqc128,1322877,1314959,1352297,663877,1517201,2935142
hqc128,sphincs128s-sphincs128s-hqc128,1322946,1314941,1379448,663919,1485528,2917479
hqc128,sphincs128s-sphincs128s-hqc128,1322885,1314955,1352343,663893,1578535,2992270
hqc128,sphincs128s-sphincs128s-hqc128,1322881,1314961,1344998,663854,1623847,3022312
hqc128,sphincs128s-sphincs128s-hqc128,1322905,1314951,1400815,663863,1527418,2989966
hqc128,sphincs128s-sphincs128s-hqc128,1322935,1314955,1340134,663880,1507713,2911165
hqc128,sphincs128s-sphincs128s-hqc128,1322845,1314940,1477915,663841,1521763,3065319
hqc128,sphincs128s-sphincs128s-hqc128,1322971,1314969,1368350,663882,1524660,3029831
hqc128,sphincs128s-sphincs128s-hqc128,1322859,1314958,1350223,663878,1522114,2928061
hqc128,sphincs128s-sphincs128s-hqc128,1322957,1314959,1346859,663852,1561555,2960530
hqc128,sphincs128s-sphincs128s-hqc128,1322926,1314939,1363836,663792,1581879,3016205
hqc128,sphincs128s-sphincs128s-hqc128,1322964,1314953,1359412,663884,1475187,2889268
hqc128,sphincs128s-sphincs128s-hqc128,1322898,1314968,1366883,663876,1520725,2970798
hqc128,sphincs128s-sphincs128s-hqc128,1322904,1314953,1356252,663899,1553656,3018092
hqc128,sphincs128s-sphincs128s-hqc128,1322876,1314951,1361370,663879,1485481,2907870
hqc128,sphincs128s-sphincs128s-hqc128,1323259,1314951,1350987,663884,1541075,2950024
hqc128,sphincs128s-sphincs128s-hqc128,1323499,1314946,1417477,663863,1524565,3000497
hqc128,sphincs128s-sphincs128s-hqc128,1322862,1314943,1400741,663931,1540219,3007909
hqc128,sphincs128s-sphincs128s-hqc128,1322897,1314950,1355568,663890,1623223,3034523
hqc128,sphincs128s-sphincs128s-hqc128,1322927,1314950,1387457,663887,1540746,2981473
hqc128,sphincs128s-sphincs128s-hqc128,1322904,1314948,1342727,663938,1651477,3053182
hqc128,sphincs128s-sphincs128s-hqc128,1322903,1314946,1349223,663901,1525292,2926496
hqc128,sphincs128s-sphincs128s-hqc128,1323259,1314956,1458766,663871,1477745,3061868
hqc128,sphincs128s-sphincs128s-hqc128,1322895,1314966,1348144,663874,1480617,2890990
hqc128,sphincs128s-sphincs128s-hqc128,1322912,1314955,1431207,663903,1522573,3012163
hqc128,sphincs128s-sphincs128s-hqc128,1322852,1314937,1439697,663901,1515997,3024517
hqc128,sphincs128s-sphincs128s-hqc128,1322924,1314968,1349774,663950,1625197,3030786
hqc128,sphincs128s-sphincs128s-hqc128,1322903,1314952,1356252,663852,1505203,2917535
hqc128,sphincs128s-sphincs128s-hqc128,1322871,1314944,1342787,663882,1537687,2943231
hqc128,sphincs128s-sphincs128s-hqc128,1323252,1314940,1346591,663908,1532721,2931567
hqc128,sphincs128s-sphincs128s-hqc128,1322925,1314956,1414582,663896,1495743,2965111
hqc128,sphincs128s-sphincs128s-hqc128,1322976,1314982,1343684,663903,1522913,2918788
hqc128,sphincs128s-sphincs128s-hqc128,1322898,1314957,1343783,663865,1516359,2913256
hqc128,sphincs128s-sphincs128s-hqc128,1322912,1314951,1340681,663896,1521719,2928122
hqc128,sphincs128s-sphincs128s-hqc128,1322862,1314945,1383640,663901,1476983,2917902
hqc128,sphincs128s-sphincs128s-hqc128,1322937,1314954,1360044,663932,1549601,2966437
hqc128,sphincs128s-sphincs128s-hqc128,1323203,1314965,1341703,663896,1520878,2917774
hqc128,sphincs128s-sphincs128s-hqc128,1322936,1314957,1338585,663879,1479954,2870632
hqc128,sphincs128s-sphincs128s-hqc128,1322885,1314940,1339901,663866,1476736,2870868
hqc128,sphincs128s-sphincs128s-hqc128,1322958,1314972,1338626,663894,1492657,2883544
hqc128,sphincs128s-sphincs128s-hqc128,1322877,1314948,1343279,663864,1476048,2872655
hqc128,sphincs128s-sphincs128s-hqc128,1322951,1314960,1340716,663934,1476675,2870690
hqc128,sphincs128s-sphincs128s-hqc128,1322886,1314955,1340220,663918,1555878,2948479
hqc128,sphincs128s-sphincs128s-hqc128,1322958,1314985,1346293,663894,1476574,2878729
hqc128,sphincs128s-sphincs128s-hqc128,1322890,1314940,1344724,663860,1496575,2893769
hqc128,sphincs128s-sphincs128s-hqc128,1322939,1314943,1340685,663885,1517735,2916013
hqc128,sphincs128s-sphincs128s-hqc128,1322842,1314916,1337300,663938,1479100,2870732
hqc128,sphincs128s-sphincs128s-hqc128,1322927,1314956,1342264,663860,1477239,2871759
hqc128,sphincs128s-sphincs128s-hqc128,1322871,1314953,1340287,663939,1484832,2880381
hqc128,sphincs128s-sphincs128s-hqc128,1322909,1314928,1345488,663882,1524602,2940092
hqc128,sphincs128s-sphincs128s-hqc128,1322887,1314952,1351028,663924,1517868,2951532
hqc128,sphincs128s-sphincs128s-hqc128,1323295,1314956,1349923,663871,1477799,2880665
hqc128,sphincs128s-sphincs128s-hqc128,1322871,1314940,1343388,663906,1484033,2883546
hqc128,sphincs128s-sphincs128s-hqc128,1322945,1314983,1341648,663870,1495311,2889321
hqc128,sphincs128s-sphincs128s-hqc128,1322882,1314934,1342121,663865,1481859,2878231
hqc128,sphincs128s-sphincs128s-hqc128,1322886,1314939,1341430,663860,1481322,2875031
hqc128,sphincs128s-sphincs128s-hqc128,1322893,1314970,1339712,663869,1520918,2914446
hqc128,sphincs128s-sphincs128s-hqc128,1322931,1314957,1341202,663874,1517783,2933572
hqc128,sphincs128s-sphincs128s-hqc128,1322901,1314965,1339080,663869,1481964,2886523
hqc128,sphincs128s-sphincs128s-hqc128,1322895,1314958,1340440,663916,1481430,2875970
hqc128,sphincs128s-sphincs128s-hqc128,1322875,1314946,1340700,663864,1536398,2929444
hqc128,sphincs128s-sphincs128s-hqc128,1322947,1314957,1340438,663906,1518453,2918429
hqc128,sphincs128s-sphincs128s-hqc128,1322873,1314950,1342308,663895,1497516,2893017
hqc128,sphincs128s-sphincs128s-hqc128,1322918,1314937,1341698,663884,1478424,2933488
hqc128,sphincs128s-sphincs128s-hqc128,1322878,1314933,1355304,663900,1477426,2888201
hqc128,sphincs128s-sphincs128s-hqc128,1322874,1314921,1340754,663908,1477313,2872660
hqc128,sphincs128s-sphincs128s-hqc128,1322869,1314955,1340018,663895,1476517,2876833
hqc128,sphincs128s-sphincs128s-hqc128,1322940,1314967,1364189,663875,1502867,2917791
hqc128,sphincs128s-sphincs128s-hqc128,1322872,1314929,1354738,663885,1515910,2924225
hqc128,sphincs128s-sphincs128s-hqc128,1322926,1314960,1341258,663922,1516353,2932023
hqc128,sphincs128s-sphincs128s-hqc128,1322876,1314953,1350803,663889,1518837,2927017
hqc128,sphincs128s-sphincs128s-hqc128,1322925,1314955,1341284,663895,1515958,2914615
hqc128,sphincs128s-sphincs128s-hqc128,1322877,1314926,1342547,663915,1528921,2937682
hqc128,sphincs128s-sphincs128s-hqc128,1322929,1314959,1339285,663900,1478225,2870904
hqc128,sphincs128s-sphincs128s-hqc128,1322884,1314918,1338511,663930,1520895,2911705
hqc128,sphincs128s-sphincs128s-hqc128,1322932,1314960,1436295,663910,1482388,2974879
hqc128,sphincs128s-sphincs128s-hqc128,1322851,1314945,1352414,663887,1494391,2900045
hqc128,sphincs128s-sphincs128s-hqc128,1322933,1314929,1352895,663893,1524390,2929789
hqc128,sphincs128s-sphincs128s-hqc128,1322864,1314923,1354087,663876,1517995,2924678
hqc128,sphincs128s-sphincs128s-hqc128,1322914,1314924,1342677,663880,1485136,2879952
hqc128,sphincs128s-sphincs128s-hqc128,1322887,1314949,1339508,663929,1516161,2910449
hqc128,sphincs128s-sphincs128s-hqc128,1322871,1314928,1340671,663813,1523897,2919880
hqc128,sphincs128s-sphincs128s-hqc128,1322881,1314936,1363859,663885,1515209,2931715
hqc128,sphincs128s-sphincs128s-hqc128,1322922,1314969,1343033,663888,1517904,2917362
hqc128,sphincs128s-sphincs128s-hqc128,1322859,1314942,1340088,663807,1532975,2926586
hqc128,sphincs128s-sphincs128s-hqc128,1322879,1314945,1342159,663933,1494911,2898813
hqc128,sphincs128s-sphincs128s-hqc128,1322908,1314965,1336822,663856,1518064,2915373
hqc128,sphincs128s-sphincs128s-hqc128,1322928,1314944,1354567,663896,1520001,2941047
hqc128,sphincs128s-sphincs128s-hqc128,1323236,1314944,1353716,663869,1524735,2933393
hqc128,sphincs128s-sphincs128s-hqc128,1322919,1314936,1343888,663922,1476908,2876302
hqc128,sphincs128s-sphincs128s-hqc128,1322907,1314953,1344443,663849,1515112,2921315
hqc128,sphincs128s-sphincs128s-hqc128,1322923,1314966,1348971,663893,1515998,2919059
hqc128,sphincs128s-sphincs128s-hqc128,1322914,1314979,1345640,663897,1520608,2917496
hqc128,sphincs128s-sphincs128s-hqc128,1322929,1314953,1339551,663894,1475479,2867612
hqc128,sphincs128s-sphincs128s-hqc128,1322832,1314951,1342253,663865,1515997,2912946
hqc128,sphincs128s-sphincs128s-hqc128,1322974,1314963,1341143,663892,1516003,2910124
hqc128,sphincs128s-sphincs128s-hqc128,1322884,1314947,1340895,663881,1533384,2933270
hqc128,sphincs128s-sphincs128s-hqc128,1322920,1314947,1339969,663869,1519736,2912886
hqc128,sphincs128s-sphincs128s-hqc128,1322882,1314955,1342353,663875,1514808,2913205
hqc128,sphincs128s-sphincs128s-hqc128,1322905,1314931,1343795,663861,1475605,2875616
hqc128,sphincs128s-sphincs128s-hqc128,1322868,1314933,1356678,663856,1569408,2984946
hqc128,sphincs128s-sphincs128s-hqc128,1322857,1314916,1340947,663885,1532854,2930072
hqc128,sphincs128s-sphincs128s-hqc128,1322889,1314928,1354170,663903,1475952,2921824
hqc128,sphincs128s-sphincs128s-hqc128,1322915,1314974,1343588,663812,1479441,2881498
hqc128,sphincs128s-sphincs128s-hqc128,1322926,1314932,1346970,663889,1478421,2877578
hqc128,sphincs128s-sphincs128s-hqc128,1322877,1314956,1341233,663906,1516224,2911705
hqc128,sphincs128s-sphincs128s-hqc128,1322916,1314959,1340683,663926,1477146,2904884
hqc128,sphincs128s-sphincs128s-hqc128,1322867,1314961,1341798,663856,1482146,2889547
hqc128,sphincs128s-sphincs128s-hqc128,1322931,1314948,1345064,663897,1528937,2925933
hqc128,sphincs128s-sphincs128s-hqc128,1322881,1314950,1359261,663918,1522376,3015498
hqc128,sphincs128s-sphincs128s-hqc128,1322922,1314968,1342758,663932,1534225,2931485
hqc128,sphincs128s-sphincs128s-hqc128,1322901,1314962,1339566,663895,1514912,2906858
hqc128,sphincs128s-sphincs128s-hqc128,1322956,1314948,1340903,663917,1541174,2940202
hqc128,sphincs128s-sphincs128s-hqc128,1322854,1314927,1339531,663863,1519127,2912407
hqc128,sphincs128s-sphincs128s-hqc128,1322916,1314934,1349603,663852,1517677,2920605
hqc128,sphincs128s-sphincs128s-hqc128,1322867,1314939,1339957,663886,1519222,2912247
hqc128,sphincs128s-sphincs128s-hqc128,1322941,1314935,1339261,663890,1526978,2920437
hqc128,sphincs128s-sphincs128s-hqc128,1322891,1314960,1338685,663914,1530805,2924873
hqc128,sphincs128s-sphincs128s-hqc128,1322912,1314933,1341191,663886,1524173,2923750
hqc128,sphincs128s-sphincs128s-hqc128,1322859,1314948,1342119,663878,1495210,2890132
hqc128,sphincs128s-sphincs128s-hqc128,1322934,1314939,1340290,663905,1530992,2967382
hqc128,sphincs128s-sphincs128s-hqc128,1322903,1314950,1346324,663939,1527962,2939781
hqc128,sphincs128s-sphincs128s-hqc128,1322933,1314924,1339709,663879,1480882,2873046
hqc128,sphincs128s-sphincs128s-hqc128,1322930,1314982,1341063,663867,1476662,2869789
hqc128,sphincs128s-sphincs128s-hqc128,1322931,1314953,1347652,663843,1520657,2927015
hqc128,sphincs128s-sphincs128s-hqc128,1322906,1314969,1341944,663874,1521237,2919024
hqc128,sphincs128s-sphincs128s-hqc128,1322909,1314955,1343675,663866,1476389,2873624
hqc128,sphincs128s-sphincs128s-hqc128,1322920,1314959,1347459,663929,1516415,2929702
hqc128,sphincs128s-sphincs128s-hqc128,1322870,1314932,1360211,663865,1535922,2949649
hqc128,sphincs128s-sphincs128s-hqc128,1322921,1314946,1340767,663892,1525300,2923417
hqc128,sphincs128s-sphincs128s-hqc128,1322930,1314942,1346652,663919,1520169,2921203
hqc128,sphincs128s-sphincs128s-hqc128,1322839,1314925,1338283,663908,1479530,2878855
hqc128,sphincs128s-sphincs128s-hqc128,1322926,1314943,1346906,663889,1497874,2897465
hqc128,sphincs128s-sphincs128s-hqc128,1322876,1314945,1340659,663953,1516362,2910838
hqc128,sphincs128s-sphincs128s-hqc128,1323504,1314942,1348602,663850,1517059,2919658
hqc128,sphincs128s-sphincs128s-hqc128,1322894,1314941,1342256,663912,1479996,2874163
hqc128,sphincs128s-sphincs128s-hqc128,1322962,1314964,1360440,663896,1479861,2892614
hqc128,sphincs128s-sphincs128s-hqc128,1322896,1314933,1339614,663923,1539889,2934451
hqc128,sphincs128s-sphincs128s-hqc128,1322988,1314995,1353643,663839,1477654,2891085
hqc128,sphincs128s-sphincs128s-hqc128,1322918,1314980,1341428,663898,1516619,2917054
hqc128,sphincs128s-sphincs128s-hqc128,1322928,1314963,1345878,663935,1515380,2920964
hqc128,sphincs128s-sphincs128s-hqc128,1322951,1314961,1343564,663899,1536451,2932205
hqc128,sphincs128s-sphincs128s-hqc128,1322871,1314932,1341999,663842,1515786,2932186
hqc128,sphincs128s-sphincs128s-hqc128,1322912,1314961,1338992,663920,1481713,2878223
hqc128,sphincs128s-sphincs128s-hqc128,1322908,1314940,1341010,663856,1518973,2992655
hqc128,sphincs128s-sphincs128s-hqc128,1322893,1314955,1340240,663919,1516013,2914622
hqc128,sphincs128s-sphincs128s-hqc128,1322921,1314972,1338542,663889,1514308,2904597
hqc128,sphincs128s-sphincs128s-hqc128,1322844,1314936,1339342,663893,1523512,2915302
hqc128,sphincs128s-sphincs128s-hqc128,1322912,1314958,1355824,663901,1479384,2887421
hqc128,sphincs128s-sphincs128s-hqc128,1322871,1314946,1340967,663861,1523841,2917734
hqc128,sphincs128s-sphincs128s-hqc128,1322942,1314962,1354329,663924,1516798,2930067
hqc128,sphincs128s-sphincs128s-hqc128,1322902,1314966,1348337,663909,1522498,2935792
hqc128,sphincs128s-sphincs128s-hqc128,1322964,1314950,1341655,663900,1518039,2914548
hqc128,sphincs128s-sphincs128s-hqc128,1322860,1314939,1361309,663928,1550710,2975115
hqc128,sphincs128s-sphincs128s-hqc128,1322935,1314962,1338087,663887,1517235,2920885
hqc128,sphincs128s-sphincs128s-hqc128,1322886,1314949,1348730,663884,1544473,2950215
hqc128,sphincs128s-sphincs128s-hqc128,1322918,1314956,1356473,663915,1519962,2939594
hqc128,sphincs128s-sphincs128s-hqc128,1322929,1314979,1346743,663870,1526413,2935282
hqc128,sphincs128s-sphincs128s-hqc128,1322905,1314927,1346694,663887,1504959,2908405
hqc128,sphincs128s-sphincs128s-hqc128,1322850,1314925,1363132,663854,1517288,2932891
hqc128,sphincs128s-sphincs128s-hqc128,1322921,1314945,1341643,663835,1514473,2908292
hqc128,sphincs128s-sphincs128s-hqc128,1322870,1314929,1350965,663885,1521036,2928732
hqc128,sphincs128s-sphincs128s-hqc128,1322901,1314931,1339601,663874,1517128,2920757
hqc128,sphincs128s-sphincs128s-hqc128,1322890,1314955,1341334,663864,1517912,2911627
hqc128,sphincs128s-sphincs128s-hqc128,1322901,1314932,1352355,663924,1518678,2955009
hqc128,sphincs128s-sphincs128s-hqc128,1322877,1314951,1340600,663883,1541059,2935590
hqc128,sphincs128s-sphincs128s-hqc128,1322936,1314948,1338662,663846,1516451,2908889
hqc128,sphincs128s-sphincs128s-hqc128,1322939,1314975,1340316,663879,1479137,2871013
hqc128,sphincs128s-sphincs128s-hqc128,1322904,1314947,1339457,663835,1520858,2912672
hqc128,sphincs128s-sphincs128s-hqc128,1322861,1314929,1339923,663903,1476364,2869785
hqc128,sphincs128s-sphincs128s-hqc128,1322934,1314943,1343690,663874,1523977,2919027
hqc128,sphincs128s-sphincs128s-hqc128,1322877,1314961,1418554,663884,1491748,2964212
hqc128,sphincs128s-sphincs128s-hqc128,1322876,1314937,1400266,663862,1476356,2936909
hqc128,sphincs128s-sphincs128s-hqc128,1322891,1314935,1341403,663960,1522478,2918621
hqc128,sphincs128s-sphincs128s-hqc128,1322919,1314949,1339750,663915,1517376,2916371
hqc128,sphincs128s-sphincs128s-hqc128,1322910,1314950,1342921,663841,1526233,2922010
hqc128,sphincs128s-sphincs128s-hqc128,1322909,1314959,1357527,663930,1526374,2938081
hqc128,sphincs128s-sphincs128s-hqc128,1322876,1314962,1340446,663892,1571546,2973021
hqc128,sphincs128s-sphincs128s-hqc128,1322936,1314948,1341822,663917,1477486,2874783
hqc128,sphincs128s-sphincs128s-hqc128,1322956,1314955,1337025,663938,1515649,2909793
hqc128,sphincs128s-sphincs128s-hqc128,1322930,1314972,1338534,663893,1552725,2955119
hqc128,sphincs128s-sphincs128s-hqc128,1322891,1314958,1349924,663889,1480122,2886608
hqc128,sphincs128s-sphincs128s-hqc128,1322901,1314943,1338935,663921,1475869,2869945
hqc128,sphincs128s-sphincs128s-hqc128,1322869,1314952,1339852,663919,1516585,2914770
hqc128,sphincs128s-sphincs128s-hqc128,1322907,1314951,1343566,663859,1477607,2874366
hqc128,sphincs128s-sphincs128s-hqc128,1322880,1314951,1339360,663905,1534011,2928560
hqc128,sphincs128s-sphincs128s-hqc128,1322918,1314950,1342148,663909,1515875,2913752
hqc128,sphincs128s-sphincs128s-hqc128,1322816,1314930,1340231,663891,1522313,2917339
hqc128,sphincs128s-sphincs128s-hqc128,1322932,1314975,1339666,663870,1517987,2909887
hqc128,sphincs128s-sphincs128s-hqc128,1322894,1314963,1339859,663897,1482499,2919933
hqc128,sphincs128s-sphincs128s-hqc128,1322889,1314947,1340897,663803,1521495,2915128
hqc128,sphincs128s-sphincs128s-hqc128,1322868,1314928,1340162,663909,1516153,2908411
hqc128,sphincs128s-sphincs128s-hqc128,1322931,1314970,1340510,663900,1493945,2887144
hqc128,sphincs128s-sphincs128s-hqc128,1323517,1314964,1340240,663922,1477190,2870306
hqc128,sphincs128s-sphincs128s-hqc128,1322920,1314965,1339834,663897,1517405,2909754
hqc128,sphincs128s-sphincs128s-hqc128,1322847,1314931,1340044,663894,1531574,2924328
hqc128,sphincs128s-sphincs128s-hqc128,1322964,1314953,1374292,663874,1518412,2953381
hqc128,sphincs128s-sphincs128s-hqc128,1322871,1314951,1337656,663901,1477151,2868647
hqc128,sphincs128s-sphincs128s-hqc128,1322919,1314941,1340868,663897,1533542,2928405
hqc128,sphincs128s-sphincs128s-hqc128,1322875,1314952,1339901,663880,1478719,2871679
hqc128,sphincs128s-sphincs128s-hqc128,1322862,1314925,1339619,663892,1517653,2931725
hqc128,sphincs128s-sphincs128s-hqc128,1322890,1314934,1341379,663844,1520491,2916912
hqc128,sphincs128s-sphincs128s-hqc128,1322917,1314939,1340425,663875,1483172,2875729
hqc128,sphincs128s-sphincs128s-hqc128,1322913,1314974,1345096,663895,1516714,2914660
hqc128,sphincs128s-sphincs128s-hqc128,1322920,1314954,1341043,663847,1515768,2911661
hqc128,sphincs128s-sphincs128s-hqc128,1322903,1314945,1340495,663895,1519856,2912473
hqc128,sphincs128s-sphincs128s-hqc128,1322941,1314959,1344663,663933,1514793,2912606
hqc128,sphincs128s-sphincs128s-hqc128,1322861,1314934,1348478,663939,1520050,2934711
hqc128,sphincs128s-sphincs128s-hqc128,1322970,1314973,1386072,663839,1540688,2978236
hqc128,sphincs128s-sphincs128s-hqc128,1322936,1314961,1339502,663897,1480048,2877149
hqc128,sphincs128s-sphincs128s-hqc128,1322897,1314937,1340881,663888,1475719,2885744
hqc128,sphincs128s-sphincs128s-hqc128,1322926,1314959,1341461,663887,1515220,2909348
hqc128,sphincs128s-sphincs128s-hqc128,1322876,1314935,1338516,663922,1516773,2907711
hqc128,sphincs128s-sphincs128s-hqc128,1322917,1314929,1343448,663987,1477600,2873400
hqc128,sphincs128s-sphincs128s-hqc128,1322871,1314957,1339918,663897,1514642,2909675
hqc128,sphincs128s-sphincs128s-hqc128,1322955,1314960,1336802,663896,1516112,2919285
hqc128,sphincs128s-sphincs128s-hqc128,1322919,1314947,1344475,663860,1517552,2913470
hqc128,sphincs128s-sphincs128s-hqc128,1322951,1314941,1341284,663911,1514957,2910533
hqc128,sphincs128s-sphincs128s-hqc128,1322851,1314934,1340481,663860,1486169,2881993
hqc128,sphincs128s-sphincs128s-hqc128,1322935,1314983,1344880,663946,1519573,2919833
hqc128,sphincs128s-sphincs128s-hqc128,1322888,1314954,1340936,663850,1517053,2909630
hqc128,sphincs128s-sphincs128s-hqc128,1322897,1314928,1338924,663909,1524044,2931222
hqc128,sphincs128s-sphincs128s-hqc128,1322922,1314960,1351421,663886,1477792,2897432
hqc128,sphincs128s-sphincs128s-hqc128,1322928,1314949,1340771,663885,1476829,2879463
hqc128,sphincs128s-sphincs128s-hqc128,1322882,1314936,1342886,663894,1515596,2912149
hqc128,sphincs128s-sphincs128s-hqc128,1322939,1314965,1343438,663859,1514238,2910798
hqc128,sphincs128s-sphincs128s-hqc128,1322905,1314964,1342711,663855,1516001,2913772
hqc128,sphincs128s-sphincs128s-hqc128,1322921,1314957,1342717,663913,1489204,2886518
hqc128,sphincs128s-sphincs128s-hqc128,1322892,1314945,1351211,663887,1484685,2890977
hqc128,sphincs128s-sphincs128s-hqc128,1322902,1314951,1343685,663910,1527206,2923512
hqc128,sphincs128s-sphincs128s-hqc128,1322915,1314939,1348570,663925,1519220,2963184
hqc128,sphincs128s-sphincs128s-hqc128,1322902,1314945,1340008,663911,1543533,2959683
hqc128,sphincs128s-sphincs128s-hqc128,1322907,1314967,1363975,663909,1519444,2965371
hqc128,sphincs128s-sphincs128s-hqc128,1322960,1314954,1339599,663882,1578180,2972833
hqc128,sphincs128s-sphincs128s-hqc128,1322899,1314938,1348891,663907,1476243,2877956
hqc128,sphincs128s-sphincs128s-hqc128,1322890,1314923,1342481,663863,1516056,2912111
hqc128,sphincs128s-sphincs128s-hqc128,1322929,1314960,1339928,663911,1522797,2915545
hqc128,sphincs128s-sphincs128s-hqc128,1322845,1314935,1339511,663861,1482280,2874805
hqc128,sphincs128s-sphincs128s-hqc128,1323310,1314956,1345541,663907,1475695,2874364
hqc128,sphincs128s-sphincs128s-hqc128,1322894,1314941,1339880,663918,1516890,2917529
hqc128,sphincs128s-sphincs128s-hqc128,1322915,1314955,1343060,663832,1588383,2984265
hqc128,sphincs128s-sphincs128s-hqc128,1322942,1314945,1341341,663837,1488139,2886195
hqc128,sphincs128s-sphincs128s-hqc128,1322908,1314927,1339504,663917,1516650,2908538
hqc128,sphincs128s-sphincs128s-hqc128,1322919,1314944,1342477,663900,1479785,2880484
hqc128,sphincs128s-sphincs128s-hqc128,1322883,1314947,1340231,663890,1518739,2935778
hqc128,sphincs128s-sphincs128s-hqc128,1322896,1314945,1339063,663946,1476625,2868054
hqc128,sphincs128s-sphincs128s-hqc128,1322897,1314961,1339270,663923,1476404,2868206
hqc128,sphincs128s-sphincs128s-hqc128,1322896,1314926,1339887,663871,1517268,2925376
hqc128,sphincs128s-sphincs128s-hqc128,1322904,1314960,1342370,663950,1515047,2912069
hqc128,sphincs128s-sphincs128s-hqc128,1322939,1314970,1343109,663933,1540887,2936274
hqc128,sphincs128s-sphincs128s-hqc128,1322927,1314961,1348258,663931,1518997,2918405
hqc128,sphincs128s-sphincs128s-hqc128,1322888,1314927,1343866,663888,1498249,2905366
hqc128,sphincs128s-sphincs128s-hqc128,1322872,1314958,1341075,663875,1571950,2967015
hqc128,sphincs128s-sphincs128s-hqc128,1322907,1314947,1344314,663848,1478816,2875281
hqc128,sphincs128s-sphincs128s-hqc128,1322908,1314939,1345273,663871,1525396,2926812
hqc128,sphincs128s-sphincs128s-hqc128,1322887,1314961,1339365,663819,1483643,2874896
hqc128,sphincs128s-sphincs128s-hqc128,1322892,1314945,1342978,663877,1518370,2915934
hqc128,sphincs128s-sphincs128s-hqc128,1322909,1314954,1339703,663901,1476150,2871385
hqc128,sphincs128s-sphincs128s-hqc128,1322984,1314967,1344658,663849,1477554,2877021
hqc128,sphincs128s-sphincs128s-hqc128,1322879,1314948,1344497,663880,1475730,2873737
hqc128,sphincs128s-sphincs128s-hqc128,1322889,1314934,1340180,663895,1540357,2932529
hqc128,sphincs128s-sphincs128s-hqc128,1322885,1314956,1340189,663904,1482599,2875001
hqc128,sphincs128s-sphincs128s-hqc128,1322897,1314933,1340179,663865,1477636,2871555
hqc128,sphincs128s-sphincs128s-hqc128,1322876,1314953,1339267,663888,1517395,2910517
hqc128,sphincs128s-sphincs128s-hqc128,1322927,1314964,1341262,663926,1475531,2889037
hqc128,sphincs128s-sphincs128s-hqc128,1322924,1314960,1339999,663945,1515303,2906564
hqc128,sphincs128s-sphincs128s-hqc128,1322922,1314942,1343511,663920,1479950,2875002
hqc128,sphincs128s-sphincs128s-hqc128,1322882,1314957,1343700,663851,1522328,2918341
hqc128,sphincs128s-sphincs128s-hqc128,1322935,1314980,1344760,663842,1516618,2914307
hqc128,sphincs128s-sphincs128s-hqc128,1322891,1314950,1340590,663889,1514974,2909340
hqc128,sphincs128s-sphincs128s-hqc128,1322920,1314943,1340782,663879,1525544,2918650
hqc128,sphincs128s-sphincs128s-hqc128,1322917,1315001,1341150,663815,1517103,2914717
hqc128,sphincs128s-sphincs128s-hqc128,1323510,1314942,1337942,663884,1635025,3029839
hqc128,sphincs128s-sphincs128s-hqc128,1322830,1314943,1358947,663854,1516057,2938297
hqc128,sphincs128s-sphincs128s-hqc128,1322917,1314941,1344696,663882,1516226,2914365
hqc128,sphincs128s-sphincs128s-hqc128,1322903,1314950,1339413,663862,1476288,2869161
hqc128,sphincs128s-sphincs128s-hqc128,1322968,1314974,1341227,663915,1481173,2889690
hqc128,sphincs128s-sphincs128s-hqc128,1322864,1314941,1343924,663914,1527589,2925534
hqc128,sphincs128s-sphincs128s-hqc128,1322937,1314931,1343435,663914,1527747,2930128
hqc128,sphincs128s-sphincs128s-hqc128,1322874,1314938,1343762,663932,1478476,2874899
hqc128,sphincs128s-sphincs128s-hqc128,1322928,1314970,1340554,663930,1515690,2909394
